-- phpMyAdmin SQL Dump
-- version 4.7.0
-- https://www.phpmyadmin.net/
--
-- Host: localhost
-- Generation Time: Aug 06, 2018 at 11:15 AM
-- Server version: 10.1.25-MariaDB
-- PHP Version: 7.0.21

SET SQL_MODE = "NO_AUTO_VALUE_ON_ZERO";
SET AUTOCOMMIT = 0;
START TRANSACTION;
SET time_zone = "+00:00";


/*!40101 SET @OLD_CHARACTER_SET_CLIENT=@@CHARACTER_SET_CLIENT */;
/*!40101 SET @OLD_CHARACTER_SET_RESULTS=@@CHARACTER_SET_RESULTS */;
/*!40101 SET @OLD_COLLATION_CONNECTION=@@COLLATION_CONNECTION */;
/*!40101 SET NAMES utf8mb4 */;

--
-- Database: `diamondtrail`
--

-- --------------------------------------------------------

--
-- Table structure for table `admin`
--

CREATE TABLE `admin` (
  `id` int(11) NOT NULL,
  `first_name` varchar(100) NOT NULL,
  `last_name` varchar(100) NOT NULL,
  `username` varchar(100) NOT NULL,
  `email` varchar(100) NOT NULL,
  `password` varchar(100) NOT NULL,
  `password_string` text,
  `profile_pic` text,
  `remember_token` text,
  `created_at` datetime NOT NULL,
  `updated_at` datetime NOT NULL
) ENGINE=InnoDB DEFAULT CHARSET=latin1;

--
-- Dumping data for table `admin`
--

INSERT INTO `admin` (`id`, `first_name`, `last_name`, `username`, `email`, `password`, `password_string`, `profile_pic`, `remember_token`, `created_at`, `updated_at`) VALUES
(1, 'Alexander', 'Pierce', 'admin', 'admin@gmail.com', '$2y$10$gSNWYG4GsnZ4xia/aXcXCeDxrkGMoFy64VeadcijugILFgcSiMPDK', 'admin123', '1532322542profileimg.jpg', 'u1qYf5E5loBytwed1izuiWIvlfjHewstyu6PzH3LtyRXhkpLJWRAtiOXzbVQ', '0000-00-00 00:00:00', '2018-07-27 05:48:34');

-- --------------------------------------------------------

--
-- Table structure for table `brands`
--

CREATE TABLE `brands` (
  `id` int(11) NOT NULL,
  `label` varchar(30) NOT NULL,
  `created_at` timestamp NOT NULL DEFAULT CURRENT_TIMESTAMP ON UPDATE CURRENT_TIMESTAMP,
  `updated_at` timestamp NOT NULL DEFAULT '0000-00-00 00:00:00'
) ENGINE=InnoDB DEFAULT CHARSET=latin1;

--
-- Dumping data for table `brands`
--

INSERT INTO `brands` (`id`, `label`, `created_at`, `updated_at`) VALUES
(1, 'ANY', '2018-06-26 03:47:15', '0000-00-00 00:00:00'),
(2, 'FMK', '2018-06-26 03:47:35', '0000-00-00 00:00:00'),
(3, 'CMK', '2018-06-26 03:47:44', '0000-00-00 00:00:00'),
(4, 'HOF', '2018-06-25 12:14:56', '0000-00-00 00:00:00'),
(5, 'Other', '2018-06-25 12:15:10', '0000-00-00 00:00:00'),
(6, 'None', '2018-06-25 12:15:10', '0000-00-00 00:00:00');

-- --------------------------------------------------------

--
-- Table structure for table `certification_laboratories`
--

CREATE TABLE `certification_laboratories` (
  `id` int(10) UNSIGNED NOT NULL,
  `label` varchar(191) COLLATE utf8mb4_unicode_ci NOT NULL,
  `deleted_at` timestamp NULL DEFAULT NULL,
  `created_at` timestamp NULL DEFAULT CURRENT_TIMESTAMP,
  `updated_at` timestamp NULL DEFAULT NULL
) ENGINE=InnoDB DEFAULT CHARSET=utf8mb4 COLLATE=utf8mb4_unicode_ci;

--
-- Dumping data for table `certification_laboratories`
--

INSERT INTO `certification_laboratories` (`id`, `label`, `deleted_at`, `created_at`, `updated_at`) VALUES
(1, 'ALL', NULL, '2018-06-26 03:51:36', NULL),
(2, 'GIA', NULL, '2018-06-26 03:51:36', NULL),
(3, 'IGI', NULL, '2018-06-26 03:51:53', NULL),
(4, 'HRD', NULL, '2018-06-26 03:51:53', NULL),
(5, 'EGL', NULL, '2018-06-26 03:53:29', NULL),
(6, 'AGS', NULL, '2018-06-26 03:53:29', NULL),
(7, 'OTHER', NULL, '2018-06-26 03:53:42', NULL);

-- --------------------------------------------------------

--
-- Table structure for table `clarity_types`
--

CREATE TABLE `clarity_types` (
  `id` int(10) UNSIGNED NOT NULL,
  `label` varchar(191) COLLATE utf8mb4_unicode_ci NOT NULL,
  `deleted_at` timestamp NULL DEFAULT NULL,
  `created_at` timestamp NULL DEFAULT NULL,
  `updated_at` timestamp NULL DEFAULT NULL
) ENGINE=InnoDB DEFAULT CHARSET=utf8mb4 COLLATE=utf8mb4_unicode_ci;

--
-- Dumping data for table `clarity_types`
--

INSERT INTO `clarity_types` (`id`, `label`, `deleted_at`, `created_at`, `updated_at`) VALUES
(1, 'IF', NULL, '2017-05-17 05:15:48', NULL),
(2, 'VVS1', NULL, '2017-05-17 05:15:56', NULL),
(3, 'VVS2', NULL, '2017-05-17 05:15:59', NULL),
(4, 'VS1', NULL, '2017-05-17 05:16:01', NULL),
(5, 'VS2', NULL, '2017-05-17 05:16:02', NULL),
(6, 'SI1', NULL, '2017-05-17 05:16:03', NULL),
(7, 'I1', NULL, '2017-05-17 05:16:06', NULL),
(8, 'I2', NULL, '2017-05-17 05:16:07', NULL);

-- --------------------------------------------------------

--
-- Table structure for table `colors`
--

CREATE TABLE `colors` (
  `id` int(10) UNSIGNED NOT NULL,
  `label` varchar(191) COLLATE utf8mb4_unicode_ci NOT NULL,
  `is_fancy_color` int(11) NOT NULL,
  `deleted_at` timestamp NULL DEFAULT NULL,
  `created_at` timestamp NULL DEFAULT NULL,
  `updated_at` timestamp NULL DEFAULT NULL
) ENGINE=InnoDB DEFAULT CHARSET=utf8mb4 COLLATE=utf8mb4_unicode_ci;

--
-- Dumping data for table `colors`
--

INSERT INTO `colors` (`id`, `label`, `is_fancy_color`, `deleted_at`, `created_at`, `updated_at`) VALUES
(1, 'D', 0, NULL, '2017-05-17 05:17:23', NULL),
(2, 'E', 0, NULL, '2017-05-17 05:17:25', NULL),
(3, 'F', 0, NULL, '2017-05-17 05:17:26', NULL),
(4, 'G', 0, NULL, '2017-05-17 05:17:27', NULL),
(5, 'H', 0, NULL, '2017-05-17 05:17:27', NULL),
(6, 'I', 0, NULL, '2017-05-17 05:17:28', NULL),
(7, 'J', 0, NULL, '2017-05-17 05:17:29', NULL),
(8, 'K', 0, NULL, '2017-05-17 05:17:30', NULL),
(9, 'L', 0, NULL, NULL, NULL),
(10, 'M', 0, NULL, NULL, NULL),
(11, 'N', 0, NULL, NULL, NULL),
(12, 'Z', 0, NULL, NULL, NULL),
(13, 'Blue', 1, '0000-00-00 00:00:00', '0000-00-00 00:00:00', NULL),
(14, 'Brown', 1, NULL, NULL, NULL),
(15, 'Green', 1, NULL, NULL, NULL),
(16, 'Orange', 1, NULL, NULL, NULL),
(17, 'Pink', 1, NULL, NULL, NULL),
(18, 'Purple', 1, NULL, NULL, NULL),
(19, 'Red', 1, NULL, NULL, NULL),
(20, 'Yellow', 1, NULL, NULL, NULL);

-- --------------------------------------------------------

--
-- Table structure for table `company_type`
--

CREATE TABLE `company_type` (
  `id` int(11) NOT NULL,
  `name` varchar(100) NOT NULL,
  `created_at` datetime DEFAULT NULL,
  `updated_at` datetime DEFAULT NULL
) ENGINE=InnoDB DEFAULT CHARSET=latin1;

--
-- Dumping data for table `company_type`
--

INSERT INTO `company_type` (`id`, `name`, `created_at`, `updated_at`) VALUES
(1, 'Diamond Manufacturer', '2018-06-22 00:00:00', '0000-00-00 00:00:00'),
(2, 'Polished Wholesaler', '2018-06-22 00:00:00', '0000-00-00 00:00:00'),
(3, 'Retailer', '2018-06-22 00:00:00', '0000-00-00 00:00:00'),
(4, 'Online Retailer', '2018-06-22 00:00:00', '0000-00-00 00:00:00'),
(5, 'Jewellery Manufacturer', '2018-06-22 00:00:00', '0000-00-00 00:00:00'),
(6, 'Other', '2018-07-16 00:00:00', NULL);

-- --------------------------------------------------------

--
-- Table structure for table `contact_us`
--

CREATE TABLE `contact_us` (
  `id` int(11) NOT NULL,
  `company_name` varchar(100) NOT NULL,
  `full_name` varchar(100) NOT NULL,
  `email` varchar(100) NOT NULL,
  `phone_no` bigint(20) NOT NULL,
  `subject` varchar(200) NOT NULL,
  `message` text NOT NULL,
  `created_at` datetime NOT NULL,
  `updated_at` datetime NOT NULL DEFAULT CURRENT_TIMESTAMP
) ENGINE=InnoDB DEFAULT CHARSET=latin1;

--
-- Dumping data for table `contact_us`
--

INSERT INTO `contact_us` (`id`, `company_name`, `full_name`, `email`, `phone_no`, `subject`, `message`, `created_at`, `updated_at`) VALUES
(1, 'test', 'test', 'devdyna@gmail.com', 1234567895, 'test contact us', 'test', '2018-07-26 08:42:48', '2018-07-26 08:42:48');

-- --------------------------------------------------------

--
-- Table structure for table `countries`
--

CREATE TABLE `countries` (
  `id` int(11) NOT NULL,
  `name` varchar(3) NOT NULL,
  `abbreviation` varchar(150) NOT NULL,
  `phonecode` int(11) NOT NULL,
  `created_at` timestamp NOT NULL DEFAULT CURRENT_TIMESTAMP ON UPDATE CURRENT_TIMESTAMP,
  `updated_at` timestamp NOT NULL DEFAULT '0000-00-00 00:00:00'
) ENGINE=InnoDB DEFAULT CHARSET=utf8;

--
-- Dumping data for table `countries`
--

INSERT INTO `countries` (`id`, `name`, `abbreviation`, `phonecode`, `created_at`, `updated_at`) VALUES
(1, 'AF', 'Afghanistan', 93, '2018-06-20 06:00:43', '0000-00-00 00:00:00'),
(2, 'AL', 'Albania', 355, '2018-06-20 06:00:43', '0000-00-00 00:00:00'),
(3, 'DZ', 'Algeria', 213, '2018-06-20 06:00:43', '0000-00-00 00:00:00'),
(4, 'AS', 'American Samoa', 1684, '2018-06-20 06:00:43', '0000-00-00 00:00:00'),
(5, 'AD', 'Andorra', 376, '2018-06-20 06:00:43', '0000-00-00 00:00:00'),
(6, 'AO', 'Angola', 244, '2018-06-20 06:00:43', '0000-00-00 00:00:00'),
(7, 'AI', 'Anguilla', 1264, '2018-06-20 06:00:43', '0000-00-00 00:00:00'),
(8, 'AQ', 'Antarctica', 0, '2018-06-20 06:00:43', '0000-00-00 00:00:00'),
(9, 'AG', 'Antigua And Barbuda', 1268, '2018-06-20 06:00:43', '0000-00-00 00:00:00'),
(10, 'AR', 'Argentina', 54, '2018-06-20 06:00:43', '0000-00-00 00:00:00'),
(11, 'AM', 'Armenia', 374, '2018-06-20 06:00:43', '0000-00-00 00:00:00'),
(12, 'AW', 'Aruba', 297, '2018-06-20 06:00:43', '0000-00-00 00:00:00'),
(13, 'AU', 'Australia', 61, '2018-06-20 06:00:43', '0000-00-00 00:00:00'),
(14, 'AT', 'Austria', 43, '2018-06-20 06:00:43', '0000-00-00 00:00:00'),
(15, 'AZ', 'Azerbaijan', 994, '2018-06-20 06:00:43', '0000-00-00 00:00:00'),
(16, 'BS', 'Bahamas The', 1242, '2018-06-20 06:00:43', '0000-00-00 00:00:00'),
(17, 'BH', 'Bahrain', 973, '2018-06-20 06:00:43', '0000-00-00 00:00:00'),
(18, 'BD', 'Bangladesh', 880, '2018-06-20 06:00:43', '0000-00-00 00:00:00'),
(19, 'BB', 'Barbados', 1246, '2018-06-20 06:00:43', '0000-00-00 00:00:00'),
(20, 'BY', 'Belarus', 375, '2018-06-20 06:00:43', '0000-00-00 00:00:00'),
(21, 'BE', 'Belgium', 32, '2018-06-20 06:00:43', '0000-00-00 00:00:00'),
(22, 'BZ', 'Belize', 501, '2018-06-20 06:00:43', '0000-00-00 00:00:00'),
(23, 'BJ', 'Benin', 229, '2018-06-20 06:00:43', '0000-00-00 00:00:00'),
(24, 'BM', 'Bermuda', 1441, '2018-06-20 06:00:43', '0000-00-00 00:00:00'),
(25, 'BT', 'Bhutan', 975, '2018-06-20 06:00:43', '0000-00-00 00:00:00'),
(26, 'BO', 'Bolivia', 591, '2018-06-20 06:00:43', '0000-00-00 00:00:00'),
(27, 'BA', 'Bosnia and Herzegovina', 387, '2018-06-20 06:00:43', '0000-00-00 00:00:00'),
(28, 'BW', 'Botswana', 267, '2018-06-20 06:00:43', '0000-00-00 00:00:00'),
(29, 'BV', 'Bouvet Island', 0, '2018-06-20 06:00:43', '0000-00-00 00:00:00'),
(30, 'BR', 'Brazil', 55, '2018-06-20 06:00:43', '0000-00-00 00:00:00'),
(31, 'IO', 'British Indian Ocean Territory', 246, '2018-06-20 06:00:43', '0000-00-00 00:00:00'),
(32, 'BN', 'Brunei', 673, '2018-06-20 06:00:43', '0000-00-00 00:00:00'),
(33, 'BG', 'Bulgaria', 359, '2018-06-20 06:00:43', '0000-00-00 00:00:00'),
(34, 'BF', 'Burkina Faso', 226, '2018-06-20 06:00:43', '0000-00-00 00:00:00'),
(35, 'BI', 'Burundi', 257, '2018-06-20 06:00:43', '0000-00-00 00:00:00'),
(36, 'KH', 'Cambodia', 855, '2018-06-20 06:00:43', '0000-00-00 00:00:00'),
(37, 'CM', 'Cameroon', 237, '2018-06-20 06:00:43', '0000-00-00 00:00:00'),
(38, 'CA', 'Canada', 1, '2018-06-20 06:00:43', '0000-00-00 00:00:00'),
(39, 'CV', 'Cape Verde', 238, '2018-06-20 06:00:43', '0000-00-00 00:00:00'),
(40, 'KY', 'Cayman Islands', 1345, '2018-06-20 06:00:43', '0000-00-00 00:00:00'),
(41, 'CF', 'Central African Republic', 236, '2018-06-20 06:00:43', '0000-00-00 00:00:00'),
(42, 'TD', 'Chad', 235, '2018-06-20 06:00:43', '0000-00-00 00:00:00'),
(43, 'CL', 'Chile', 56, '2018-06-20 06:00:43', '0000-00-00 00:00:00'),
(44, 'CN', 'China', 86, '2018-06-20 06:00:43', '0000-00-00 00:00:00'),
(45, 'CX', 'Christmas Island', 61, '2018-06-20 06:00:43', '0000-00-00 00:00:00'),
(46, 'CC', 'Cocos (Keeling) Islands', 672, '2018-06-20 06:00:43', '0000-00-00 00:00:00'),
(47, 'CO', 'Colombia', 57, '2018-06-20 06:00:43', '0000-00-00 00:00:00'),
(48, 'KM', 'Comoros', 269, '2018-06-20 06:00:43', '0000-00-00 00:00:00'),
(49, 'CG', 'Republic Of The Congo', 242, '2018-06-20 06:00:43', '0000-00-00 00:00:00'),
(50, 'CD', 'Democratic Republic Of The Congo', 242, '2018-06-20 06:00:43', '0000-00-00 00:00:00'),
(51, 'CK', 'Cook Islands', 682, '2018-06-20 06:00:43', '0000-00-00 00:00:00'),
(52, 'CR', 'Costa Rica', 506, '2018-06-20 06:00:43', '0000-00-00 00:00:00'),
(53, 'CI', 'Cote D\'Ivoire (Ivory Coast)', 225, '2018-06-20 06:00:43', '0000-00-00 00:00:00'),
(54, 'HR', 'Croatia (Hrvatska)', 385, '2018-06-20 06:00:43', '0000-00-00 00:00:00'),
(55, 'CU', 'Cuba', 53, '2018-06-20 06:00:43', '0000-00-00 00:00:00'),
(56, 'CY', 'Cyprus', 357, '2018-06-20 06:00:43', '0000-00-00 00:00:00'),
(57, 'CZ', 'Czech Republic', 420, '2018-06-20 06:00:43', '0000-00-00 00:00:00'),
(58, 'DK', 'Denmark', 45, '2018-06-20 06:00:43', '0000-00-00 00:00:00'),
(59, 'DJ', 'Djibouti', 253, '2018-06-20 06:00:43', '0000-00-00 00:00:00'),
(60, 'DM', 'Dominica', 1767, '2018-06-20 06:00:43', '0000-00-00 00:00:00'),
(61, 'DO', 'Dominican Republic', 1809, '2018-06-20 06:00:43', '0000-00-00 00:00:00'),
(62, 'TP', 'East Timor', 670, '2018-06-20 06:00:43', '0000-00-00 00:00:00'),
(63, 'EC', 'Ecuador', 593, '2018-06-20 06:00:43', '0000-00-00 00:00:00'),
(64, 'EG', 'Egypt', 20, '2018-06-20 06:00:43', '0000-00-00 00:00:00'),
(65, 'SV', 'El Salvador', 503, '2018-06-20 06:00:43', '0000-00-00 00:00:00'),
(66, 'GQ', 'Equatorial Guinea', 240, '2018-06-20 06:00:43', '0000-00-00 00:00:00'),
(67, 'ER', 'Eritrea', 291, '2018-06-20 06:00:43', '0000-00-00 00:00:00'),
(68, 'EE', 'Estonia', 372, '2018-06-20 06:00:43', '0000-00-00 00:00:00'),
(69, 'ET', 'Ethiopia', 251, '2018-06-20 06:00:43', '0000-00-00 00:00:00'),
(70, 'XA', 'External Territories of Australia', 61, '2018-06-20 06:00:43', '0000-00-00 00:00:00'),
(71, 'FK', 'Falkland Islands', 500, '2018-06-20 06:00:43', '0000-00-00 00:00:00'),
(72, 'FO', 'Faroe Islands', 298, '2018-06-20 06:00:43', '0000-00-00 00:00:00'),
(73, 'FJ', 'Fiji Islands', 679, '2018-06-20 06:00:43', '0000-00-00 00:00:00'),
(74, 'FI', 'Finland', 358, '2018-06-20 06:00:43', '0000-00-00 00:00:00'),
(75, 'FR', 'France', 33, '2018-06-20 06:00:43', '0000-00-00 00:00:00'),
(76, 'GF', 'French Guiana', 594, '2018-06-20 06:00:43', '0000-00-00 00:00:00'),
(77, 'PF', 'French Polynesia', 689, '2018-06-20 06:00:43', '0000-00-00 00:00:00'),
(78, 'TF', 'French Southern Territories', 0, '2018-06-20 06:00:43', '0000-00-00 00:00:00'),
(79, 'GA', 'Gabon', 241, '2018-06-20 06:00:43', '0000-00-00 00:00:00'),
(80, 'GM', 'Gambia The', 220, '2018-06-20 06:00:43', '0000-00-00 00:00:00'),
(81, 'GE', 'Georgia', 995, '2018-06-20 06:00:43', '0000-00-00 00:00:00'),
(82, 'DE', 'Germany', 49, '2018-06-20 06:00:43', '0000-00-00 00:00:00'),
(83, 'GH', 'Ghana', 233, '2018-06-20 06:00:43', '0000-00-00 00:00:00'),
(84, 'GI', 'Gibraltar', 350, '2018-06-20 06:00:43', '0000-00-00 00:00:00'),
(85, 'GR', 'Greece', 30, '2018-06-20 06:00:43', '0000-00-00 00:00:00'),
(86, 'GL', 'Greenland', 299, '2018-06-20 06:00:43', '0000-00-00 00:00:00'),
(87, 'GD', 'Grenada', 1473, '2018-06-20 06:00:43', '0000-00-00 00:00:00'),
(88, 'GP', 'Guadeloupe', 590, '2018-06-20 06:00:43', '0000-00-00 00:00:00'),
(89, 'GU', 'Guam', 1671, '2018-06-20 06:00:43', '0000-00-00 00:00:00'),
(90, 'GT', 'Guatemala', 502, '2018-06-20 06:00:43', '0000-00-00 00:00:00'),
(91, 'XU', 'Guernsey and Alderney', 44, '2018-06-20 06:00:43', '0000-00-00 00:00:00'),
(92, 'GN', 'Guinea', 224, '2018-06-20 06:00:43', '0000-00-00 00:00:00'),
(93, 'GW', 'Guinea-Bissau', 245, '2018-06-20 06:00:43', '0000-00-00 00:00:00'),
(94, 'GY', 'Guyana', 592, '2018-06-20 06:00:43', '0000-00-00 00:00:00'),
(95, 'HT', 'Haiti', 509, '2018-06-20 06:00:43', '0000-00-00 00:00:00'),
(96, 'HM', 'Heard and McDonald Islands', 0, '2018-06-20 06:00:43', '0000-00-00 00:00:00'),
(97, 'HN', 'Honduras', 504, '2018-06-20 06:00:43', '0000-00-00 00:00:00'),
(98, 'HK', 'Hong Kong S.A.R.', 852, '2018-06-20 06:00:43', '0000-00-00 00:00:00'),
(99, 'HU', 'Hungary', 36, '2018-06-20 06:00:43', '0000-00-00 00:00:00'),
(100, 'IS', 'Iceland', 354, '2018-06-20 06:00:43', '0000-00-00 00:00:00'),
(101, 'IN', 'India', 91, '2018-06-20 06:00:43', '0000-00-00 00:00:00'),
(102, 'ID', 'Indonesia', 62, '2018-06-20 06:00:43', '0000-00-00 00:00:00'),
(103, 'IR', 'Iran', 98, '2018-06-20 06:00:43', '0000-00-00 00:00:00'),
(104, 'IQ', 'Iraq', 964, '2018-06-20 06:00:43', '0000-00-00 00:00:00'),
(105, 'IE', 'Ireland', 353, '2018-06-20 06:00:43', '0000-00-00 00:00:00'),
(106, 'IL', 'Israel', 972, '2018-06-20 06:00:43', '0000-00-00 00:00:00'),
(107, 'IT', 'Italy', 39, '2018-06-20 06:00:43', '0000-00-00 00:00:00'),
(108, 'JM', 'Jamaica', 1876, '2018-06-20 06:00:43', '0000-00-00 00:00:00'),
(109, 'JP', 'Japan', 81, '2018-06-20 06:00:43', '0000-00-00 00:00:00'),
(110, 'XJ', 'Jersey', 44, '2018-06-20 06:00:43', '0000-00-00 00:00:00'),
(111, 'JO', 'Jordan', 962, '2018-06-20 06:00:43', '0000-00-00 00:00:00'),
(112, 'KZ', 'Kazakhstan', 7, '2018-06-20 06:00:43', '0000-00-00 00:00:00'),
(113, 'KE', 'Kenya', 254, '2018-06-20 06:00:43', '0000-00-00 00:00:00'),
(114, 'KI', 'Kiribati', 686, '2018-06-20 06:00:43', '0000-00-00 00:00:00'),
(115, 'KP', 'Korea North', 850, '2018-06-20 06:00:43', '0000-00-00 00:00:00'),
(116, 'KR', 'Korea South', 82, '2018-06-20 06:00:43', '0000-00-00 00:00:00'),
(117, 'KW', 'Kuwait', 965, '2018-06-20 06:00:43', '0000-00-00 00:00:00'),
(118, 'KG', 'Kyrgyzstan', 996, '2018-06-20 06:00:43', '0000-00-00 00:00:00'),
(119, 'LA', 'Laos', 856, '2018-06-20 06:00:43', '0000-00-00 00:00:00'),
(120, 'LV', 'Latvia', 371, '2018-06-20 06:00:43', '0000-00-00 00:00:00'),
(121, 'LB', 'Lebanon', 961, '2018-06-20 06:00:43', '0000-00-00 00:00:00'),
(122, 'LS', 'Lesotho', 266, '2018-06-20 06:00:43', '0000-00-00 00:00:00'),
(123, 'LR', 'Liberia', 231, '2018-06-20 06:00:43', '0000-00-00 00:00:00'),
(124, 'LY', 'Libya', 218, '2018-06-20 06:00:43', '0000-00-00 00:00:00'),
(125, 'LI', 'Liechtenstein', 423, '2018-06-20 06:00:43', '0000-00-00 00:00:00'),
(126, 'LT', 'Lithuania', 370, '2018-06-20 06:00:43', '0000-00-00 00:00:00'),
(127, 'LU', 'Luxembourg', 352, '2018-06-20 06:00:43', '0000-00-00 00:00:00'),
(128, 'MO', 'Macau S.A.R.', 853, '2018-06-20 06:00:43', '0000-00-00 00:00:00'),
(129, 'MK', 'Macedonia', 389, '2018-06-20 06:00:43', '0000-00-00 00:00:00'),
(130, 'MG', 'Madagascar', 261, '2018-06-20 06:00:43', '0000-00-00 00:00:00'),
(131, 'MW', 'Malawi', 265, '2018-06-20 06:00:43', '0000-00-00 00:00:00'),
(132, 'MY', 'Malaysia', 60, '2018-06-20 06:00:43', '0000-00-00 00:00:00'),
(133, 'MV', 'Maldives', 960, '2018-06-20 06:00:43', '0000-00-00 00:00:00'),
(134, 'ML', 'Mali', 223, '2018-06-20 06:00:43', '0000-00-00 00:00:00'),
(135, 'MT', 'Malta', 356, '2018-06-20 06:00:43', '0000-00-00 00:00:00'),
(136, 'XM', 'Man (Isle of)', 44, '2018-06-20 06:00:43', '0000-00-00 00:00:00'),
(137, 'MH', 'Marshall Islands', 692, '2018-06-20 06:00:43', '0000-00-00 00:00:00'),
(138, 'MQ', 'Martinique', 596, '2018-06-20 06:00:43', '0000-00-00 00:00:00'),
(139, 'MR', 'Mauritania', 222, '2018-06-20 06:00:43', '0000-00-00 00:00:00'),
(140, 'MU', 'Mauritius', 230, '2018-06-20 06:00:43', '0000-00-00 00:00:00'),
(141, 'YT', 'Mayotte', 269, '2018-06-20 06:00:43', '0000-00-00 00:00:00'),
(142, 'MX', 'Mexico', 52, '2018-06-20 06:00:43', '0000-00-00 00:00:00'),
(143, 'FM', 'Micronesia', 691, '2018-06-20 06:00:43', '0000-00-00 00:00:00'),
(144, 'MD', 'Moldova', 373, '2018-06-20 06:00:43', '0000-00-00 00:00:00'),
(145, 'MC', 'Monaco', 377, '2018-06-20 06:00:43', '0000-00-00 00:00:00'),
(146, 'MN', 'Mongolia', 976, '2018-06-20 06:00:43', '0000-00-00 00:00:00'),
(147, 'MS', 'Montserrat', 1664, '2018-06-20 06:00:43', '0000-00-00 00:00:00'),
(148, 'MA', 'Morocco', 212, '2018-06-20 06:00:43', '0000-00-00 00:00:00'),
(149, 'MZ', 'Mozambique', 258, '2018-06-20 06:00:43', '0000-00-00 00:00:00'),
(150, 'MM', 'Myanmar', 95, '2018-06-20 06:00:43', '0000-00-00 00:00:00'),
(151, 'NA', 'Namibia', 264, '2018-06-20 06:00:43', '0000-00-00 00:00:00'),
(152, 'NR', 'Nauru', 674, '2018-06-20 06:00:43', '0000-00-00 00:00:00'),
(153, 'NP', 'Nepal', 977, '2018-06-20 06:00:43', '0000-00-00 00:00:00'),
(154, 'AN', 'Netherlands Antilles', 599, '2018-06-20 06:00:43', '0000-00-00 00:00:00'),
(155, 'NL', 'Netherlands The', 31, '2018-06-20 06:00:43', '0000-00-00 00:00:00'),
(156, 'NC', 'New Caledonia', 687, '2018-06-20 06:00:43', '0000-00-00 00:00:00'),
(157, 'NZ', 'New Zealand', 64, '2018-06-20 06:00:43', '0000-00-00 00:00:00'),
(158, 'NI', 'Nicaragua', 505, '2018-06-20 06:00:43', '0000-00-00 00:00:00'),
(159, 'NE', 'Niger', 227, '2018-06-20 06:00:43', '0000-00-00 00:00:00'),
(160, 'NG', 'Nigeria', 234, '2018-06-20 06:00:43', '0000-00-00 00:00:00'),
(161, 'NU', 'Niue', 683, '2018-06-20 06:00:43', '0000-00-00 00:00:00'),
(162, 'NF', 'Norfolk Island', 672, '2018-06-20 06:00:43', '0000-00-00 00:00:00'),
(163, 'MP', 'Northern Mariana Islands', 1670, '2018-06-20 06:00:43', '0000-00-00 00:00:00'),
(164, 'NO', 'Norway', 47, '2018-06-20 06:00:43', '0000-00-00 00:00:00'),
(165, 'OM', 'Oman', 968, '2018-06-20 06:00:43', '0000-00-00 00:00:00'),
(166, 'PK', 'Pakistan', 92, '2018-06-20 06:00:43', '0000-00-00 00:00:00'),
(167, 'PW', 'Palau', 680, '2018-06-20 06:00:43', '0000-00-00 00:00:00'),
(168, 'PS', 'Palestinian Territory Occupied', 970, '2018-06-20 06:00:43', '0000-00-00 00:00:00'),
(169, 'PA', 'Panama', 507, '2018-06-20 06:00:43', '0000-00-00 00:00:00'),
(170, 'PG', 'Papua new Guinea', 675, '2018-06-20 06:00:43', '0000-00-00 00:00:00'),
(171, 'PY', 'Paraguay', 595, '2018-06-20 06:00:43', '0000-00-00 00:00:00'),
(172, 'PE', 'Peru', 51, '2018-06-20 06:00:43', '0000-00-00 00:00:00'),
(173, 'PH', 'Philippines', 63, '2018-06-20 06:00:43', '0000-00-00 00:00:00'),
(174, 'PN', 'Pitcairn Island', 0, '2018-06-20 06:00:43', '0000-00-00 00:00:00'),
(175, 'PL', 'Poland', 48, '2018-06-20 06:00:43', '0000-00-00 00:00:00'),
(176, 'PT', 'Portugal', 351, '2018-06-20 06:00:43', '0000-00-00 00:00:00'),
(177, 'PR', 'Puerto Rico', 1787, '2018-06-20 06:00:43', '0000-00-00 00:00:00'),
(178, 'QA', 'Qatar', 974, '2018-06-20 06:00:43', '0000-00-00 00:00:00'),
(179, 'RE', 'Reunion', 262, '2018-06-20 06:00:43', '0000-00-00 00:00:00'),
(180, 'RO', 'Romania', 40, '2018-06-20 06:00:43', '0000-00-00 00:00:00'),
(181, 'RU', 'Russia', 70, '2018-06-20 06:00:43', '0000-00-00 00:00:00'),
(182, 'RW', 'Rwanda', 250, '2018-06-20 06:00:43', '0000-00-00 00:00:00'),
(183, 'SH', 'Saint Helena', 290, '2018-06-20 06:00:43', '0000-00-00 00:00:00'),
(184, 'KN', 'Saint Kitts And Nevis', 1869, '2018-06-20 06:00:43', '0000-00-00 00:00:00'),
(185, 'LC', 'Saint Lucia', 1758, '2018-06-20 06:00:43', '0000-00-00 00:00:00'),
(186, 'PM', 'Saint Pierre and Miquelon', 508, '2018-06-20 06:00:43', '0000-00-00 00:00:00'),
(187, 'VC', 'Saint Vincent And The Grenadines', 1784, '2018-06-20 06:00:43', '0000-00-00 00:00:00'),
(188, 'WS', 'Samoa', 684, '2018-06-20 06:00:43', '0000-00-00 00:00:00'),
(189, 'SM', 'San Marino', 378, '2018-06-20 06:00:43', '0000-00-00 00:00:00'),
(190, 'ST', 'Sao Tome and Principe', 239, '2018-06-20 06:00:43', '0000-00-00 00:00:00'),
(191, 'SA', 'Saudi Arabia', 966, '2018-06-20 06:00:43', '0000-00-00 00:00:00'),
(192, 'SN', 'Senegal', 221, '2018-06-20 06:00:43', '0000-00-00 00:00:00'),
(193, 'RS', 'Serbia', 381, '2018-06-20 06:00:43', '0000-00-00 00:00:00'),
(194, 'SC', 'Seychelles', 248, '2018-06-20 06:00:43', '0000-00-00 00:00:00'),
(195, 'SL', 'Sierra Leone', 232, '2018-06-20 06:00:43', '0000-00-00 00:00:00'),
(196, 'SG', 'Singapore', 65, '2018-06-20 06:00:43', '0000-00-00 00:00:00'),
(197, 'SK', 'Slovakia', 421, '2018-06-20 06:00:43', '0000-00-00 00:00:00'),
(198, 'SI', 'Slovenia', 386, '2018-06-20 06:00:43', '0000-00-00 00:00:00'),
(199, 'XG', 'Smaller Territories of the UK', 44, '2018-06-20 06:00:43', '0000-00-00 00:00:00'),
(200, 'SB', 'Solomon Islands', 677, '2018-06-20 06:00:43', '0000-00-00 00:00:00'),
(201, 'SO', 'Somalia', 252, '2018-06-20 06:00:43', '0000-00-00 00:00:00'),
(202, 'ZA', 'South Africa', 27, '2018-06-20 06:00:43', '0000-00-00 00:00:00'),
(203, 'GS', 'South Georgia', 0, '2018-06-20 06:00:43', '0000-00-00 00:00:00'),
(204, 'SS', 'South Sudan', 211, '2018-06-20 06:00:43', '0000-00-00 00:00:00'),
(205, 'ES', 'Spain', 34, '2018-06-20 06:00:43', '0000-00-00 00:00:00'),
(206, 'LK', 'Sri Lanka', 94, '2018-06-20 06:00:43', '0000-00-00 00:00:00'),
(207, 'SD', 'Sudan', 249, '2018-06-20 06:00:43', '0000-00-00 00:00:00'),
(208, 'SR', 'Suriname', 597, '2018-06-20 06:00:43', '0000-00-00 00:00:00'),
(209, 'SJ', 'Svalbard And Jan Mayen Islands', 47, '2018-06-20 06:00:43', '0000-00-00 00:00:00'),
(210, 'SZ', 'Swaziland', 268, '2018-06-20 06:00:43', '0000-00-00 00:00:00'),
(211, 'SE', 'Sweden', 46, '2018-06-20 06:00:43', '0000-00-00 00:00:00'),
(212, 'CH', 'Switzerland', 41, '2018-06-20 06:00:43', '0000-00-00 00:00:00'),
(213, 'SY', 'Syria', 963, '2018-06-20 06:00:43', '0000-00-00 00:00:00'),
(214, 'TW', 'Taiwan', 886, '2018-06-20 06:00:43', '0000-00-00 00:00:00'),
(215, 'TJ', 'Tajikistan', 992, '2018-06-20 06:00:43', '0000-00-00 00:00:00'),
(216, 'TZ', 'Tanzania', 255, '2018-06-20 06:00:43', '0000-00-00 00:00:00'),
(217, 'TH', 'Thailand', 66, '2018-06-20 06:00:43', '0000-00-00 00:00:00'),
(218, 'TG', 'Togo', 228, '2018-06-20 06:00:43', '0000-00-00 00:00:00'),
(219, 'TK', 'Tokelau', 690, '2018-06-20 06:00:43', '0000-00-00 00:00:00'),
(220, 'TO', 'Tonga', 676, '2018-06-20 06:00:43', '0000-00-00 00:00:00'),
(221, 'TT', 'Trinidad And Tobago', 1868, '2018-06-20 06:00:43', '0000-00-00 00:00:00'),
(222, 'TN', 'Tunisia', 216, '2018-06-20 06:00:43', '0000-00-00 00:00:00'),
(223, 'TR', 'Turkey', 90, '2018-06-20 06:00:43', '0000-00-00 00:00:00'),
(224, 'TM', 'Turkmenistan', 7370, '2018-06-20 06:00:43', '0000-00-00 00:00:00'),
(225, 'TC', 'Turks And Caicos Islands', 1649, '2018-06-20 06:00:43', '0000-00-00 00:00:00'),
(226, 'TV', 'Tuvalu', 688, '2018-06-20 06:00:43', '0000-00-00 00:00:00'),
(227, 'UG', 'Uganda', 256, '2018-06-20 06:00:43', '0000-00-00 00:00:00'),
(228, 'UA', 'Ukraine', 380, '2018-06-20 06:00:43', '0000-00-00 00:00:00'),
(229, 'AE', 'United Arab Emirates', 971, '2018-06-20 06:00:43', '0000-00-00 00:00:00'),
(230, 'GB', 'United Kingdom', 44, '2018-06-20 06:00:43', '0000-00-00 00:00:00'),
(231, 'US', 'United States', 1, '2018-06-20 06:00:43', '0000-00-00 00:00:00'),
(232, 'UM', 'United States Minor Outlying Islands', 1, '2018-06-20 06:00:43', '0000-00-00 00:00:00'),
(233, 'UY', 'Uruguay', 598, '2018-06-20 06:00:43', '0000-00-00 00:00:00'),
(234, 'UZ', 'Uzbekistan', 998, '2018-06-20 06:00:43', '0000-00-00 00:00:00'),
(235, 'VU', 'Vanuatu', 678, '2018-06-20 06:00:43', '0000-00-00 00:00:00'),
(236, 'VA', 'Vatican City State (Holy See)', 39, '2018-06-20 06:00:43', '0000-00-00 00:00:00'),
(237, 'VE', 'Venezuela', 58, '2018-06-20 06:00:43', '0000-00-00 00:00:00'),
(238, 'VN', 'Vietnam', 84, '2018-06-20 06:00:43', '0000-00-00 00:00:00'),
(239, 'VG', 'Virgin Islands (British)', 1284, '2018-06-20 06:00:43', '0000-00-00 00:00:00'),
(240, 'VI', 'Virgin Islands (US)', 1340, '2018-06-20 06:00:43', '0000-00-00 00:00:00'),
(241, 'WF', 'Wallis And Futuna Islands', 681, '2018-06-20 06:00:43', '0000-00-00 00:00:00'),
(242, 'EH', 'Western Sahara', 212, '2018-06-20 06:00:43', '0000-00-00 00:00:00'),
(243, 'YE', 'Yemen', 967, '2018-06-20 06:00:43', '0000-00-00 00:00:00'),
(244, 'YU', 'Yugoslavia', 38, '2018-06-20 06:00:43', '0000-00-00 00:00:00'),
(245, 'ZM', 'Zambia', 260, '2018-06-20 06:00:43', '0000-00-00 00:00:00'),
(246, 'ZW', 'Zimbabwe', 263, '2018-06-20 06:00:43', '0000-00-00 00:00:00');

-- --------------------------------------------------------

--
-- Table structure for table `countries_bk`
--

CREATE TABLE `countries_bk` (
  `id` int(10) UNSIGNED NOT NULL,
  `name` varchar(191) COLLATE utf8mb4_unicode_ci NOT NULL,
  `abbreviation` varchar(191) COLLATE utf8mb4_unicode_ci NOT NULL,
  `created_at` timestamp NULL DEFAULT NULL,
  `updated_at` timestamp NULL DEFAULT NULL
) ENGINE=InnoDB DEFAULT CHARSET=utf8mb4 COLLATE=utf8mb4_unicode_ci;

--
-- Dumping data for table `countries_bk`
--

INSERT INTO `countries_bk` (`id`, `name`, `abbreviation`, `created_at`, `updated_at`) VALUES
(1, 'AF', 'Afghanistan', '2017-05-18 10:32:39', NULL),
(2, 'AX', 'Åland Islands', '2017-05-18 10:32:52', NULL),
(3, 'AL', 'Albania', '2017-05-18 10:33:01', NULL),
(4, 'DZ', 'Algeria', '2017-05-18 10:36:36', NULL),
(5, 'AS', 'American Samoa', '2017-05-18 10:36:36', NULL),
(6, 'AD', 'Andorra', '2017-05-18 10:36:36', NULL),
(7, 'AO', 'Angola', '2017-05-18 10:36:36', NULL),
(8, 'AI', 'Anguilla', '2017-05-18 10:36:36', NULL),
(9, 'AQ', 'Antarctica', '2017-05-18 10:36:36', NULL),
(10, 'AG', 'Antigua & Barbuda', '2017-05-18 10:36:36', NULL),
(11, 'AR', 'Argentina', '2017-05-18 10:36:36', NULL),
(12, 'AM', 'Armenia', '2017-05-18 10:36:36', NULL),
(13, 'AW', 'Aruba', '2017-05-18 10:36:36', NULL),
(14, 'AC', 'Ascension Island', '2017-05-18 10:36:36', NULL),
(15, 'AU', 'Australia', '2017-05-18 10:36:36', NULL),
(16, 'AT', 'Austria', '2017-05-18 10:36:36', NULL),
(17, 'AZ', 'Azerbaijan', '2017-05-18 10:36:36', NULL),
(18, 'BS', 'Bahamas', '2017-05-18 10:36:36', NULL),
(19, 'BH', 'Bahrain', '2017-05-18 10:36:36', NULL),
(20, 'BD', 'Bangladesh', '2017-05-18 10:36:36', NULL),
(21, 'BB', 'Barbados', '2017-05-18 10:36:36', NULL),
(22, 'BY', 'Belarus', '2017-05-18 10:36:36', NULL),
(23, 'BE', 'Belgium', '2017-05-18 10:36:36', NULL),
(24, 'BZ', 'Belize', '2017-05-18 10:36:36', NULL),
(25, 'BJ', 'Benin', '2017-05-18 10:36:36', NULL),
(26, 'BM', 'Bermuda', '2017-05-18 10:36:36', NULL),
(27, 'BT', 'Bhutan', '2017-05-18 10:36:36', NULL),
(28, 'BO', 'Bolivia', '2017-05-18 10:36:36', NULL),
(29, 'BA', 'Bosnia & Herzegovina', '2017-05-18 10:36:36', NULL),
(30, 'BW', 'Botswana', '2017-05-18 10:36:36', NULL),
(31, 'BR', 'Brazil', '2017-05-18 10:36:36', NULL),
(32, 'IO', 'British Indian Ocean Territory', '2017-05-18 10:36:36', NULL),
(33, 'VG', 'British Virgin Islands', '2017-05-18 10:36:36', NULL),
(34, 'BN', 'Brunei', '2017-05-18 10:36:36', NULL),
(35, 'BG', 'Bulgaria', '2017-05-18 10:36:36', NULL),
(36, 'BF', 'Burkina Faso', '2017-05-18 10:36:36', NULL),
(37, 'BI', 'Burundi', '2017-05-18 10:36:36', NULL),
(38, 'KH', 'Cambodia', '2017-05-18 10:36:36', NULL),
(39, 'CM', 'Cameroon', '2017-05-18 10:36:36', NULL),
(40, 'CA', 'Canada', '2017-05-18 10:36:36', NULL),
(41, 'IC', 'Canary Islands', '2017-05-18 10:36:36', NULL),
(42, 'CV', 'Cape Verde', '2017-05-18 10:36:36', NULL),
(43, 'BQ', 'Caribbean Netherlands', '2017-05-18 10:36:36', NULL),
(44, 'KY', 'Cayman Islands', '2017-05-18 10:36:36', NULL),
(45, 'CF', 'Central African Republic', '2017-05-18 10:36:36', NULL),
(46, 'EA', 'Ceuta & Melilla', '2017-05-18 10:36:36', NULL),
(47, 'TD', 'Chad', '2017-05-18 10:36:36', NULL),
(48, 'CL', 'Chile', '2017-05-18 10:36:36', NULL),
(49, 'CN', 'China', '2017-05-18 10:36:36', NULL),
(50, 'CX', 'Christmas Island', '2017-05-18 10:36:36', NULL),
(51, 'CC', 'Cocos (Keeling) Islands', '2017-05-18 10:36:36', NULL),
(52, 'CO', 'Colombia', '2017-05-18 10:36:36', NULL),
(53, 'KM', 'Comoros', '2017-05-18 10:36:36', NULL),
(54, 'CG', 'Congo - Brazzaville', '2017-05-18 10:36:36', NULL),
(55, 'CD', 'Congo - Kinshasa', '2017-05-18 10:36:36', NULL),
(56, 'CK', 'Cook Islands', '2017-05-18 10:36:36', NULL),
(57, 'CR', 'Costa Rica', '2017-05-18 10:36:36', NULL),
(58, 'CI', 'Côte d’Ivoire', '2017-05-18 10:36:36', NULL),
(59, 'HR', 'Croatia', '2017-05-18 10:36:36', NULL),
(60, 'CU', 'Cuba', '2017-05-18 10:36:36', NULL),
(61, 'CW', 'Curaçao', '2017-05-18 10:36:36', NULL),
(62, 'CY', 'Cyprus', '2017-05-18 10:36:36', NULL),
(63, 'CZ', 'Czech Republic', '2017-05-18 10:36:36', NULL),
(64, 'DK', 'Denmark', '2017-05-18 10:36:36', NULL),
(65, 'DG', 'Diego Garcia', '2017-05-18 10:36:36', NULL),
(66, 'DJ', 'Djibouti', '2017-05-18 10:36:36', NULL),
(67, 'DM', 'Dominica', '2017-05-18 10:36:36', NULL),
(68, 'DO', 'Dominican Republic', '2017-05-18 10:36:36', NULL),
(69, 'EC', 'Ecuador', '2017-05-18 10:36:36', NULL),
(70, 'EG', 'Egypt', '2017-05-18 10:36:36', NULL),
(71, 'SV', 'El Salvador', '2017-05-18 10:36:36', NULL),
(72, 'GQ', 'Equatorial Guinea', '2017-05-18 10:36:36', NULL),
(73, 'ER', 'Eritrea', '2017-05-18 10:36:36', NULL),
(74, 'EE', 'Estonia', '2017-05-18 10:36:36', NULL),
(75, 'ET', 'Ethiopia', '2017-05-18 10:36:36', NULL),
(76, 'FK', 'Falkland Islands', '2017-05-18 10:36:36', NULL),
(77, 'FO', 'Faroe Islands', '2017-05-18 10:36:36', NULL),
(78, 'FJ', 'Fiji', '2017-05-18 10:36:36', NULL),
(79, 'FI', 'Finland', '2017-05-18 10:36:36', NULL),
(80, 'FR', 'France', '2017-05-18 10:36:36', NULL),
(81, 'GF', 'French Guiana', '2017-05-18 10:36:36', NULL),
(82, 'PF', 'French Polynesia', '2017-05-18 10:36:36', NULL),
(83, 'TF', 'French Southern Territories', '2017-05-18 10:36:36', NULL),
(84, 'GA', 'Gabon', '2017-05-18 10:36:36', NULL),
(85, 'GM', 'Gambia', '2017-05-18 10:36:36', NULL),
(86, 'GE', 'Georgia', '2017-05-18 10:36:36', NULL),
(87, 'DE', 'Germany', '2017-05-18 10:36:36', NULL),
(88, 'GH', 'Ghana', '2017-05-18 10:36:36', NULL),
(89, 'GI', 'Gibraltar', '2017-05-18 10:36:36', NULL),
(90, 'GR', 'Greece', '2017-05-18 10:36:36', NULL),
(91, 'GL', 'Greenland', '2017-05-18 10:36:36', NULL),
(92, 'GD', 'Grenada', '2017-05-18 10:36:36', NULL),
(93, 'GP', 'Guadeloupe', '2017-05-18 10:36:36', NULL),
(94, 'GU', 'Guam', '2017-05-18 10:36:36', NULL),
(95, 'GT', 'Guatemala', '2017-05-18 10:36:36', NULL),
(96, 'GG', 'Guernsey', '2017-05-18 10:36:36', NULL),
(97, 'GN', 'Guinea', '2017-05-18 10:36:36', NULL),
(98, 'GW', 'Guinea-Bissau', '2017-05-18 10:36:36', NULL),
(99, 'GY', 'Guyana', '2017-05-18 10:36:36', NULL),
(100, 'HT', 'Haiti', '2017-05-18 10:36:36', NULL),
(101, 'HN', 'Honduras', '2017-05-18 10:36:36', NULL),
(102, 'HK', 'Hong Kong SAR China', '2017-05-18 10:36:36', NULL),
(103, 'HU', 'Hungary', '2017-05-18 10:36:36', NULL),
(104, 'IS', 'Iceland', '2017-05-18 10:36:36', NULL),
(105, 'IN', 'India', '2017-05-18 10:36:36', NULL),
(106, 'ID', 'Indonesia', '2017-05-18 10:36:36', NULL),
(107, 'IR', 'Iran', '2017-05-18 10:36:36', NULL),
(108, 'IQ', 'Iraq', '2017-05-18 10:36:36', NULL),
(109, 'IE', 'Ireland', '2017-05-18 10:36:36', NULL),
(110, 'IM', 'Isle of Man', '2017-05-18 10:36:36', NULL),
(111, 'IL', 'Israel', '2017-05-18 10:36:36', NULL),
(112, 'IT', 'Italy', '2017-05-18 10:36:36', NULL),
(113, 'JM', 'Jamaica', '2017-05-18 10:36:36', NULL),
(114, 'JP', 'Japan', '2017-05-18 10:36:36', NULL),
(115, 'JE', 'Jersey', '2017-05-18 10:36:36', NULL),
(116, 'JO', 'Jordan', '2017-05-18 10:36:36', NULL),
(117, 'KZ', 'Kazakhstan', '2017-05-18 10:36:36', NULL),
(118, 'KE', 'Kenya', '2017-05-18 10:36:36', NULL),
(119, 'KI', 'Kiribati', '2017-05-18 10:36:36', NULL),
(120, 'XK', 'Kosovo', '2017-05-18 10:36:36', NULL),
(121, 'KW', 'Kuwait', '2017-05-18 10:36:36', NULL),
(122, 'KG', 'Kyrgyzstan', '2017-05-18 10:36:36', NULL),
(123, 'LA', 'Laos', '2017-05-18 10:36:36', NULL),
(124, 'LV', 'Latvia', '2017-05-18 10:36:36', NULL),
(125, 'LB', 'Lebanon', '2017-05-18 10:36:36', NULL),
(126, 'LS', 'Lesotho', '2017-05-18 10:36:36', NULL),
(127, 'LR', 'Liberia', '2017-05-18 10:36:36', NULL),
(128, 'LY', 'Libya', '2017-05-18 10:36:36', NULL),
(129, 'LI', 'Liechtenstein', '2017-05-18 10:36:36', NULL),
(130, 'LT', 'Lithuania', '2017-05-18 10:36:36', NULL),
(131, 'LU', 'Luxembourg', '2017-05-18 10:36:36', NULL),
(132, 'MO', 'Macau SAR China', '2017-05-18 10:36:36', NULL),
(133, 'MK', 'Macedonia', '2017-05-18 10:36:36', NULL),
(134, 'MG', 'Madagascar', '2017-05-18 10:36:36', NULL),
(135, 'MW', 'Malawi', '2017-05-18 10:36:36', NULL),
(136, 'MY', 'Malaysia', '2017-05-18 10:36:36', NULL),
(137, 'MV', 'Maldives', '2017-05-18 10:36:36', NULL),
(138, 'ML', 'Mali', '2017-05-18 10:36:36', NULL),
(139, 'MT', 'Malta', '2017-05-18 10:36:36', NULL),
(140, 'MH', 'Marshall Islands', '2017-05-18 10:36:36', NULL),
(141, 'MQ', 'Martinique', '2017-05-18 10:36:36', NULL),
(142, 'MR', 'Mauritania', '2017-05-18 10:36:36', NULL),
(143, 'MU', 'Mauritius', '2017-05-18 10:36:36', NULL),
(144, 'YT', 'Mayotte', '2017-05-18 10:36:36', NULL),
(145, 'MX', 'Mexico', '2017-05-18 10:36:36', NULL),
(146, 'FM', 'Micronesia', '2017-05-18 10:36:36', NULL),
(147, 'MD', 'Moldova', '2017-05-18 10:36:36', NULL),
(148, 'MC', 'Monaco', '2017-05-18 10:36:36', NULL),
(149, 'MN', 'Mongolia', '2017-05-18 10:36:36', NULL),
(150, 'ME', 'Montenegro', '2017-05-18 10:36:36', NULL),
(151, 'MS', 'Montserrat', '2017-05-18 10:36:36', NULL),
(152, 'MA', 'Morocco', '2017-05-18 10:36:36', NULL),
(153, 'MZ', 'Mozambique', '2017-05-18 10:36:36', NULL),
(154, 'MM', 'Myanmar (Burma)', '2017-05-18 10:36:36', NULL),
(155, 'NA', 'Namibia', '2017-05-18 10:36:36', NULL),
(156, 'NR', 'Nauru', '2017-05-18 10:36:36', NULL),
(157, 'NP', 'Nepal', '2017-05-18 10:36:36', NULL),
(158, 'NL', 'Netherlands', '2017-05-18 10:36:36', NULL),
(159, 'NC', 'New Caledonia', '2017-05-18 10:36:36', NULL),
(160, 'NZ', 'New Zealand', '2017-05-18 10:36:36', NULL),
(161, 'NI', 'Nicaragua', '2017-05-18 10:36:36', NULL),
(162, 'NE', 'Niger', '2017-05-18 10:36:36', NULL),
(163, 'NG', 'Nigeria', '2017-05-18 10:36:36', NULL),
(164, 'NU', 'Niue', '2017-05-18 10:36:36', NULL),
(165, 'NF', 'Norfolk Island', '2017-05-18 10:36:36', NULL),
(166, 'KP', 'North Korea', '2017-05-18 10:36:36', NULL),
(167, 'MP', 'Northern Mariana Islands', '2017-05-18 10:36:36', NULL),
(168, 'NO', 'Norway', '2017-05-18 10:36:36', NULL),
(169, 'OM', 'Oman', '2017-05-18 10:36:36', NULL),
(170, 'PK', 'Pakistan', '2017-05-18 10:36:36', NULL),
(171, 'PW', 'Palau', '2017-05-18 10:36:36', NULL),
(172, 'PS', 'Palestinian Territories', '2017-05-18 10:36:36', NULL),
(173, 'PA', 'Panama', '2017-05-18 10:36:36', NULL),
(174, 'PG', 'Papua New Guinea', '2017-05-18 10:36:36', NULL),
(175, 'PY', 'Paraguay', '2017-05-18 10:36:36', NULL),
(176, 'PE', 'Peru', '2017-05-18 10:36:36', NULL),
(177, 'PH', 'Philippines', '2017-05-18 10:36:36', NULL),
(178, 'PN', 'Pitcairn Islands', '2017-05-18 10:36:36', NULL),
(179, 'PL', 'Poland', '2017-05-18 10:36:36', NULL),
(180, 'PT', 'Portugal', '2017-05-18 10:36:36', NULL),
(181, 'PR', 'Puerto Rico', '2017-05-18 10:36:36', NULL),
(182, 'QA', 'Qatar', '2017-05-18 10:36:36', NULL),
(183, 'RE', 'Réunion', '2017-05-18 10:36:36', NULL),
(184, 'RO', 'Romania', '2017-05-18 10:36:36', NULL),
(185, 'RU', 'Russia', '2017-05-18 10:36:36', NULL),
(186, 'RW', 'Rwanda', '2017-05-18 10:36:36', NULL),
(187, 'WS', 'Samoa', '2017-05-18 10:36:36', NULL),
(188, 'SM', 'San Marino', '2017-05-18 10:36:36', NULL),
(189, 'ST', 'São Tomé & Príncipe', '2017-05-18 10:36:36', NULL),
(190, 'SA', 'Saudi Arabia', '2017-05-18 10:36:36', NULL),
(191, 'SN', 'Senegal', '2017-05-18 10:36:36', NULL),
(192, 'RS', 'Serbia', '2017-05-18 10:36:36', NULL),
(193, 'SC', 'Seychelles', '2017-05-18 10:36:36', NULL),
(194, 'SL', 'Sierra Leone', '2017-05-18 10:36:36', NULL),
(195, 'SG', 'Singapore', '2017-05-18 10:36:36', NULL),
(196, 'SX', 'Sint Maarten', '2017-05-18 10:36:36', NULL),
(197, 'SK', 'Slovakia', '2017-05-18 10:36:36', NULL),
(198, 'SI', 'Slovenia', '2017-05-18 10:36:36', NULL),
(199, 'SB', 'Solomon Islands', '2017-05-18 10:36:36', NULL),
(200, 'SO', 'Somalia', '2017-05-18 10:36:36', NULL),
(201, 'ZA', 'South Africa', '2017-05-18 10:36:36', NULL),
(202, 'GS', 'South Georgia & South Sandwich Islands', '2017-05-18 10:36:36', NULL),
(203, 'KR', 'South Korea', '2017-05-18 10:36:36', NULL),
(204, 'SS', 'South Sudan', '2017-05-18 10:36:36', NULL),
(205, 'ES', 'Spain', '2017-05-18 10:36:36', NULL),
(206, 'LK', 'Sri Lanka', '2017-05-18 10:36:36', NULL),
(207, 'BL', 'St. Barthélemy', '2017-05-18 10:36:36', NULL),
(208, 'SH', 'St. Helena', '2017-05-18 10:36:36', NULL),
(209, 'KN', 'St. Kitts & Nevis', '2017-05-18 10:36:36', NULL),
(210, 'LC', 'St. Lucia', '2017-05-18 10:36:36', NULL),
(211, 'MF', 'St. Martin', '2017-05-18 10:36:36', NULL),
(212, 'PM', 'St. Pierre & Miquelon', '2017-05-18 10:36:36', NULL),
(213, 'VC', 'St. Vincent & Grenadines', '2017-05-18 10:36:36', NULL),
(214, 'SD', 'Sudan', '2017-05-18 10:36:36', NULL),
(215, 'SR', 'Suriname', '2017-05-18 10:36:36', NULL),
(216, 'SJ', 'Svalbard & Jan Mayen', '2017-05-18 10:36:36', NULL),
(217, 'SZ', 'Swaziland', '2017-05-18 10:36:36', NULL),
(218, 'SE', 'Sweden', '2017-05-18 10:36:36', NULL),
(219, 'CH', 'Switzerland', '2017-05-18 10:36:36', NULL),
(220, 'SY', 'Syria', '2017-05-18 10:36:36', NULL),
(221, 'TW', 'Taiwan', '2017-05-18 10:36:36', NULL),
(222, 'TJ', 'Tajikistan', '2017-05-18 10:36:36', NULL),
(223, 'TZ', 'Tanzania', '2017-05-18 10:36:36', NULL),
(224, 'TH', 'Thailand', '2017-05-18 10:36:36', NULL),
(225, 'TL', 'Timor-Leste', '2017-05-18 10:36:36', NULL),
(226, 'TG', 'Togo', '2017-05-18 10:36:36', NULL),
(227, 'TK', 'Tokelau', '2017-05-18 10:36:36', NULL),
(228, 'TO', 'Tonga', '2017-05-18 10:36:36', NULL),
(229, 'TT', 'Trinidad & Tobago', '2017-05-18 10:36:36', NULL),
(230, 'TA', 'Tristan da Cunha', '2017-05-18 10:36:36', NULL),
(231, 'TN', 'Tunisia', '2017-05-18 10:36:36', NULL),
(232, 'TR', 'Turkey', '2017-05-18 10:36:36', NULL),
(233, 'TM', 'Turkmenistan', '2017-05-18 10:36:36', NULL),
(234, 'TC', 'Turks & Caicos Islands', '2017-05-18 10:36:36', NULL),
(235, 'TV', 'Tuvalu', '2017-05-18 10:36:36', NULL),
(236, 'UM', 'U.S. Outlying Islands', '2017-05-18 10:36:36', NULL),
(237, 'VI', 'U.S. Virgin Islands', '2017-05-18 10:36:36', NULL),
(238, 'UG', 'Uganda', '2017-05-18 10:36:36', NULL),
(239, 'UA', 'Ukraine', '2017-05-18 10:36:36', NULL),
(240, 'AE', 'United Arab Emirates', '2017-05-18 10:36:36', NULL),
(241, 'GB', 'United Kingdom', '2017-05-18 10:36:36', NULL),
(242, 'US', 'United States', '2017-05-18 10:36:36', NULL),
(243, 'UY', 'Uruguay', '2017-05-18 10:36:36', NULL),
(244, 'UZ', 'Uzbekistan', '2017-05-18 10:36:36', NULL),
(245, 'VU', 'Vanuatu', '2017-05-18 10:36:36', NULL),
(246, 'VA', 'Vatican City', '2017-05-18 10:36:36', NULL),
(247, 'VE', 'Venezuela', '2017-05-18 10:36:36', NULL),
(248, 'VN', 'Vietnam', '2017-05-18 10:36:36', NULL),
(249, 'WF', 'Wallis & Futuna', '2017-05-18 10:36:36', NULL),
(250, 'EH', 'Western Sahara', '2017-05-18 10:36:36', NULL),
(251, 'YE', 'Yemen', '2017-05-18 10:36:36', NULL),
(252, 'ZM', 'Zambia', '2017-05-18 10:36:36', NULL),
(253, 'ZW', 'Zimbabwe', '2017-05-18 10:36:36', NULL);

-- --------------------------------------------------------

--
-- Table structure for table `culet_types`
--

CREATE TABLE `culet_types` (
  `id` int(10) UNSIGNED NOT NULL,
  `label` varchar(191) COLLATE utf8mb4_unicode_ci NOT NULL,
  `deleted_at` timestamp NULL DEFAULT NULL,
  `created_at` timestamp NULL DEFAULT NULL,
  `updated_at` timestamp NULL DEFAULT NULL
) ENGINE=InnoDB DEFAULT CHARSET=utf8mb4 COLLATE=utf8mb4_unicode_ci;

--
-- Dumping data for table `culet_types`
--

INSERT INTO `culet_types` (`id`, `label`, `deleted_at`, `created_at`, `updated_at`) VALUES
(1, 'None', NULL, '2017-05-17 05:50:38', NULL),
(2, 'Very Small', NULL, '2017-05-17 05:50:39', NULL),
(3, 'Small', NULL, '2017-05-17 05:50:40', NULL),
(4, 'Medium', NULL, '2017-05-17 05:50:40', NULL),
(5, 'Slightly Large', NULL, '2017-05-17 05:50:41', NULL),
(6, 'Large', NULL, '2017-05-17 05:50:42', NULL),
(7, 'Very Large', NULL, '2017-05-17 05:50:42', NULL);

-- --------------------------------------------------------

--
-- Table structure for table `cut_types`
--

CREATE TABLE `cut_types` (
  `id` int(10) UNSIGNED NOT NULL,
  `label` varchar(191) COLLATE utf8mb4_unicode_ci NOT NULL,
  `deleted_at` timestamp NULL DEFAULT NULL
) ENGINE=InnoDB DEFAULT CHARSET=utf8mb4 COLLATE=utf8mb4_unicode_ci;

--
-- Dumping data for table `cut_types`
--

INSERT INTO `cut_types` (`id`, `label`, `deleted_at`) VALUES
(1, 'Excellent', NULL),
(2, 'Very Good', NULL),
(3, 'Good', NULL),
(4, 'Fair-Poor', NULL);

-- --------------------------------------------------------

--
-- Table structure for table `diamonds`
--

CREATE TABLE `diamonds` (
  `id` int(10) UNSIGNED NOT NULL,
  `user_id` int(11) UNSIGNED NOT NULL,
  `gridle_type_id` int(11) DEFAULT NULL,
  `culet_type_id` int(11) DEFAULT NULL,
  `polish_type_id` int(11) DEFAULT NULL,
  `symmetry_type_id` int(11) DEFAULT NULL,
  `clarity_type_id` int(11) UNSIGNED NOT NULL,
  `color_id` text COLLATE utf8mb4_unicode_ci NOT NULL COMMENT 'sync data ',
  `intensity_id` int(11) DEFAULT NULL COMMENT 'if fancy color selected',
  `cut_type_id` int(11) UNSIGNED NOT NULL,
  `shape_id` int(11) UNSIGNED NOT NULL,
  `florescence_type_id` int(11) UNSIGNED NOT NULL,
  `certification_laboratory_id` int(11) UNSIGNED DEFAULT NULL,
  `certification_number` text COLLATE utf8mb4_unicode_ci,
  `origin` text COLLATE utf8mb4_unicode_ci NOT NULL COMMENT 'country-producer-mine',
  `brand_id` int(11) NOT NULL,
  `carat` double NOT NULL,
  `price` double NOT NULL,
  `totalprice` double NOT NULL,
  `depth` text COLLATE utf8mb4_unicode_ci,
  `status` enum('Active','Uncomplete','Pending','Archived') COLLATE utf8mb4_unicode_ci NOT NULL,
  `diamond_certi_file` text COLLATE utf8mb4_unicode_ci,
  `deleted_at` timestamp NULL DEFAULT NULL,
  `created_at` datetime DEFAULT CURRENT_TIMESTAMP,
  `updated_at` datetime DEFAULT CURRENT_TIMESTAMP ON UPDATE CURRENT_TIMESTAMP,
  `width` varchar(191) COLLATE utf8mb4_unicode_ci DEFAULT NULL,
  `length` varchar(191) COLLATE utf8mb4_unicode_ci DEFAULT NULL,
  `depth_percent` varchar(191) COLLATE utf8mb4_unicode_ci DEFAULT NULL,
  `table_percent` varchar(191) COLLATE utf8mb4_unicode_ci DEFAULT NULL
) ENGINE=InnoDB DEFAULT CHARSET=utf8mb4 COLLATE=utf8mb4_unicode_ci;

--
-- Dumping data for table `diamonds`
--

INSERT INTO `diamonds` (`id`, `user_id`, `gridle_type_id`, `culet_type_id`, `polish_type_id`, `symmetry_type_id`, `clarity_type_id`, `color_id`, `intensity_id`, `cut_type_id`, `shape_id`, `florescence_type_id`, `certification_laboratory_id`, `certification_number`, `origin`, `brand_id`, `carat`, `price`, `totalprice`, `depth`, `status`, `diamond_certi_file`, `deleted_at`, `created_at`, `updated_at`, `width`, `length`, `depth_percent`, `table_percent`) VALUES
(48, 49, NULL, NULL, NULL, NULL, 2, 'a:3:{s:10:\"color_id_1\";s:2:\"13\";s:10:\"color_id_2\";s:2:\"13\";s:10:\"color_id_3\";s:1:\"0\";}', 3, 2, 9, 5, 3, '2222222', 'CAN-LUC-GKA', 5, 20, 100, 2000, NULL, 'Active', '491531217865dimcer.pdf', NULL, '2018-07-10 10:17:45', '2018-07-10 10:17:52', NULL, NULL, NULL, NULL),
(57, 39, NULL, NULL, NULL, NULL, 7, 'a:3:{s:10:\"color_id_1\";s:2:\"13\";s:10:\"color_id_2\";s:2:\"15\";s:10:\"color_id_3\";s:2:\"18\";}', 6, 3, 4, 4, 4, '145000', 'CAN-SWY-REN', 3, 5, 1400, 12000, NULL, 'Archived', '391531219903dimcer.pdf', NULL, '2018-01-10 10:51:43', '2018-08-01 00:00:02', NULL, NULL, NULL, NULL),
(65, 39, NULL, NULL, NULL, NULL, 5, 'a:3:{s:10:\"color_id_1\";a:1:{s:2:\"id\";i:13;}s:10:\"color_id_2\";a:1:{s:2:\"id\";i:15;}s:10:\"color_id_3\";a:1:{s:2:\"id\";i:0;}}', 3, 2, 2, 3, 3, '#123456', 'BOT-MPV-GKA', 3, 0.24, 1200, 12000, NULL, 'Active', NULL, NULL, '2018-07-10 11:15:35', '2018-07-10 11:15:35', NULL, NULL, NULL, NULL),
(70, 39, NULL, NULL, NULL, NULL, 5, 'a:3:{s:10:\"color_id_1\";s:2:\"13\";s:10:\"color_id_2\";s:2:\"15\";s:10:\"color_id_3\";s:2:\"16\";}', 6, 2, 2, 3, 3, '#123456', 'BOT-MPV-GKA', 3, 0.24, 1200, 12000, NULL, 'Active', '39dimcer.pdf', NULL, '2018-07-10 11:54:44', '2018-07-20 06:34:55', NULL, NULL, NULL, NULL),
(74, 39, NULL, NULL, NULL, NULL, 8, 'a:3:{s:10:\"color_id_1\";s:2:\"15\";s:10:\"color_id_2\";s:2:\"16\";s:10:\"color_id_3\";s:2:\"14\";}', 9, 4, 3, 5, 4, '123456879', 'CAN-SWY-REN', 2, 4, 14, 12500, NULL, 'Active', '391531380694dimcer.pdf', NULL, '2018-07-12 07:31:34', '2018-07-13 09:25:51', NULL, NULL, NULL, NULL),
(75, 39, NULL, NULL, NULL, NULL, 8, 'a:3:{s:10:\"color_id_1\";s:2:\"16\";s:10:\"color_id_2\";s:2:\"18\";s:10:\"color_id_3\";s:2:\"15\";}', 9, 4, 3, 5, 3, '123456', 'BOT-MPV-KAR', 3, 4, 12, 12456, NULL, 'Active', '391531380839dimcer.pdf', NULL, '2018-07-12 07:33:59', '2018-07-13 09:26:21', NULL, NULL, NULL, NULL),
(76, 39, NULL, NULL, NULL, NULL, 8, 'a:3:{s:10:\"color_id_1\";s:2:\"13\";s:10:\"color_id_2\";s:1:\"0\";s:10:\"color_id_3\";s:2:\"18\";}', 9, 4, 7, 5, 4, '#ff0000', 'CAN-SWY-REN', 3, 10, 1000, 10000, NULL, 'Active', '391531384640dimcer.pdf', NULL, '2018-07-12 08:37:20', '2018-07-14 06:25:32', NULL, NULL, NULL, NULL),
(77, 39, NULL, NULL, NULL, NULL, 8, 'a:3:{s:10:\"color_id_1\";s:2:\"19\";s:10:\"color_id_2\";s:2:\"17\";s:10:\"color_id_3\";s:2:\"13\";}', 9, 4, 1, 5, 2, '1220212212', 'BOT-MPV-GKA', 4, 123, 12, 5656, NULL, 'Uncomplete', '391531385056dimcer.pdf', NULL, '2018-07-12 08:44:16', '2018-07-20 03:52:36', NULL, NULL, NULL, NULL),
(78, 39, NULL, NULL, NULL, NULL, 8, 'a:3:{s:10:\"color_id_1\";s:2:\"13\";s:10:\"color_id_2\";s:2:\"20\";s:10:\"color_id_3\";s:2:\"14\";}', 9, 4, 1, 5, 2, '1220212212', 'BOT-SWY-REN', 3, 123, 12, 5656, NULL, 'Active', '391531385470dimcer.pdf', NULL, '2018-07-12 08:51:10', '2018-07-12 08:57:42', NULL, NULL, NULL, NULL),
(79, 39, NULL, NULL, NULL, NULL, 5, 'a:1:{s:8:\"color_id\";s:1:\"5\";}', NULL, 2, 2, 3, 3, '#123456', 'BOT-MPV-GKA', 3, 0.24, 1200, 12000, NULL, 'Active', '39dimcer.pdf', NULL, '2018-07-12 11:19:04', '2018-07-27 09:07:30', NULL, NULL, NULL, NULL),
(81, 39, NULL, NULL, NULL, NULL, 5, 'a:1:{s:8:\"color_id\";i:5;}', NULL, 2, 2, 3, 3, '#123456', 'BOT-MPV-GKA', 3, 0.24, 1200, 12000, NULL, 'Archived', '39dimcer.pdf', NULL, '2018-07-12 11:27:31', '2018-07-27 06:45:15', NULL, NULL, NULL, NULL),
(82, 39, NULL, NULL, NULL, NULL, 5, 'a:3:{s:10:\"color_id_1\";i:13;s:10:\"color_id_2\";i:15;s:10:\"color_id_3\";i:0;}', 3, 2, 2, 3, 3, '#123456', 'BOT-MPV-GKA', 3, 0.24, 1200, 12000, NULL, 'Active', '39dimcer.pdf', NULL, '2018-07-12 11:27:31', '2018-07-12 11:27:31', NULL, NULL, NULL, NULL),
(83, 39, NULL, NULL, NULL, NULL, 5, 'a:1:{s:8:\"color_id\";i:5;}', NULL, 2, 2, 3, 3, '#123456', 'BOT-MPV-GKA', 3, 0.24, 1200, 12000, NULL, 'Active', '39dimcer.pdf', NULL, '2018-07-12 11:39:33', '2018-07-12 11:39:33', NULL, NULL, NULL, NULL),
(84, 39, NULL, NULL, NULL, NULL, 5, 'a:3:{s:10:\"color_id_1\";i:13;s:10:\"color_id_2\";i:15;s:10:\"color_id_3\";i:0;}', 3, 2, 2, 3, 3, '#123456', 'BOT-MPV-GKA', 3, 0.24, 1200, 12000, NULL, 'Active', '39dimcer.pdf', NULL, '2018-07-12 11:39:33', '2018-07-12 11:39:33', NULL, NULL, NULL, NULL),
(85, 39, NULL, NULL, NULL, NULL, 5, 'a:1:{s:8:\"color_id\";i:5;}', NULL, 2, 2, 3, 3, '#123456', 'BOT-MPV-GKA', 3, 0.24, 1200, 12000, NULL, 'Active', '39dimcer.pdf', NULL, '2018-07-12 11:42:41', '2018-07-12 11:42:41', NULL, NULL, NULL, NULL),
(86, 39, NULL, NULL, NULL, NULL, 5, 'a:3:{s:10:\"color_id_1\";i:13;s:10:\"color_id_2\";i:15;s:10:\"color_id_3\";i:0;}', 3, 2, 2, 3, 3, '#123456', 'BOT-MPV-GKA', 3, 0.24, 1200, 12000, NULL, 'Active', '39dimcer.pdf', NULL, '2018-07-12 11:42:41', '2018-07-12 11:42:41', NULL, NULL, NULL, NULL),
(87, 39, NULL, NULL, NULL, NULL, 5, 'a:1:{s:8:\"color_id\";i:5;}', NULL, 2, 2, 3, 3, '#123456', 'BOT-MPV-GKA', 3, 0.24, 1200, 12000, NULL, 'Active', '39dimcer.pdf', NULL, '2018-07-12 11:58:34', '2018-07-12 11:58:34', NULL, NULL, NULL, NULL),
(88, 39, NULL, NULL, NULL, NULL, 5, 'a:3:{s:10:\"color_id_1\";i:13;s:10:\"color_id_2\";i:15;s:10:\"color_id_3\";i:0;}', 3, 2, 2, 3, 3, '#123456', 'BOT-MPV-GKA', 3, 0.24, 1200, 12000, NULL, 'Active', '39dimcer.pdf', NULL, '2018-07-12 11:58:34', '2018-07-12 11:58:34', NULL, NULL, NULL, NULL),
(89, 39, NULL, NULL, NULL, NULL, 5, 'a:1:{s:8:\"color_id\";i:5;}', NULL, 2, 2, 3, 3, '#123456', 'BOT-MPV-GKA', 3, 0.24, 1200, 12000, NULL, 'Active', '39dimcer.pdf', NULL, '2018-07-12 12:07:46', '2018-07-12 12:07:46', NULL, NULL, NULL, NULL),
(90, 39, NULL, NULL, NULL, NULL, 5, 'a:3:{s:10:\"color_id_1\";i:13;s:10:\"color_id_2\";i:15;s:10:\"color_id_3\";i:0;}', 3, 2, 2, 3, 3, '#123456', 'BOT-MPV-GKA', 3, 0.24, 1200, 12000, NULL, 'Active', '39dimcer.pdf', NULL, '2018-07-12 12:07:46', '2018-07-12 12:07:46', NULL, NULL, NULL, NULL),
(91, 39, NULL, NULL, NULL, NULL, 5, 'a:1:{s:8:\"color_id\";i:5;}', NULL, 2, 2, 3, 3, '#123456', 'BOT-MPV-GKA', 3, 0.24, 1200, 12000, NULL, 'Active', '39dimcer.pdf', NULL, '2018-07-12 12:12:25', '2018-07-12 12:12:25', NULL, NULL, NULL, NULL),
(92, 39, NULL, NULL, NULL, NULL, 5, 'a:3:{s:10:\"color_id_1\";i:13;s:10:\"color_id_2\";i:15;s:10:\"color_id_3\";i:0;}', 3, 2, 2, 3, 3, '#123456', 'BOT-MPV-GKA', 3, 0.24, 1200, 12000, NULL, 'Active', '39dimcer.pdf', NULL, '2018-07-12 12:12:25', '2018-07-12 12:12:25', NULL, NULL, NULL, NULL),
(95, 49, NULL, NULL, NULL, NULL, 4, 'a:1:{s:8:\"color_id\";s:1:\"4\";}', NULL, 2, 10, 2, 5, '12345', 'CAN-NMK-REN', 5, 10, 10, 100, NULL, 'Active', '491531445931dimcer.pdf', NULL, '2018-07-13 01:38:51', '2018-07-13 01:39:00', NULL, NULL, NULL, NULL),
(96, 55, NULL, NULL, NULL, NULL, 4, 'a:3:{s:10:\"color_id_1\";s:2:\"13\";s:10:\"color_id_2\";s:1:\"0\";s:10:\"color_id_3\";s:1:\"0\";}', 1, 2, 2, 1, 4, '1234', 'CAN-LUC-GKA', 4, 10, 10, 100, NULL, 'Active', '551531488250dimcer.pdf', NULL, '2018-07-13 13:24:10', '2018-07-13 13:24:16', NULL, NULL, NULL, NULL),
(97, 56, NULL, NULL, NULL, NULL, 8, 'a:1:{s:8:\"color_id\";s:2:\"12\";}', NULL, 1, 1, 5, 3, '1234', 'CAN-LUC-KAR', 4, 10, 10, 100, NULL, 'Archived', '561531489497dimcer.pdf', NULL, '2018-07-13 13:44:57', '2018-07-27 06:45:07', NULL, NULL, NULL, NULL),
(98, 39, NULL, NULL, NULL, NULL, 6, 'a:1:{s:8:\"color_id\";s:1:\"9\";}', NULL, 3, 3, 4, 4, '123456', 'CAN-NMK-KAO', 4, 14, 1450, 20300, NULL, 'Active', '391531549594dimcer.pdf', NULL, '2018-07-14 06:26:34', '2018-07-14 06:26:54', NULL, NULL, NULL, NULL);

-- --------------------------------------------------------

--
-- Table structure for table `diamond_images`
--

CREATE TABLE `diamond_images` (
  `id` int(11) NOT NULL,
  `diamond_id` int(11) NOT NULL,
  `name` text NOT NULL,
  `created_at` timestamp NOT NULL DEFAULT CURRENT_TIMESTAMP ON UPDATE CURRENT_TIMESTAMP,
  `updated_at` timestamp NOT NULL DEFAULT CURRENT_TIMESTAMP
) ENGINE=InnoDB DEFAULT CHARSET=latin1;

--
-- Dumping data for table `diamond_images`
--

INSERT INTO `diamond_images` (`id`, `diamond_id`, `name`, `created_at`, `updated_at`) VALUES
(7, 5, '391530335950dimimg.0jpg', '2018-06-30 05:19:10', '2018-06-30 05:19:10'),
(8, 6, '391530343579dimimg.0jpg', '2018-06-30 07:26:19', '2018-06-30 07:26:19'),
(9, 6, '391530343579dimimg.1jpg', '2018-06-30 07:26:19', '2018-06-30 07:26:19'),
(10, 6, '391530343579dimimg.2jpg', '2018-06-30 07:26:19', '2018-06-30 07:26:19'),
(11, 6, '391530343579dimimg.3jpg', '2018-06-30 07:26:19', '2018-06-30 07:26:19'),
(12, 7, '421530511164dimimg.0jpg', '2018-07-02 05:59:24', '2018-07-02 05:59:24'),
(13, 7, '421530511164dimimg.1jpg', '2018-07-02 05:59:24', '2018-07-02 05:59:24'),
(14, 7, '421530511164dimimg.2jpg', '2018-07-02 05:59:24', '2018-07-02 05:59:24'),
(19, 8, '431530525965dimimg.0jpg', '2018-07-02 10:06:05', '2018-07-02 10:06:05'),
(20, 8, '431530525965dimimg.1jpg', '2018-07-02 10:06:05', '2018-07-02 10:06:05'),
(21, 8, '431530525965dimimg.2jpg', '2018-07-02 10:06:05', '2018-07-02 10:06:05'),
(22, 8, '431530525965dimimg.3jpg', '2018-07-02 10:06:05', '2018-07-02 10:06:05'),
(23, 9, '431530526262dimimg.0jpg', '2018-07-02 10:11:02', '2018-07-02 10:11:02'),
(24, 10, '431530526298dimimg.0jpg', '2018-07-02 10:11:38', '2018-07-02 10:11:38'),
(27, 11, '431530527209dimimg.0jpg', '2018-07-02 10:26:49', '2018-07-02 10:26:49'),
(28, 12, '431530527844dimimg.0jpg', '2018-07-02 10:37:24', '2018-07-02 10:37:24'),
(29, 12, '431530527844dimimg.1jpg', '2018-07-02 10:37:24', '2018-07-02 10:37:24'),
(30, 12, '431530527844dimimg.2jpg', '2018-07-02 10:37:24', '2018-07-02 10:37:24'),
(31, 12, '431530527844dimimg.3jpg', '2018-07-02 10:37:25', '2018-07-02 10:37:25'),
(32, 13, '431530527952dimimg.0jpg', '2018-07-02 10:39:12', '2018-07-02 10:39:12'),
(33, 14, '431530528703dimimg.0jpg', '2018-07-02 10:51:43', '2018-07-02 10:51:43'),
(34, 15, '461530528863dimimg.0jpg', '2018-07-02 10:54:24', '2018-07-02 10:54:24'),
(35, 16, '391530686141dimimg.0jpg', '2018-07-04 06:35:41', '2018-07-04 06:35:41'),
(40, 1, '391530764750dimimg.0jpg', '2018-07-05 04:25:50', '2018-07-05 04:25:50'),
(41, 1, '391530764750dimimg.1jpg', '2018-07-05 04:25:50', '2018-07-05 04:25:50'),
(42, 1, '391530764750dimimg.2jpg', '2018-07-05 04:25:50', '2018-07-05 04:25:50'),
(43, 1, '391530764750dimimg.3jpg', '2018-07-05 04:25:50', '2018-07-05 04:25:50'),
(48, 2, '391530765099dimimg.0jpg', '2018-07-05 04:31:39', '2018-07-05 04:31:39'),
(49, 2, '391530765099dimimg.1jpg', '2018-07-05 04:31:39', '2018-07-05 04:31:39'),
(50, 2, '391530765099dimimg.2jpg', '2018-07-05 04:31:39', '2018-07-05 04:31:39'),
(51, 2, '391530765099dimimg.3jpg', '2018-07-05 04:31:39', '2018-07-05 04:31:39'),
(56, 16, '391530787947dimimg0.jpg', '2018-07-05 10:52:27', '2018-07-05 10:52:27'),
(57, 16, '391530787947dimimg1.jpg', '2018-07-05 10:52:27', '2018-07-05 10:52:27'),
(58, 17, '391530787947dimimg0.jpg', '2018-07-05 10:52:27', '2018-07-05 10:52:27'),
(59, 17, '391530787947dimimg1.jpg', '2018-07-05 10:52:27', '2018-07-05 10:52:27'),
(60, 18, '391530860528dimimg.0jpg', '2018-07-06 07:02:08', '2018-07-06 07:02:08'),
(61, 18, '391530860528dimimg.1jpg', '2018-07-06 07:02:08', '2018-07-06 07:02:08'),
(62, 18, '391530860528dimimg.2jpg', '2018-07-06 07:02:08', '2018-07-06 07:02:08'),
(64, 19, '391530870537dimimg.0jpg', '2018-07-06 09:48:57', '2018-07-06 09:48:57'),
(65, 19, '391530870537dimimg.1jpg', '2018-07-06 09:48:57', '2018-07-06 09:48:57'),
(66, 19, '391530870537dimimg.2jpg', '2018-07-06 09:48:57', '2018-07-06 09:48:57'),
(67, 19, '391530870537dimimg.3jpg', '2018-07-06 09:48:57', '2018-07-06 09:48:57'),
(68, 20, '391530874364dimimg.0jpg', '2018-07-06 10:52:44', '2018-07-06 10:52:44'),
(69, 20, '391530874364dimimg.1jpg', '2018-07-06 10:52:44', '2018-07-06 10:52:44'),
(70, 20, '391530874364dimimg.2jpg', '2018-07-06 10:52:44', '2018-07-06 10:52:44'),
(71, 20, '391530874364dimimg.3jpg', '2018-07-06 10:52:44', '2018-07-06 10:52:44'),
(72, 21, '391530874538dimimg.0jpg', '2018-07-06 10:55:38', '2018-07-06 10:55:38'),
(73, 22, '391530876705dimimg0.jpg', '2018-07-06 11:31:45', '2018-07-06 11:31:45'),
(74, 22, '391530876705dimimg1.jpg', '2018-07-06 11:31:45', '2018-07-06 11:31:45'),
(75, 23, '391530876705dimimg0.jpg', '2018-07-06 11:31:45', '2018-07-06 11:31:45'),
(76, 23, '391530876705dimimg1.jpg', '2018-07-06 11:31:45', '2018-07-06 11:31:45'),
(77, 24, '391530876862dimimg0.jpg', '2018-07-06 11:34:22', '2018-07-06 11:34:22'),
(78, 24, '391530876862dimimg1.jpg', '2018-07-06 11:34:22', '2018-07-06 11:34:22'),
(79, 25, '391530876862dimimg0.jpg', '2018-07-06 11:34:22', '2018-07-06 11:34:22'),
(80, 25, '391530876862dimimg1.jpg', '2018-07-06 11:34:22', '2018-07-06 11:34:22'),
(81, 26, '391530878040dimimg.0jpg', '2018-07-06 11:54:00', '2018-07-06 11:54:00'),
(82, 27, '391531113453dimimg0.jpg', '2018-07-09 05:17:33', '2018-07-09 05:17:33'),
(83, 27, '391531113453dimimg1.jpg', '2018-07-09 05:17:33', '2018-07-09 05:17:33'),
(84, 28, '391531113453dimimg0.jpg', '2018-07-09 05:17:33', '2018-07-09 05:17:33'),
(85, 28, '391531113453dimimg1.jpg', '2018-07-09 05:17:33', '2018-07-09 05:17:33'),
(86, 29, '391531114036dimimg0.jpg', '2018-07-09 05:27:16', '2018-07-09 05:27:16'),
(87, 29, '391531114036dimimg1.jpg', '2018-07-09 05:27:16', '2018-07-09 05:27:16'),
(88, 30, '391531114036dimimg0.jpg', '2018-07-09 05:27:16', '2018-07-09 05:27:16'),
(89, 30, '391531114036dimimg1.jpg', '2018-07-09 05:27:16', '2018-07-09 05:27:16'),
(90, 31, '391531116245dimimg0.jpg', '2018-07-09 06:04:05', '2018-07-09 06:04:05'),
(91, 31, '391531116245dimimg1.jpg', '2018-07-09 06:04:05', '2018-07-09 06:04:05'),
(92, 32, '391531116245dimimg0.jpg', '2018-07-09 06:04:05', '2018-07-09 06:04:05'),
(93, 32, '391531116245dimimg1.jpg', '2018-07-09 06:04:05', '2018-07-09 06:04:05'),
(94, 33, '391531116901dimimg0.jpg', '2018-07-09 06:15:01', '2018-07-09 06:15:01'),
(95, 33, '391531116901dimimg1.jpg', '2018-07-09 06:15:01', '2018-07-09 06:15:01'),
(96, 34, '391531116901dimimg0.jpg', '2018-07-09 06:15:01', '2018-07-09 06:15:01'),
(97, 34, '391531116901dimimg1.jpg', '2018-07-09 06:15:01', '2018-07-09 06:15:01'),
(98, 35, '391531127499dimimg.0jpg', '2018-07-09 09:11:39', '2018-07-09 09:11:39'),
(99, 36, '391531138741dimimg0.jpg', '2018-07-09 12:19:01', '2018-07-09 12:19:01'),
(100, 36, '391531138741dimimg1.jpg', '2018-07-09 12:19:01', '2018-07-09 12:19:01'),
(101, 37, '391531138741dimimg0.jpg', '2018-07-09 12:19:01', '2018-07-09 12:19:01'),
(102, 37, '391531138741dimimg1.jpg', '2018-07-09 12:19:01', '2018-07-09 12:19:01'),
(103, 38, '391531138764dimimg0.jpg', '2018-07-09 12:19:24', '2018-07-09 12:19:24'),
(104, 38, '391531138764dimimg1.jpg', '2018-07-09 12:19:24', '2018-07-09 12:19:24'),
(105, 39, '391531138764dimimg0.jpg', '2018-07-09 12:19:24', '2018-07-09 12:19:24'),
(106, 39, '391531138764dimimg1.jpg', '2018-07-09 12:19:24', '2018-07-09 12:19:24'),
(107, 40, '391531138965dimimg0.jpg', '2018-07-09 12:22:45', '2018-07-09 12:22:45'),
(108, 40, '391531138965dimimg1.jpg', '2018-07-09 12:22:45', '2018-07-09 12:22:45'),
(109, 41, '391531138965dimimg0.jpg', '2018-07-09 12:22:45', '2018-07-09 12:22:45'),
(110, 41, '391531138965dimimg1.jpg', '2018-07-09 12:22:45', '2018-07-09 12:22:45'),
(113, 43, '391531198262dimimg0.jpg', '2018-07-10 04:51:02', '2018-07-10 04:51:02'),
(114, 43, '391531198262dimimg1.jpg', '2018-07-10 04:51:02', '2018-07-10 04:51:02'),
(115, 42, '391531205488dimimg.0jpg', '2018-07-10 06:51:28', '2018-07-10 06:51:28'),
(116, 42, '391531205488dimimg.1jpg', '2018-07-10 06:51:28', '2018-07-10 06:51:28'),
(117, 42, '391531205488dimimg.2jpg', '2018-07-10 06:51:28', '2018-07-10 06:51:28'),
(118, 44, '391531217372dimimg.0jpg', '2018-07-10 10:09:32', '2018-07-10 10:09:32'),
(119, 44, '391531217372dimimg.1jpg', '2018-07-10 10:09:32', '2018-07-10 10:09:32'),
(120, 44, '391531217372dimimg.2jpg', '2018-07-10 10:09:32', '2018-07-10 10:09:32'),
(121, 44, '391531217372dimimg.3jpg', '2018-07-10 10:09:32', '2018-07-10 10:09:32'),
(122, 45, '391531217580dimimg.0jpg', '2018-07-10 10:13:00', '2018-07-10 10:13:00'),
(123, 45, '391531217580dimimg.1jpg', '2018-07-10 10:13:00', '2018-07-10 10:13:00'),
(124, 45, '391531217580dimimg.2jpg', '2018-07-10 10:13:00', '2018-07-10 10:13:00'),
(125, 45, '391531217580dimimg.3jpg', '2018-07-10 10:13:00', '2018-07-10 10:13:00'),
(126, 46, '391531217819dimimg0.jpg', '2018-07-10 10:16:59', '2018-07-10 10:16:59'),
(127, 46, '391531217819dimimg1.jpg', '2018-07-10 10:16:59', '2018-07-10 10:16:59'),
(128, 47, '391531217819dimimg0.jpg', '2018-07-10 10:16:59', '2018-07-10 10:16:59'),
(129, 47, '391531217819dimimg1.jpg', '2018-07-10 10:16:59', '2018-07-10 10:16:59'),
(131, 49, '391531218792dimimg0.jpg', '2018-07-10 10:33:12', '2018-07-10 10:33:12'),
(132, 49, '391531218792dimimg1.jpg', '2018-07-10 10:33:12', '2018-07-10 10:33:12'),
(133, 50, '391531218792dimimg0.jpg', '2018-07-10 10:33:12', '2018-07-10 10:33:12'),
(134, 50, '391531218792dimimg1.jpg', '2018-07-10 10:33:12', '2018-07-10 10:33:12'),
(135, 51, '391531218836dimimg0.jpg', '2018-07-10 10:33:56', '2018-07-10 10:33:56'),
(136, 51, '391531218836dimimg1.jpg', '2018-07-10 10:33:56', '2018-07-10 10:33:56'),
(137, 52, '391531218836dimimg0.jpg', '2018-07-10 10:33:56', '2018-07-10 10:33:56'),
(138, 52, '391531218836dimimg1.jpg', '2018-07-10 10:33:56', '2018-07-10 10:33:56'),
(139, 53, '391531218838dimimg0.jpg', '2018-07-10 10:33:58', '2018-07-10 10:33:58'),
(140, 53, '391531218838dimimg1.jpg', '2018-07-10 10:33:58', '2018-07-10 10:33:58'),
(141, 54, '391531218838dimimg0.jpg', '2018-07-10 10:33:58', '2018-07-10 10:33:58'),
(142, 54, '391531218838dimimg1.jpg', '2018-07-10 10:33:58', '2018-07-10 10:33:58'),
(143, 55, '391531219843dimimg0.jpg', '2018-07-10 10:50:43', '2018-07-10 10:50:43'),
(144, 55, '391531219843dimimg1.jpg', '2018-07-10 10:50:43', '2018-07-10 10:50:43'),
(145, 56, '391531219843dimimg0.jpg', '2018-07-10 10:50:43', '2018-07-10 10:50:43'),
(146, 56, '391531219843dimimg1.jpg', '2018-07-10 10:50:43', '2018-07-10 10:50:43'),
(147, 57, '391531219903dimimg.0jpg', '2018-07-10 10:51:44', '2018-07-10 10:51:44'),
(148, 57, '391531219903dimimg.1jpg', '2018-07-10 10:51:44', '2018-07-10 10:51:44'),
(149, 57, '391531219903dimimg.2jpg', '2018-07-10 10:51:44', '2018-07-10 10:51:44'),
(150, 57, '391531219903dimimg.3jpg', '2018-07-10 10:51:44', '2018-07-10 10:51:44'),
(151, 58, '391531220585dimimg0.jpg', '2018-07-10 11:03:05', '2018-07-10 11:03:05'),
(152, 58, '391531220585dimimg1.jpg', '2018-07-10 11:03:05', '2018-07-10 11:03:05'),
(153, 59, '391531220585dimimg0.jpg', '2018-07-10 11:03:05', '2018-07-10 11:03:05'),
(154, 59, '391531220585dimimg1.jpg', '2018-07-10 11:03:05', '2018-07-10 11:03:05'),
(155, 60, '391531220589dimimg0.jpg', '2018-07-10 11:03:09', '2018-07-10 11:03:09'),
(156, 60, '391531220589dimimg1.jpg', '2018-07-10 11:03:09', '2018-07-10 11:03:09'),
(157, 61, '391531220589dimimg0.jpg', '2018-07-10 11:03:09', '2018-07-10 11:03:09'),
(158, 61, '391531220589dimimg1.jpg', '2018-07-10 11:03:09', '2018-07-10 11:03:09'),
(159, 62, '391531220646dimimg0.jpg', '2018-07-10 11:04:06', '2018-07-10 11:04:06'),
(160, 62, '391531220646dimimg1.jpg', '2018-07-10 11:04:06', '2018-07-10 11:04:06'),
(161, 63, '391531220646dimimg0.jpg', '2018-07-10 11:04:06', '2018-07-10 11:04:06'),
(162, 63, '391531220646dimimg1.jpg', '2018-07-10 11:04:06', '2018-07-10 11:04:06'),
(163, 64, '391531221335dimimg0.jpg', '2018-07-10 11:15:35', '2018-07-10 11:15:35'),
(164, 64, '391531221335dimimg1.jpg', '2018-07-10 11:15:35', '2018-07-10 11:15:35'),
(165, 65, '39dimimg0.jpg', '2018-07-10 11:25:03', '2018-07-10 11:15:35'),
(166, 65, '39dimimg1.jpg', '2018-07-10 11:24:56', '2018-07-10 11:15:35'),
(167, 66, '391531223118dimimg0.jpg', '2018-07-10 11:45:18', '2018-07-10 11:45:18'),
(168, 66, '391531223118dimimg1.jpg', '2018-07-10 11:45:18', '2018-07-10 11:45:18'),
(177, 71, '39dimimg0.jpg', '2018-07-10 11:54:44', '2018-07-10 11:54:44'),
(178, 71, '39dimimg1.jpg', '2018-07-10 11:54:44', '2018-07-10 11:54:44'),
(191, 76, '391531384640dimimg.0jpg', '2018-07-12 08:37:20', '2018-07-12 08:37:20'),
(192, 76, '391531384640dimimg.1jpg', '2018-07-12 08:37:20', '2018-07-12 08:37:20'),
(193, 76, '391531384640dimimg.2jpg', '2018-07-12 08:37:20', '2018-07-12 08:37:20'),
(194, 76, '391531384640dimimg.3jpg', '2018-07-12 08:37:20', '2018-07-12 08:37:20'),
(199, 77, '391531385280dimimg.0jpg', '2018-07-12 08:48:00', '2018-07-12 08:48:00'),
(200, 77, '391531385280dimimg.1jpg', '2018-07-12 08:48:00', '2018-07-12 08:48:00'),
(201, 77, '391531385280dimimg.2jpg', '2018-07-12 08:48:00', '2018-07-12 08:48:00'),
(202, 77, '391531385280dimimg.3jpg', '2018-07-12 08:48:00', '2018-07-12 08:48:00'),
(203, 78, '391531385470dimimg.0jpg', '2018-07-12 08:51:10', '2018-07-12 08:51:10'),
(204, 78, '391531385470dimimg.1jpg', '2018-07-12 08:51:10', '2018-07-12 08:51:10'),
(205, 78, '391531385470dimimg.2jpg', '2018-07-12 08:51:10', '2018-07-12 08:51:10'),
(206, 78, '391531385470dimimg.3jpg', '2018-07-12 08:51:10', '2018-07-12 08:51:10'),
(210, 72, '391531387463dimimg.0jpg', '2018-07-12 09:24:23', '2018-07-12 09:24:23'),
(211, 79, '39dimimg0.jpg', '2018-07-12 11:19:04', '2018-07-12 11:19:04'),
(212, 79, '39dimimg1.jpg', '2018-07-12 11:19:04', '2018-07-12 11:19:04'),
(213, 80, '39dimimg0.jpg', '2018-07-12 11:19:04', '2018-07-12 11:19:04'),
(214, 80, '39dimimg1.jpg', '2018-07-12 11:19:04', '2018-07-12 11:19:04'),
(215, 81, '39dimimg0.jpg', '2018-07-12 11:27:31', '2018-07-12 11:27:31'),
(216, 81, '39dimimg1.jpg', '2018-07-12 11:27:31', '2018-07-12 11:27:31'),
(217, 82, '39dimimg0.jpg', '2018-07-12 11:27:31', '2018-07-12 11:27:31'),
(218, 82, '39dimimg1.jpg', '2018-07-12 11:27:31', '2018-07-12 11:27:31'),
(219, 83, '39dimimg0.jpg', '2018-07-12 11:39:33', '2018-07-12 11:39:33'),
(220, 83, '39dimimg1.jpg', '2018-07-12 11:39:33', '2018-07-12 11:39:33'),
(221, 84, '39dimimg0.jpg', '2018-07-12 11:39:33', '2018-07-12 11:39:33'),
(222, 84, '39dimimg1.jpg', '2018-07-12 11:39:33', '2018-07-12 11:39:33'),
(223, 85, '39dimimg0.jpg', '2018-07-12 11:42:41', '2018-07-12 11:42:41'),
(224, 85, '39dimimg1.jpg', '2018-07-12 11:42:41', '2018-07-12 11:42:41'),
(225, 86, '39dimimg0.jpg', '2018-07-12 11:42:41', '2018-07-12 11:42:41'),
(226, 86, '39dimimg1.jpg', '2018-07-12 11:42:41', '2018-07-12 11:42:41'),
(227, 87, '39dimimg0.jpg', '2018-07-12 11:58:34', '2018-07-12 11:58:34'),
(228, 87, '39dimimg1.jpg', '2018-07-12 11:58:34', '2018-07-12 11:58:34'),
(229, 88, '39dimimg0.jpg', '2018-07-12 11:58:34', '2018-07-12 11:58:34'),
(230, 88, '39dimimg1.jpg', '2018-07-12 11:58:34', '2018-07-12 11:58:34'),
(231, 89, '39dimimg0.jpg', '2018-07-12 12:07:46', '2018-07-12 12:07:46'),
(232, 89, '39dimimg1.jpg', '2018-07-12 12:07:46', '2018-07-12 12:07:46'),
(233, 90, '39dimimg0.jpg', '2018-07-12 12:07:46', '2018-07-12 12:07:46'),
(234, 90, '39dimimg1.jpg', '2018-07-12 12:07:46', '2018-07-12 12:07:46'),
(235, 91, '39dimimg0.jpg', '2018-07-12 12:12:25', '2018-07-12 12:12:25'),
(236, 91, '39dimimg1.jpg', '2018-07-12 12:12:25', '2018-07-12 12:12:25'),
(237, 92, '39dimimg0.jpg', '2018-07-12 12:12:25', '2018-07-12 12:12:25'),
(238, 92, '39dimimg1.jpg', '2018-07-12 12:12:25', '2018-07-12 12:12:25'),
(247, 94, '391531401818dimimg.0jpg', '2018-07-12 13:23:38', '2018-07-12 13:23:38'),
(248, 95, '491531445931dimimg.0jpg', '2018-07-13 01:38:51', '2018-07-13 01:38:51'),
(249, 70, '391531473903dimimg.0jpeg', '2018-07-13 09:25:03', '2018-07-13 09:25:03'),
(252, 74, '391531473951dimimg.0jpeg', '2018-07-13 09:25:51', '2018-07-13 09:25:51'),
(253, 74, '391531473951dimimg.1jpeg', '2018-07-13 09:25:51', '2018-07-13 09:25:51'),
(254, 74, '391531473951dimimg.2jpeg', '2018-07-13 09:25:51', '2018-07-13 09:25:51'),
(255, 74, '391531473951dimimg.3jpeg', '2018-07-13 09:25:51', '2018-07-13 09:25:51'),
(256, 75, '391531473981dimimg.0jpeg', '2018-07-13 09:26:21', '2018-07-13 09:26:21'),
(257, 75, '391531473981dimimg.1jpeg', '2018-07-13 09:26:21', '2018-07-13 09:26:21'),
(258, 75, '391531473981dimimg.2jpeg', '2018-07-13 09:26:21', '2018-07-13 09:26:21'),
(259, 96, '551531488250dimimg.0jpg', '2018-07-13 13:24:10', '2018-07-13 13:24:10'),
(260, 97, '561531489497dimimg.0jpg', '2018-07-13 13:44:57', '2018-07-13 13:44:57'),
(261, 98, '391531549594dimimg.0jpeg', '2018-07-14 06:26:34', '2018-07-14 06:26:34'),
(262, 98, '391531549594dimimg.1jpeg', '2018-07-14 06:26:34', '2018-07-14 06:26:34'),
(263, 98, '391531549594dimimg.2jpeg', '2018-07-14 06:26:34', '2018-07-14 06:26:34'),
(264, 98, '391531549594dimimg.3jpeg', '2018-07-14 06:26:34', '2018-07-14 06:26:34'),
(271, 70, '391532068452dimimg.0jpeg', '2018-07-20 06:34:12', '2018-07-20 06:34:12'),
(272, 70, '391532068452dimimg.1jpeg', '2018-07-20 06:34:12', '2018-07-20 06:34:12'),
(273, 70, '391532068452dimimg.2jpeg', '2018-07-20 06:34:12', '2018-07-20 06:34:12'),
(274, 99, '3939dimimg0dimimg.jpg', '2018-07-26 09:55:53', '2018-07-26 09:55:53'),
(275, 99, '3939dimimg1dimimg.jpg', '2018-07-26 09:55:53', '2018-07-26 09:55:53'),
(276, 100, '3939dimimg0dimimg.jpg', '2018-07-26 09:55:53', '2018-07-26 09:55:53'),
(277, 100, '3939dimimg1dimimg.jpg', '2018-07-26 09:55:53', '2018-07-26 09:55:53'),
(278, 103, '3939dimimg0dimimg.jpg', '2018-07-26 10:19:10', '2018-07-26 10:19:10'),
(279, 103, '3939dimimg1dimimg.jpg', '2018-07-26 10:19:10', '2018-07-26 10:19:10');

-- --------------------------------------------------------

--
-- Table structure for table `florescence_types`
--

CREATE TABLE `florescence_types` (
  `id` int(10) UNSIGNED NOT NULL,
  `label` varchar(191) COLLATE utf8mb4_unicode_ci NOT NULL,
  `deleted_at` timestamp NULL DEFAULT NULL,
  `created_at` timestamp NULL DEFAULT NULL,
  `updated_at` timestamp NULL DEFAULT NULL
) ENGINE=InnoDB DEFAULT CHARSET=utf8mb4 COLLATE=utf8mb4_unicode_ci;

--
-- Dumping data for table `florescence_types`
--

INSERT INTO `florescence_types` (`id`, `label`, `deleted_at`, `created_at`, `updated_at`) VALUES
(1, 'None', NULL, NULL, NULL),
(2, 'Faint', NULL, NULL, NULL),
(3, 'Medium', NULL, NULL, NULL),
(4, 'Strong', NULL, NULL, NULL),
(5, 'Very Strong', NULL, NULL, NULL);

-- --------------------------------------------------------

--
-- Table structure for table `girdle_types`
--

CREATE TABLE `girdle_types` (
  `id` int(10) UNSIGNED NOT NULL,
  `label` varchar(191) COLLATE utf8mb4_unicode_ci NOT NULL,
  `deleted_at` timestamp NULL DEFAULT NULL,
  `created_at` timestamp NULL DEFAULT NULL,
  `updated_at` timestamp NULL DEFAULT NULL
) ENGINE=InnoDB DEFAULT CHARSET=utf8mb4 COLLATE=utf8mb4_unicode_ci;

--
-- Dumping data for table `girdle_types`
--

INSERT INTO `girdle_types` (`id`, `label`, `deleted_at`, `created_at`, `updated_at`) VALUES
(1, 'Excellent Thin', NULL, '2017-05-17 05:49:09', NULL),
(2, 'Very Thin', NULL, '2017-05-17 05:49:11', NULL),
(3, 'Thin', NULL, '2017-05-17 05:49:12', NULL),
(4, 'Slightly Thin', NULL, '2017-05-17 05:49:47', NULL),
(5, 'Medium', NULL, '2017-05-17 05:49:48', NULL),
(6, 'Slightly Thick', NULL, '2017-05-17 05:49:49', NULL),
(7, 'Very Thick', NULL, '2017-05-17 05:49:49', NULL),
(8, 'Thick', NULL, '2017-05-17 05:49:50', NULL),
(9, 'Extremely Thick', NULL, '2017-05-17 05:49:51', NULL);

-- --------------------------------------------------------

--
-- Table structure for table `intensity`
--

CREATE TABLE `intensity` (
  `id` int(11) NOT NULL,
  `name` varchar(20) NOT NULL,
  `created_at` timestamp NOT NULL DEFAULT CURRENT_TIMESTAMP ON UPDATE CURRENT_TIMESTAMP,
  `updated_at` timestamp NOT NULL DEFAULT '0000-00-00 00:00:00'
) ENGINE=InnoDB DEFAULT CHARSET=latin1;

--
-- Dumping data for table `intensity`
--

INSERT INTO `intensity` (`id`, `name`, `created_at`, `updated_at`) VALUES
(1, 'Fai', '2018-06-25 10:58:13', '0000-00-00 00:00:00'),
(2, 'V-Li', '2018-06-25 10:58:13', '0000-00-00 00:00:00'),
(3, 'Li', '2018-06-25 10:58:35', '0000-00-00 00:00:00'),
(4, 'F-Li', '2018-06-25 10:58:35', '0000-00-00 00:00:00'),
(5, 'F', '2018-06-25 10:58:46', '0000-00-00 00:00:00'),
(6, 'F-In', '2018-06-25 10:59:10', '0000-00-00 00:00:00'),
(7, 'F-Da', '2018-06-25 10:59:04', '0000-00-00 00:00:00'),
(8, 'F-De', '2018-06-25 10:59:04', '0000-00-00 00:00:00'),
(9, 'F-Vi', '2018-06-25 10:59:20', '0000-00-00 00:00:00');

-- --------------------------------------------------------

--
-- Table structure for table `migrations`
--

CREATE TABLE `migrations` (
  `id` int(10) UNSIGNED NOT NULL,
  `migration` varchar(255) COLLATE utf8mb4_unicode_ci NOT NULL,
  `batch` int(11) NOT NULL
) ENGINE=InnoDB DEFAULT CHARSET=utf8mb4 COLLATE=utf8mb4_unicode_ci;

--
-- Dumping data for table `migrations`
--

INSERT INTO `migrations` (`id`, `migration`, `batch`) VALUES
(1, '2014_10_12_000000_create_users_table', 1),
(2, '2014_10_12_100000_create_password_resets_table', 1),
(3, '2015_01_20_084450_create_roles_table', 1),
(4, '2015_01_20_084525_create_role_user_table', 1),
(5, '2015_01_24_080208_create_permissions_table', 1),
(6, '2015_01_24_080433_create_permission_role_table', 1),
(7, '2015_12_04_003040_add_special_role_column', 1),
(8, '2017_01_16_195114_create_uploads_table', 1),
(9, '2017_01_16_200052_create_upload_users_table', 1),
(10, '2017_01_23_190940_changes_to_upload_users_table', 1),
(11, '2017_01_25_140146_updates_to_upload_users_table', 1),
(12, '2017_01_25_154351_rename_upload_users_table_to_upload_relations_table', 1),
(13, '2017_05_03_200935_create_notifications_table', 1),
(14, '2017_05_03_201010_create_cache_table', 1),
(15, '2017_05_03_201018_create_jobs_table', 1),
(16, '2017_05_03_201025_create_sessions_table', 1),
(17, '2017_05_09_145343_create_diamonds_table', 1),
(18, '2017_05_09_151208_create_symmetries_table', 1),
(19, '2017_05_09_151223_create_girdle_table', 1),
(20, '2017_05_09_151238_create_culet_table', 1),
(21, '2017_05_09_151251_create_polished_table', 1),
(22, '2017_05_09_151655_create_shapes_table', 1),
(23, '2017_05_09_151813_create_clarities_table', 1),
(24, '2017_05_09_151844_create_colors_table', 1),
(25, '2017_05_09_151906_create_cuts_table', 1),
(26, '2017_05_09_151941_create_florescences_table', 1),
(27, '2017_05_09_152022_create_certification_laboratories_table', 1),
(28, '2017_05_17_141936_add_timestamps_to_tables', 1),
(29, '2017_05_17_190515_add_user_id_to_diamonds_table', 1),
(30, '2017_05_17_194514_create_temp_diamonds_table', 1),
(31, '2017_05_18_182335_add_measurements_to_diamonds_table', 1),
(32, '2017_05_18_194852_create_countries_table', 1),
(33, '2017_05_18_194904_create_provinces_table', 1),
(34, '2017_05_18_195734_create_profile_table', 1),
(35, '2017_10_17_170735_create_permission_user_table', 1);

-- --------------------------------------------------------

--
-- Table structure for table `mines`
--

CREATE TABLE `mines` (
  `id` int(11) NOT NULL,
  `name` varchar(100) NOT NULL,
  `created_at` timestamp NOT NULL DEFAULT CURRENT_TIMESTAMP ON UPDATE CURRENT_TIMESTAMP,
  `updated_at` timestamp NOT NULL DEFAULT '0000-00-00 00:00:00'
) ENGINE=InnoDB DEFAULT CHARSET=latin1;

--
-- Dumping data for table `mines`
--

INSERT INTO `mines` (`id`, `name`, `created_at`, `updated_at`) VALUES
(1, 'KAR', '2018-06-25 09:23:21', '0000-00-00 00:00:00'),
(2, 'GKA', '2018-06-25 09:23:21', '0000-00-00 00:00:00'),
(3, 'REN', '2018-06-25 09:23:47', '0000-00-00 00:00:00'),
(4, 'KAO', '2018-06-25 09:23:47', '0000-00-00 00:00:00'),
(5, 'BRA', '2018-06-25 09:23:54', '0000-00-00 00:00:00');

-- --------------------------------------------------------

--
-- Table structure for table `notifications`
--

CREATE TABLE `notifications` (
  `id` char(36) COLLATE utf8mb4_unicode_ci NOT NULL,
  `type` varchar(191) COLLATE utf8mb4_unicode_ci NOT NULL,
  `notifiable_id` int(10) UNSIGNED NOT NULL,
  `notifiable_type` varchar(191) COLLATE utf8mb4_unicode_ci NOT NULL,
  `data` text COLLATE utf8mb4_unicode_ci NOT NULL,
  `read_at` timestamp NULL DEFAULT NULL,
  `created_at` timestamp NULL DEFAULT NULL,
  `updated_at` timestamp NULL DEFAULT NULL
) ENGINE=InnoDB DEFAULT CHARSET=utf8mb4 COLLATE=utf8mb4_unicode_ci;

-- --------------------------------------------------------

--
-- Table structure for table `password_resets`
--

CREATE TABLE `password_resets` (
  `email` varchar(191) COLLATE utf8mb4_unicode_ci NOT NULL,
  `token` varchar(191) COLLATE utf8mb4_unicode_ci NOT NULL,
  `created_at` timestamp NULL DEFAULT NULL
) ENGINE=InnoDB DEFAULT CHARSET=utf8mb4 COLLATE=utf8mb4_unicode_ci;

--
-- Dumping data for table `password_resets`
--

INSERT INTO `password_resets` (`email`, `token`, `created_at`) VALUES
('suresh@buyer.com', '$2y$10$m8RG0hyJLZy1STuMSq14x.TIaUzSIJ7zuy0ua9llug3szMXq6DFW6', '2018-06-29 03:38:08'),
('melissa@designshopp.com', '$2y$10$sLKZ/jlvMJwbelO6N0kP5e6g54WNnRsfdX4JsvyDM6MQBpZjFZH6m', '2018-07-13 01:20:01'),
('programmer12@dynamicdreamz.com', '$2y$10$6gFsKMZogKVNJDbCUGK0t.MD.Psc1WhTFd3fKA2TmM7nTLC7fjee2', '2018-07-16 12:16:08');

-- --------------------------------------------------------

--
-- Table structure for table `permissions`
--

CREATE TABLE `permissions` (
  `id` int(10) UNSIGNED NOT NULL,
  `name` varchar(191) COLLATE utf8mb4_unicode_ci NOT NULL,
  `slug` varchar(191) COLLATE utf8mb4_unicode_ci NOT NULL,
  `description` text COLLATE utf8mb4_unicode_ci,
  `created_at` timestamp NULL DEFAULT NULL,
  `updated_at` timestamp NULL DEFAULT NULL
) ENGINE=InnoDB DEFAULT CHARSET=utf8mb4 COLLATE=utf8mb4_unicode_ci;

-- --------------------------------------------------------

--
-- Table structure for table `permission_role`
--

CREATE TABLE `permission_role` (
  `id` int(10) UNSIGNED NOT NULL,
  `permission_id` int(10) UNSIGNED NOT NULL,
  `role_id` int(10) UNSIGNED NOT NULL,
  `created_at` timestamp NULL DEFAULT NULL,
  `updated_at` timestamp NULL DEFAULT NULL
) ENGINE=InnoDB DEFAULT CHARSET=utf8mb4 COLLATE=utf8mb4_unicode_ci;

-- --------------------------------------------------------

--
-- Table structure for table `permission_user`
--

CREATE TABLE `permission_user` (
  `id` int(10) UNSIGNED NOT NULL,
  `permission_id` int(10) UNSIGNED NOT NULL,
  `user_id` int(10) UNSIGNED NOT NULL,
  `created_at` timestamp NULL DEFAULT NULL,
  `updated_at` timestamp NULL DEFAULT NULL
) ENGINE=InnoDB DEFAULT CHARSET=utf8mb4 COLLATE=utf8mb4_unicode_ci;

-- --------------------------------------------------------

--
-- Table structure for table `polish_types`
--

CREATE TABLE `polish_types` (
  `id` int(10) UNSIGNED NOT NULL,
  `label` varchar(191) COLLATE utf8mb4_unicode_ci NOT NULL,
  `deleted_at` timestamp NULL DEFAULT NULL,
  `created_at` timestamp NULL DEFAULT NULL,
  `updated_at` timestamp NULL DEFAULT NULL
) ENGINE=InnoDB DEFAULT CHARSET=utf8mb4 COLLATE=utf8mb4_unicode_ci;

--
-- Dumping data for table `polish_types`
--

INSERT INTO `polish_types` (`id`, `label`, `deleted_at`, `created_at`, `updated_at`) VALUES
(1, 'Excellent', NULL, '2017-05-17 05:51:14', NULL),
(2, 'Very Good', NULL, '2017-05-17 05:51:16', NULL),
(3, 'Good', NULL, '2017-05-17 05:51:26', NULL),
(4, 'Fair', NULL, '2017-05-17 05:51:27', NULL),
(5, 'Poor', NULL, '2017-05-17 05:51:28', NULL);

-- --------------------------------------------------------

--
-- Table structure for table `producer`
--

CREATE TABLE `producer` (
  `id` int(11) NOT NULL,
  `name` varchar(100) NOT NULL,
  `created_at` timestamp NOT NULL DEFAULT CURRENT_TIMESTAMP ON UPDATE CURRENT_TIMESTAMP,
  `updated_at` timestamp NOT NULL DEFAULT '0000-00-00 00:00:00'
) ENGINE=InnoDB DEFAULT CHARSET=latin1;

--
-- Dumping data for table `producer`
--

INSERT INTO `producer` (`id`, `name`, `created_at`, `updated_at`) VALUES
(1, 'LUC', '2018-06-25 09:25:55', '0000-00-00 00:00:00'),
(2, 'MPV', '2018-06-25 09:25:55', '0000-00-00 00:00:00'),
(3, 'SWY', '2018-06-25 09:26:13', '0000-00-00 00:00:00'),
(4, 'NMK', '2018-06-25 09:26:13', '0000-00-00 00:00:00'),
(5, 'BRA', '2018-06-25 09:26:23', '0000-00-00 00:00:00');

-- --------------------------------------------------------

--
-- Table structure for table `producers`
--

CREATE TABLE `producers` (
  `id` int(11) NOT NULL,
  `producer_name` varchar(50) DEFAULT NULL,
  `producer_content` text,
  `producer_file` text,
  `created_at` datetime DEFAULT CURRENT_TIMESTAMP,
  `updated_at` datetime DEFAULT CURRENT_TIMESTAMP
) ENGINE=InnoDB DEFAULT CHARSET=latin1;

--
-- Dumping data for table `producers`
--

INSERT INTO `producers` (`id`, `producer_name`, `producer_content`, `producer_file`, `created_at`, `updated_at`) VALUES
(1, 'Producer 1', '<h2><strong>Producer 1</strong></h2>', '1532425959producerfile1.pdf', '2018-07-24 09:52:39', '2018-07-24 09:52:39'),
(2, 'p2', '<h2><strong>Producer 2</strong></h2>', '1532425959producerfile2.pdf', '2018-07-24 09:52:39', '2018-07-24 09:52:39'),
(3, 'p3', '<h2><strong>Producer 3</strong></h2>', '1532425959producerfile3.pdf', '2018-07-24 09:52:39', '2018-07-24 09:52:39');

-- --------------------------------------------------------

--
-- Table structure for table `producer_images`
--

CREATE TABLE `producer_images` (
  `id` int(11) NOT NULL,
  `producer_id` int(11) NOT NULL,
  `image` text NOT NULL
) ENGINE=InnoDB DEFAULT CHARSET=latin1;

--
-- Dumping data for table `producer_images`
--

INSERT INTO `producer_images` (`id`, `producer_id`, `image`) VALUES
(1, 1, '1532425959producer10.jpeg'),
(2, 1, '1532425959producer11.jpeg'),
(4, 2, '1532425959producer20.jpeg'),
(5, 2, '1532425959producer21.jpeg'),
(6, 2, '1532425959producer22.jpeg'),
(7, 3, '1532425959producer30.jpeg'),
(8, 3, '1532425959producer31.jpeg'),
(9, 3, '1532425959producer32.jpeg'),
(11, 1, '1532500565producer10.png');

-- --------------------------------------------------------

--
-- Table structure for table `profiles`
--

CREATE TABLE `profiles` (
  `id` int(10) UNSIGNED NOT NULL,
  `user_id` int(10) UNSIGNED NOT NULL,
  `company_name` varchar(191) COLLATE utf8mb4_unicode_ci DEFAULT NULL,
  `company_address_1` varchar(191) COLLATE utf8mb4_unicode_ci DEFAULT NULL,
  `company_address_2` varchar(191) COLLATE utf8mb4_unicode_ci DEFAULT NULL,
  `city` varchar(191) COLLATE utf8mb4_unicode_ci DEFAULT NULL,
  `country_id` varchar(191) COLLATE utf8mb4_unicode_ci NOT NULL,
  `province_id` varchar(191) COLLATE utf8mb4_unicode_ci DEFAULT NULL,
  `company_phone` varchar(191) COLLATE utf8mb4_unicode_ci DEFAULT NULL,
  `postal_code` varchar(10) COLLATE utf8mb4_unicode_ci DEFAULT NULL,
  `company_web` varchar(250) COLLATE utf8mb4_unicode_ci DEFAULT NULL,
  `type_of_company` int(10) DEFAULT NULL,
  `other_typeof_company` varchar(50) COLLATE utf8mb4_unicode_ci DEFAULT NULL,
  `incorporation_certificate` varchar(100) COLLATE utf8mb4_unicode_ci DEFAULT NULL,
  `memorandom_certificate` varchar(100) COLLATE utf8mb4_unicode_ci DEFAULT NULL,
  `acc_rlc_certificate` varchar(100) COLLATE utf8mb4_unicode_ci DEFAULT NULL,
  `acc_prov_certificate` varchar(100) COLLATE utf8mb4_unicode_ci DEFAULT NULL,
  `status` enum('Active','Inactive','Uncomplete') COLLATE utf8mb4_unicode_ci NOT NULL,
  `created_at` timestamp NULL DEFAULT NULL,
  `updated_at` timestamp NULL DEFAULT NULL
) ENGINE=InnoDB DEFAULT CHARSET=utf8mb4 COLLATE=utf8mb4_unicode_ci;

--
-- Dumping data for table `profiles`
--

INSERT INTO `profiles` (`id`, `user_id`, `company_name`, `company_address_1`, `company_address_2`, `city`, `country_id`, `province_id`, `company_phone`, `postal_code`, `company_web`, `type_of_company`, `other_typeof_company`, `incorporation_certificate`, `memorandom_certificate`, `acc_rlc_certificate`, `acc_prov_certificate`, `status`, `created_at`, `updated_at`) VALUES
(15, 38, 'design shopp', 'surat', 'balaji house', 'surat', '101', '12', '1234657898', '395002', 'http://localhost/diamondtrail/public/register/buyer', 1, NULL, '401529663073mem.pdf', '401529663073inc.pdf', NULL, NULL, 'Active', '2018-06-22 04:50:52', '2018-07-27 09:14:26'),
(16, 39, 'design shopp', 'Test', 'test', 'Montreal', '82', '1364', '2342432423', 'h2y2w7', 'http://localhost/diamondtrail/public/register/seller', 3, NULL, '421529906853inc.pdf', '1532495599mem.pdf', '401529663073rlc.pdf', '431530335211prov.pdf', 'Active', '2018-06-22 04:52:02', '2018-07-27 09:14:40'),
(17, 40, 'comman', 'surat', 'surat', 'surat', '101', '12', '1234567888', '123456', 'http://localhost/diamondtrail/public/register/buyer-seller', 1, NULL, '401529663073inc.pdf', '401529663073mem.pdf', '401529663073rlc.pdf', NULL, 'Active', '2018-06-22 04:54:33', '2018-07-20 10:24:37'),
(18, 41, 'dd', 'surat', 'surat', 'surat', '101', '12', '1234564897', '123456', 'https://mail.google.com/mail/u/0/#inbox', 1, NULL, '411529906853inc.pdf', '411529906853mem.pdf', NULL, NULL, 'Active', '2018-06-25 00:37:33', '2018-07-20 10:24:43'),
(19, 42, 'dd', 'surat', 'surat', 'surat', '101', '1', '1324567982', '123456', 'https://mail.google.com/mail/u/0/#inbox', 2, NULL, '421529906853inc.pdf', '421529906853mem.pdf', '421529906853rlc.pdf', '421529906853prov.pdf', 'Active', '2018-06-25 00:37:33', '2018-06-25 00:37:33'),
(20, 43, 'test', 'aamliran', 'aamliran', 'surat', '101', '12', '1234567890', '395002', NULL, 6, 'DD2', '431530335211inc.pdf', '431530335211mem.pdf', '431530335211rlc.pdf', '431530335211prov.pdf', 'Active', '2018-06-29 23:36:51', '2018-06-29 23:36:51'),
(21, 44, 'DD2', '140 st. john', 'suit A', 'morocco', '231', '3920', '5123450123', '464211', NULL, 6, '140 st. john', '441530337593inc.pdf', '441530337593mem.pdf', NULL, NULL, 'Active', '2018-06-30 00:16:33', '2018-06-30 00:16:33'),
(22, 45, 'DD2', '140 st. john', 'suit A', 'morocco', '231', '3920', '5123450123', '464211', NULL, 6, 'DD2', '451530527229inc.pdf', '451530527229mem.pdf', NULL, NULL, 'Active', '2018-07-02 04:57:09', '2018-07-25 04:05:40'),
(23, 46, 'DD2', '140 st. john', 'suit A', 'morocco', '231', '3919', '1234567890', '395002', NULL, 6, 'DD2', '461530528773inc.pdf', '461530528773mem.pdf', '461530528773rlc.pdf', '461530528773prov.pdf', 'Active', '2018-07-02 05:22:53', '2018-07-25 04:39:10'),
(24, 47, 'DD2', '140 st. john', 'suit A', 'morocco', '231', '3919', '5123450123', '464211', NULL, 6, 'DD2', '471530529026inc.pdf', '471530529026mem.pdf', '471530529026rlc.pdf', '471530529026prov.pdf', 'Active', '2018-07-02 05:27:06', '2018-07-02 05:27:06'),
(26, 49, 'Design Shopp', '507 Place d\'Armes', '260', 'Montreal', '38', '673', '5143038327', 'H2Y2W8', 'http://www.designshopp.com', 1, NULL, '491531217642inc.pdf', '491531217642mem.pdf', '491531217642rlc.pdf', '491531217642prov.pdf', 'Active', '2018-07-10 04:44:02', '2018-07-10 04:44:02'),
(27, 52, 'design shopp', 'us', 'us', 'new york', '231', '3923', '123456892', '457897', 'http://json.parser.online.fr/', 1, NULL, '521531475064inc.pdf', '521531475064mem.pdf', NULL, NULL, 'Active', '2018-07-13 09:44:24', '2018-07-13 09:44:24'),
(28, 53, 'Design Shopp Buyer', '507 Place d\'Armes', NULL, 'Montreal', '38', '673', '5143038327', 'H9C2X3', 'http://www.designshopp.com', 3, NULL, '531531478474inc.pdf', '531531478474mem.pdf', NULL, NULL, 'Active', '2018-07-13 10:41:14', '2018-07-13 10:41:14'),
(29, 54, 'Design Shopp Buyer3', '507 Place d\'Armes', NULL, 'Montreal', '38', '673', '5143038327', 'H9C2X3', NULL, 4, NULL, '541531478825inc.pdf', '541531478825mem.pdf', '541531478825rlc.pdf', '541531478825prov.pdf', 'Active', '2018-07-13 10:47:05', '2018-07-13 10:47:05'),
(30, 55, 'Testing', '507 Place d\'Armes', NULL, 'Montreal', '38', '673', '5143333333', 'H9C2X3', 'http://www.designshopp.com', 5, NULL, '551531487955inc.pdf', '551531487955mem.pdf', '551531487955rlc.pdf', '551531487955prov.pdf', 'Active', '2018-07-13 13:19:15', '2018-07-13 13:19:15'),
(31, 56, 'Design Shopp Buyer', '507 Place d\'Armes', NULL, 'Montreal', '38', '673', '5143038363', 'H9C2X3', 'http://www.designshopp.com', 2, NULL, '561531489185inc.pdf', '561531489185mem.pdf', '561531489185rlc.pdf', '561531489185prov.pdf', 'Active', '2018-07-13 13:39:45', '2018-07-13 13:39:45');

-- --------------------------------------------------------

--
-- Table structure for table `provinces`
--

CREATE TABLE `provinces` (
  `id` int(10) UNSIGNED NOT NULL,
  `country_id` int(11) NOT NULL,
  `name` varchar(191) COLLATE utf8mb4_unicode_ci NOT NULL,
  `abbreviation` varchar(191) COLLATE utf8mb4_unicode_ci NOT NULL,
  `created_at` timestamp NULL DEFAULT NULL,
  `updated_at` timestamp NULL DEFAULT NULL
) ENGINE=InnoDB DEFAULT CHARSET=utf8mb4 COLLATE=utf8mb4_unicode_ci;

--
-- Dumping data for table `provinces`
--

INSERT INTO `provinces` (`id`, `country_id`, `name`, `abbreviation`, `created_at`, `updated_at`) VALUES
(1, 101, 'Andaman and Nicobar Islands', '', NULL, NULL),
(2, 101, 'Andhra Pradesh', '', NULL, NULL),
(3, 101, 'Arunachal Pradesh', '', NULL, NULL),
(4, 101, 'Assam', '', NULL, NULL),
(5, 101, 'Bihar', '', NULL, NULL),
(6, 101, 'Chandigarh', '', NULL, NULL),
(7, 101, 'Chhattisgarh', '', NULL, NULL),
(8, 101, 'Dadra and Nagar Haveli', '', NULL, NULL),
(9, 101, 'Daman and Diu', '', NULL, NULL),
(10, 101, 'Delhi', '', NULL, NULL),
(11, 101, 'Goa', '', NULL, NULL),
(12, 101, 'Gujarat', '', NULL, NULL),
(13, 101, 'Haryana', '', NULL, NULL),
(14, 101, 'Himachal Pradesh', '', NULL, NULL),
(15, 101, 'Jammu and Kashmir', '', NULL, NULL),
(16, 101, 'Jharkhand', '', NULL, NULL),
(17, 101, 'Karnataka', '', NULL, NULL),
(18, 101, 'Kenmore', '', NULL, NULL),
(19, 101, 'Kerala', '', NULL, NULL),
(20, 101, 'Lakshadweep', '', NULL, NULL),
(21, 101, 'Madhya Pradesh', '', NULL, NULL),
(22, 101, 'Maharashtra', '', NULL, NULL),
(23, 101, 'Manipur', '', NULL, NULL),
(24, 101, 'Meghalaya', '', NULL, NULL),
(25, 101, 'Mizoram', '', NULL, NULL),
(26, 101, 'Nagaland', '', NULL, NULL),
(27, 101, 'Narora', '', NULL, NULL),
(28, 101, 'Natwar', '', NULL, NULL),
(29, 101, 'Odisha', '', NULL, NULL),
(30, 101, 'Paschim Medinipur', '', NULL, NULL),
(31, 101, 'Pondicherry', '', NULL, NULL),
(32, 101, 'Punjab', '', NULL, NULL),
(33, 101, 'Rajasthan', '', NULL, NULL),
(34, 101, 'Sikkim', '', NULL, NULL),
(35, 101, 'Tamil Nadu', '', NULL, NULL),
(36, 101, 'Telangana', '', NULL, NULL),
(37, 101, 'Tripura', '', NULL, NULL),
(38, 101, 'Uttar Pradesh', '', NULL, NULL),
(39, 101, 'Uttarakhand', '', NULL, NULL),
(40, 101, 'Vaishali', '', NULL, NULL),
(41, 101, 'West Bengal', '', NULL, NULL),
(42, 1, 'Badakhshan', '', NULL, NULL),
(43, 1, 'Badgis', '', NULL, NULL),
(44, 1, 'Baglan', '', NULL, NULL),
(45, 1, 'Balkh', '', NULL, NULL),
(46, 1, 'Bamiyan', '', NULL, NULL),
(47, 1, 'Farah', '', NULL, NULL),
(48, 1, 'Faryab', '', NULL, NULL),
(49, 1, 'Gawr', '', NULL, NULL),
(50, 1, 'Gazni', '', NULL, NULL),
(51, 1, 'Herat', '', NULL, NULL),
(52, 1, 'Hilmand', '', NULL, NULL),
(53, 1, 'Jawzjan', '', NULL, NULL),
(54, 1, 'Kabul', '', NULL, NULL),
(55, 1, 'Kapisa', '', NULL, NULL),
(56, 1, 'Khawst', '', NULL, NULL),
(57, 1, 'Kunar', '', NULL, NULL),
(58, 1, 'Lagman', '', NULL, NULL),
(59, 1, 'Lawghar', '', NULL, NULL),
(60, 1, 'Nangarhar', '', NULL, NULL),
(61, 1, 'Nimruz', '', NULL, NULL),
(62, 1, 'Nuristan', '', NULL, NULL),
(63, 1, 'Paktika', '', NULL, NULL),
(64, 1, 'Paktiya', '', NULL, NULL),
(65, 1, 'Parwan', '', NULL, NULL),
(66, 1, 'Qandahar', '', NULL, NULL),
(67, 1, 'Qunduz', '', NULL, NULL),
(68, 1, 'Samangan', '', NULL, NULL),
(69, 1, 'Sar-e Pul', '', NULL, NULL),
(70, 1, 'Takhar', '', NULL, NULL),
(71, 1, 'Uruzgan', '', NULL, NULL),
(72, 1, 'Wardag', '', NULL, NULL),
(73, 1, 'Zabul', '', NULL, NULL),
(74, 2, 'Berat', '', NULL, NULL),
(75, 2, 'Bulqize', '', NULL, NULL),
(76, 2, 'Delvine', '', NULL, NULL),
(77, 2, 'Devoll', '', NULL, NULL),
(78, 2, 'Dibre', '', NULL, NULL),
(79, 2, 'Durres', '', NULL, NULL),
(80, 2, 'Elbasan', '', NULL, NULL),
(81, 2, 'Fier', '', NULL, NULL),
(82, 2, 'Gjirokaster', '', NULL, NULL),
(83, 2, 'Gramsh', '', NULL, NULL),
(84, 2, 'Has', '', NULL, NULL),
(85, 2, 'Kavaje', '', NULL, NULL),
(86, 2, 'Kolonje', '', NULL, NULL),
(87, 2, 'Korce', '', NULL, NULL),
(88, 2, 'Kruje', '', NULL, NULL),
(89, 2, 'Kucove', '', NULL, NULL),
(90, 2, 'Kukes', '', NULL, NULL),
(91, 2, 'Kurbin', '', NULL, NULL),
(92, 2, 'Lezhe', '', NULL, NULL),
(93, 2, 'Librazhd', '', NULL, NULL),
(94, 2, 'Lushnje', '', NULL, NULL),
(95, 2, 'Mallakaster', '', NULL, NULL),
(96, 2, 'Malsi e Madhe', '', NULL, NULL),
(97, 2, 'Mat', '', NULL, NULL),
(98, 2, 'Mirdite', '', NULL, NULL),
(99, 2, 'Peqin', '', NULL, NULL),
(100, 2, 'Permet', '', NULL, NULL),
(101, 2, 'Pogradec', '', NULL, NULL),
(102, 2, 'Puke', '', NULL, NULL),
(103, 2, 'Sarande', '', NULL, NULL),
(104, 2, 'Shkoder', '', NULL, NULL),
(105, 2, 'Skrapar', '', NULL, NULL),
(106, 2, 'Tepelene', '', NULL, NULL),
(107, 2, 'Tirane', '', NULL, NULL),
(108, 2, 'Tropoje', '', NULL, NULL),
(109, 2, 'Vlore', '', NULL, NULL),
(110, 3, '\'Ayn Daflah', '', NULL, NULL),
(111, 3, '\'Ayn Tamushanat', '', NULL, NULL),
(112, 3, 'Adrar', '', NULL, NULL),
(113, 3, 'Algiers', '', NULL, NULL),
(114, 3, 'Annabah', '', NULL, NULL),
(115, 3, 'Bashshar', '', NULL, NULL),
(116, 3, 'Batnah', '', NULL, NULL),
(117, 3, 'Bijayah', '', NULL, NULL),
(118, 3, 'Biskrah', '', NULL, NULL),
(119, 3, 'Blidah', '', NULL, NULL),
(120, 3, 'Buirah', '', NULL, NULL),
(121, 3, 'Bumardas', '', NULL, NULL),
(122, 3, 'Burj Bu Arririj', '', NULL, NULL),
(123, 3, 'Ghalizan', '', NULL, NULL),
(124, 3, 'Ghardayah', '', NULL, NULL),
(125, 3, 'Ilizi', '', NULL, NULL),
(126, 3, 'Jijili', '', NULL, NULL),
(127, 3, 'Jilfah', '', NULL, NULL),
(128, 3, 'Khanshalah', '', NULL, NULL),
(129, 3, 'Masilah', '', NULL, NULL),
(130, 3, 'Midyah', '', NULL, NULL),
(131, 3, 'Milah', '', NULL, NULL),
(132, 3, 'Muaskar', '', NULL, NULL),
(133, 3, 'Mustaghanam', '', NULL, NULL),
(134, 3, 'Naama', '', NULL, NULL),
(135, 3, 'Oran', '', NULL, NULL),
(136, 3, 'Ouargla', '', NULL, NULL),
(137, 3, 'Qalmah', '', NULL, NULL),
(138, 3, 'Qustantinah', '', NULL, NULL),
(139, 3, 'Sakikdah', '', NULL, NULL),
(140, 3, 'Satif', '', NULL, NULL),
(141, 3, 'Sayda\'', '', NULL, NULL),
(142, 3, 'Sidi ban-al-\'Abbas', '', NULL, NULL),
(143, 3, 'Suq Ahras', '', NULL, NULL),
(144, 3, 'Tamanghasat', '', NULL, NULL),
(145, 3, 'Tibazah', '', NULL, NULL),
(146, 3, 'Tibissah', '', NULL, NULL),
(147, 3, 'Tilimsan', '', NULL, NULL),
(148, 3, 'Tinduf', '', NULL, NULL),
(149, 3, 'Tisamsilt', '', NULL, NULL),
(150, 3, 'Tiyarat', '', NULL, NULL),
(151, 3, 'Tizi Wazu', '', NULL, NULL),
(152, 3, 'Umm-al-Bawaghi', '', NULL, NULL),
(153, 3, 'Wahran', '', NULL, NULL),
(154, 3, 'Warqla', '', NULL, NULL),
(155, 3, 'Wilaya d Alger', '', NULL, NULL),
(156, 3, 'Wilaya de Bejaia', '', NULL, NULL),
(157, 3, 'Wilaya de Constantine', '', NULL, NULL),
(158, 3, 'al-Aghwat', '', NULL, NULL),
(159, 3, 'al-Bayadh', '', NULL, NULL),
(160, 3, 'al-Jaza\'ir', '', NULL, NULL),
(161, 3, 'al-Wad', '', NULL, NULL),
(162, 3, 'ash-Shalif', '', NULL, NULL),
(163, 3, 'at-Tarif', '', NULL, NULL),
(164, 4, 'Eastern', '', NULL, NULL),
(165, 4, 'Manu\'a', '', NULL, NULL),
(166, 4, 'Swains Island', '', NULL, NULL),
(167, 4, 'Western', '', NULL, NULL),
(168, 5, 'Andorra la Vella', '', NULL, NULL),
(169, 5, 'Canillo', '', NULL, NULL),
(170, 5, 'Encamp', '', NULL, NULL),
(171, 5, 'La Massana', '', NULL, NULL),
(172, 5, 'Les Escaldes', '', NULL, NULL),
(173, 5, 'Ordino', '', NULL, NULL),
(174, 5, 'Sant Julia de Loria', '', NULL, NULL),
(175, 6, 'Bengo', '', NULL, NULL),
(176, 6, 'Benguela', '', NULL, NULL),
(177, 6, 'Bie', '', NULL, NULL),
(178, 6, 'Cabinda', '', NULL, NULL),
(179, 6, 'Cunene', '', NULL, NULL),
(180, 6, 'Huambo', '', NULL, NULL),
(181, 6, 'Huila', '', NULL, NULL),
(182, 6, 'Kuando-Kubango', '', NULL, NULL),
(183, 6, 'Kwanza Norte', '', NULL, NULL),
(184, 6, 'Kwanza Sul', '', NULL, NULL),
(185, 6, 'Luanda', '', NULL, NULL),
(186, 6, 'Lunda Norte', '', NULL, NULL),
(187, 6, 'Lunda Sul', '', NULL, NULL),
(188, 6, 'Malanje', '', NULL, NULL),
(189, 6, 'Moxico', '', NULL, NULL),
(190, 6, 'Namibe', '', NULL, NULL),
(191, 6, 'Uige', '', NULL, NULL),
(192, 6, 'Zaire', '', NULL, NULL),
(193, 7, 'Other Provinces', '', NULL, NULL),
(194, 8, 'Sector claimed by Argentina/Ch', '', NULL, NULL),
(195, 8, 'Sector claimed by Argentina/UK', '', NULL, NULL),
(196, 8, 'Sector claimed by Australia', '', NULL, NULL),
(197, 8, 'Sector claimed by France', '', NULL, NULL),
(198, 8, 'Sector claimed by New Zealand', '', NULL, NULL),
(199, 8, 'Sector claimed by Norway', '', NULL, NULL),
(200, 8, 'Unclaimed Sector', '', NULL, NULL),
(201, 9, 'Barbuda', '', NULL, NULL),
(202, 9, 'Saint George', '', NULL, NULL),
(203, 9, 'Saint John', '', NULL, NULL),
(204, 9, 'Saint Mary', '', NULL, NULL),
(205, 9, 'Saint Paul', '', NULL, NULL),
(206, 9, 'Saint Peter', '', NULL, NULL),
(207, 9, 'Saint Philip', '', NULL, NULL),
(208, 10, 'Buenos Aires', '', NULL, NULL),
(209, 10, 'Catamarca', '', NULL, NULL),
(210, 10, 'Chaco', '', NULL, NULL),
(211, 10, 'Chubut', '', NULL, NULL),
(212, 10, 'Cordoba', '', NULL, NULL),
(213, 10, 'Corrientes', '', NULL, NULL),
(214, 10, 'Distrito Federal', '', NULL, NULL),
(215, 10, 'Entre Rios', '', NULL, NULL),
(216, 10, 'Formosa', '', NULL, NULL),
(217, 10, 'Jujuy', '', NULL, NULL),
(218, 10, 'La Pampa', '', NULL, NULL),
(219, 10, 'La Rioja', '', NULL, NULL),
(220, 10, 'Mendoza', '', NULL, NULL),
(221, 10, 'Misiones', '', NULL, NULL),
(222, 10, 'Neuquen', '', NULL, NULL),
(223, 10, 'Rio Negro', '', NULL, NULL),
(224, 10, 'Salta', '', NULL, NULL),
(225, 10, 'San Juan', '', NULL, NULL),
(226, 10, 'San Luis', '', NULL, NULL),
(227, 10, 'Santa Cruz', '', NULL, NULL),
(228, 10, 'Santa Fe', '', NULL, NULL),
(229, 10, 'Santiago del Estero', '', NULL, NULL),
(230, 10, 'Tierra del Fuego', '', NULL, NULL),
(231, 10, 'Tucuman', '', NULL, NULL),
(232, 11, 'Aragatsotn', '', NULL, NULL),
(233, 11, 'Ararat', '', NULL, NULL),
(234, 11, 'Armavir', '', NULL, NULL),
(235, 11, 'Gegharkunik', '', NULL, NULL),
(236, 11, 'Kotaik', '', NULL, NULL),
(237, 11, 'Lori', '', NULL, NULL),
(238, 11, 'Shirak', '', NULL, NULL),
(239, 11, 'Stepanakert', '', NULL, NULL),
(240, 11, 'Syunik', '', NULL, NULL),
(241, 11, 'Tavush', '', NULL, NULL),
(242, 11, 'Vayots Dzor', '', NULL, NULL),
(243, 11, 'Yerevan', '', NULL, NULL),
(244, 12, 'Aruba', '', NULL, NULL),
(245, 13, 'Auckland', '', NULL, NULL),
(246, 13, 'Australian Capital Territory', '', NULL, NULL),
(247, 13, 'Balgowlah', '', NULL, NULL),
(248, 13, 'Balmain', '', NULL, NULL),
(249, 13, 'Bankstown', '', NULL, NULL),
(250, 13, 'Baulkham Hills', '', NULL, NULL),
(251, 13, 'Bonnet Bay', '', NULL, NULL),
(252, 13, 'Camberwell', '', NULL, NULL),
(253, 13, 'Carole Park', '', NULL, NULL),
(254, 13, 'Castle Hill', '', NULL, NULL),
(255, 13, 'Caulfield', '', NULL, NULL),
(256, 13, 'Chatswood', '', NULL, NULL),
(257, 13, 'Cheltenham', '', NULL, NULL),
(258, 13, 'Cherrybrook', '', NULL, NULL),
(259, 13, 'Clayton', '', NULL, NULL),
(260, 13, 'Collingwood', '', NULL, NULL),
(261, 13, 'Frenchs Forest', '', NULL, NULL),
(262, 13, 'Hawthorn', '', NULL, NULL),
(263, 13, 'Jannnali', '', NULL, NULL),
(264, 13, 'Knoxfield', '', NULL, NULL),
(265, 13, 'Melbourne', '', NULL, NULL),
(266, 13, 'New South Wales', '', NULL, NULL),
(267, 13, 'Northern Territory', '', NULL, NULL),
(268, 13, 'Perth', '', NULL, NULL),
(269, 13, 'Queensland', '', NULL, NULL),
(270, 13, 'South Australia', '', NULL, NULL),
(271, 13, 'Tasmania', '', NULL, NULL),
(272, 13, 'Templestowe', '', NULL, NULL),
(273, 13, 'Victoria', '', NULL, NULL),
(274, 13, 'Werribee south', '', NULL, NULL),
(275, 13, 'Western Australia', '', NULL, NULL),
(276, 13, 'Wheeler', '', NULL, NULL),
(277, 14, 'Bundesland Salzburg', '', NULL, NULL),
(278, 14, 'Bundesland Steiermark', '', NULL, NULL),
(279, 14, 'Bundesland Tirol', '', NULL, NULL),
(280, 14, 'Burgenland', '', NULL, NULL),
(281, 14, 'Carinthia', '', NULL, NULL),
(282, 14, 'Karnten', '', NULL, NULL),
(283, 14, 'Liezen', '', NULL, NULL),
(284, 14, 'Lower Austria', '', NULL, NULL),
(285, 14, 'Niederosterreich', '', NULL, NULL),
(286, 14, 'Oberosterreich', '', NULL, NULL),
(287, 14, 'Salzburg', '', NULL, NULL),
(288, 14, 'Schleswig-Holstein', '', NULL, NULL),
(289, 14, 'Steiermark', '', NULL, NULL),
(290, 14, 'Styria', '', NULL, NULL),
(291, 14, 'Tirol', '', NULL, NULL),
(292, 14, 'Upper Austria', '', NULL, NULL),
(293, 14, 'Vorarlberg', '', NULL, NULL),
(294, 14, 'Wien', '', NULL, NULL),
(295, 15, 'Abseron', '', NULL, NULL),
(296, 15, 'Baki Sahari', '', NULL, NULL),
(297, 15, 'Ganca', '', NULL, NULL),
(298, 15, 'Ganja', '', NULL, NULL),
(299, 15, 'Kalbacar', '', NULL, NULL),
(300, 15, 'Lankaran', '', NULL, NULL),
(301, 15, 'Mil-Qarabax', '', NULL, NULL),
(302, 15, 'Mugan-Salyan', '', NULL, NULL),
(303, 15, 'Nagorni-Qarabax', '', NULL, NULL),
(304, 15, 'Naxcivan', '', NULL, NULL),
(305, 15, 'Priaraks', '', NULL, NULL),
(306, 15, 'Qazax', '', NULL, NULL),
(307, 15, 'Saki', '', NULL, NULL),
(308, 15, 'Sirvan', '', NULL, NULL),
(309, 15, 'Xacmaz', '', NULL, NULL),
(310, 16, 'Abaco', '', NULL, NULL),
(311, 16, 'Acklins Island', '', NULL, NULL),
(312, 16, 'Andros', '', NULL, NULL),
(313, 16, 'Berry Islands', '', NULL, NULL),
(314, 16, 'Biminis', '', NULL, NULL),
(315, 16, 'Cat Island', '', NULL, NULL),
(316, 16, 'Crooked Island', '', NULL, NULL),
(317, 16, 'Eleuthera', '', NULL, NULL),
(318, 16, 'Exuma and Cays', '', NULL, NULL),
(319, 16, 'Grand Bahama', '', NULL, NULL),
(320, 16, 'Inagua Islands', '', NULL, NULL),
(321, 16, 'Long Island', '', NULL, NULL),
(322, 16, 'Mayaguana', '', NULL, NULL),
(323, 16, 'New Providence', '', NULL, NULL),
(324, 16, 'Ragged Island', '', NULL, NULL),
(325, 16, 'Rum Cay', '', NULL, NULL),
(326, 16, 'San Salvador', '', NULL, NULL),
(327, 17, '\'Isa', '', NULL, NULL),
(328, 17, 'Badiyah', '', NULL, NULL),
(329, 17, 'Hidd', '', NULL, NULL),
(330, 17, 'Jidd Hafs', '', NULL, NULL),
(331, 17, 'Mahama', '', NULL, NULL),
(332, 17, 'Manama', '', NULL, NULL),
(333, 17, 'Sitrah', '', NULL, NULL),
(334, 17, 'al-Manamah', '', NULL, NULL),
(335, 17, 'al-Muharraq', '', NULL, NULL),
(336, 17, 'ar-Rifa\'a', '', NULL, NULL),
(337, 18, 'Bagar Hat', '', NULL, NULL),
(338, 18, 'Bandarban', '', NULL, NULL),
(339, 18, 'Barguna', '', NULL, NULL),
(340, 18, 'Barisal', '', NULL, NULL),
(341, 18, 'Bhola', '', NULL, NULL),
(342, 18, 'Bogora', '', NULL, NULL),
(343, 18, 'Brahman Bariya', '', NULL, NULL),
(344, 18, 'Chandpur', '', NULL, NULL),
(345, 18, 'Chattagam', '', NULL, NULL),
(346, 18, 'Chittagong Division', '', NULL, NULL),
(347, 18, 'Chuadanga', '', NULL, NULL),
(348, 18, 'Dhaka', '', NULL, NULL),
(349, 18, 'Dinajpur', '', NULL, NULL),
(350, 18, 'Faridpur', '', NULL, NULL),
(351, 18, 'Feni', '', NULL, NULL),
(352, 18, 'Gaybanda', '', NULL, NULL),
(353, 18, 'Gazipur', '', NULL, NULL),
(354, 18, 'Gopalganj', '', NULL, NULL),
(355, 18, 'Habiganj', '', NULL, NULL),
(356, 18, 'Jaipur Hat', '', NULL, NULL),
(357, 18, 'Jamalpur', '', NULL, NULL),
(358, 18, 'Jessor', '', NULL, NULL),
(359, 18, 'Jhalakati', '', NULL, NULL),
(360, 18, 'Jhanaydah', '', NULL, NULL),
(361, 18, 'Khagrachhari', '', NULL, NULL),
(362, 18, 'Khulna', '', NULL, NULL),
(363, 18, 'Kishorganj', '', NULL, NULL),
(364, 18, 'Koks Bazar', '', NULL, NULL),
(365, 18, 'Komilla', '', NULL, NULL),
(366, 18, 'Kurigram', '', NULL, NULL),
(367, 18, 'Kushtiya', '', NULL, NULL),
(368, 18, 'Lakshmipur', '', NULL, NULL),
(369, 18, 'Lalmanir Hat', '', NULL, NULL),
(370, 18, 'Madaripur', '', NULL, NULL),
(371, 18, 'Magura', '', NULL, NULL),
(372, 18, 'Maimansingh', '', NULL, NULL),
(373, 18, 'Manikganj', '', NULL, NULL),
(374, 18, 'Maulvi Bazar', '', NULL, NULL),
(375, 18, 'Meherpur', '', NULL, NULL),
(376, 18, 'Munshiganj', '', NULL, NULL),
(377, 18, 'Naral', '', NULL, NULL),
(378, 18, 'Narayanganj', '', NULL, NULL),
(379, 18, 'Narsingdi', '', NULL, NULL),
(380, 18, 'Nator', '', NULL, NULL),
(381, 18, 'Naugaon', '', NULL, NULL),
(382, 18, 'Nawabganj', '', NULL, NULL),
(383, 18, 'Netrakona', '', NULL, NULL),
(384, 18, 'Nilphamari', '', NULL, NULL),
(385, 18, 'Noakhali', '', NULL, NULL),
(386, 18, 'Pabna', '', NULL, NULL),
(387, 18, 'Panchagarh', '', NULL, NULL),
(388, 18, 'Patuakhali', '', NULL, NULL),
(389, 18, 'Pirojpur', '', NULL, NULL),
(390, 18, 'Rajbari', '', NULL, NULL),
(391, 18, 'Rajshahi', '', NULL, NULL),
(392, 18, 'Rangamati', '', NULL, NULL),
(393, 18, 'Rangpur', '', NULL, NULL),
(394, 18, 'Satkhira', '', NULL, NULL),
(395, 18, 'Shariatpur', '', NULL, NULL),
(396, 18, 'Sherpur', '', NULL, NULL),
(397, 18, 'Silhat', '', NULL, NULL),
(398, 18, 'Sirajganj', '', NULL, NULL),
(399, 18, 'Sunamganj', '', NULL, NULL),
(400, 18, 'Tangayal', '', NULL, NULL),
(401, 18, 'Thakurgaon', '', NULL, NULL),
(402, 19, 'Christ Church', '', NULL, NULL),
(403, 19, 'Saint Andrew', '', NULL, NULL),
(404, 19, 'Saint George', '', NULL, NULL),
(405, 19, 'Saint James', '', NULL, NULL),
(406, 19, 'Saint John', '', NULL, NULL),
(407, 19, 'Saint Joseph', '', NULL, NULL),
(408, 19, 'Saint Lucy', '', NULL, NULL),
(409, 19, 'Saint Michael', '', NULL, NULL),
(410, 19, 'Saint Peter', '', NULL, NULL),
(411, 19, 'Saint Philip', '', NULL, NULL),
(412, 19, 'Saint Thomas', '', NULL, NULL),
(413, 20, 'Brest', '', NULL, NULL),
(414, 20, 'Homjel\'', '', NULL, NULL),
(415, 20, 'Hrodna', '', NULL, NULL),
(416, 20, 'Mahiljow', '', NULL, NULL),
(417, 20, 'Mahilyowskaya Voblasts', '', NULL, NULL),
(418, 20, 'Minsk', '', NULL, NULL),
(419, 20, 'Minskaja Voblasts\'', '', NULL, NULL),
(420, 20, 'Petrik', '', NULL, NULL),
(421, 20, 'Vicebsk', '', NULL, NULL),
(422, 21, 'Antwerpen', '', NULL, NULL),
(423, 21, 'Berchem', '', NULL, NULL),
(424, 21, 'Brabant', '', NULL, NULL),
(425, 21, 'Brabant Wallon', '', NULL, NULL),
(426, 21, 'Brussel', '', NULL, NULL),
(427, 21, 'East Flanders', '', NULL, NULL),
(428, 21, 'Hainaut', '', NULL, NULL),
(429, 21, 'Liege', '', NULL, NULL),
(430, 21, 'Limburg', '', NULL, NULL),
(431, 21, 'Luxembourg', '', NULL, NULL),
(432, 21, 'Namur', '', NULL, NULL),
(433, 21, 'Ontario', '', NULL, NULL),
(434, 21, 'Oost-Vlaanderen', '', NULL, NULL),
(435, 21, 'Provincie Brabant', '', NULL, NULL),
(436, 21, 'Vlaams-Brabant', '', NULL, NULL),
(437, 21, 'Wallonne', '', NULL, NULL),
(438, 21, 'West-Vlaanderen', '', NULL, NULL),
(439, 22, 'Belize', '', NULL, NULL),
(440, 22, 'Cayo', '', NULL, NULL),
(441, 22, 'Corozal', '', NULL, NULL),
(442, 22, 'Orange Walk', '', NULL, NULL),
(443, 22, 'Stann Creek', '', NULL, NULL),
(444, 22, 'Toledo', '', NULL, NULL),
(445, 23, 'Alibori', '', NULL, NULL),
(446, 23, 'Atacora', '', NULL, NULL),
(447, 23, 'Atlantique', '', NULL, NULL),
(448, 23, 'Borgou', '', NULL, NULL),
(449, 23, 'Collines', '', NULL, NULL),
(450, 23, 'Couffo', '', NULL, NULL),
(451, 23, 'Donga', '', NULL, NULL),
(452, 23, 'Littoral', '', NULL, NULL),
(453, 23, 'Mono', '', NULL, NULL),
(454, 23, 'Oueme', '', NULL, NULL),
(455, 23, 'Plateau', '', NULL, NULL),
(456, 23, 'Zou', '', NULL, NULL),
(457, 24, 'Hamilton', '', NULL, NULL),
(458, 24, 'Saint George', '', NULL, NULL),
(459, 25, 'Bumthang', '', NULL, NULL),
(460, 25, 'Chhukha', '', NULL, NULL),
(461, 25, 'Chirang', '', NULL, NULL),
(462, 25, 'Daga', '', NULL, NULL),
(463, 25, 'Geylegphug', '', NULL, NULL),
(464, 25, 'Ha', '', NULL, NULL),
(465, 25, 'Lhuntshi', '', NULL, NULL),
(466, 25, 'Mongar', '', NULL, NULL),
(467, 25, 'Pemagatsel', '', NULL, NULL),
(468, 25, 'Punakha', '', NULL, NULL),
(469, 25, 'Rinpung', '', NULL, NULL),
(470, 25, 'Samchi', '', NULL, NULL),
(471, 25, 'Samdrup Jongkhar', '', NULL, NULL),
(472, 25, 'Shemgang', '', NULL, NULL),
(473, 25, 'Tashigang', '', NULL, NULL),
(474, 25, 'Timphu', '', NULL, NULL),
(475, 25, 'Tongsa', '', NULL, NULL),
(476, 25, 'Wangdiphodrang', '', NULL, NULL),
(477, 26, 'Beni', '', NULL, NULL),
(478, 26, 'Chuquisaca', '', NULL, NULL),
(479, 26, 'Cochabamba', '', NULL, NULL),
(480, 26, 'La Paz', '', NULL, NULL),
(481, 26, 'Oruro', '', NULL, NULL),
(482, 26, 'Pando', '', NULL, NULL),
(483, 26, 'Potosi', '', NULL, NULL),
(484, 26, 'Santa Cruz', '', NULL, NULL),
(485, 26, 'Tarija', '', NULL, NULL),
(486, 27, 'Federacija Bosna i Hercegovina', '', NULL, NULL),
(487, 27, 'Republika Srpska', '', NULL, NULL),
(488, 28, 'Central Bobonong', '', NULL, NULL),
(489, 28, 'Central Boteti', '', NULL, NULL),
(490, 28, 'Central Mahalapye', '', NULL, NULL),
(491, 28, 'Central Serowe-Palapye', '', NULL, NULL),
(492, 28, 'Central Tutume', '', NULL, NULL),
(493, 28, 'Chobe', '', NULL, NULL),
(494, 28, 'Francistown', '', NULL, NULL),
(495, 28, 'Gaborone', '', NULL, NULL),
(496, 28, 'Ghanzi', '', NULL, NULL),
(497, 28, 'Jwaneng', '', NULL, NULL),
(498, 28, 'Kgalagadi North', '', NULL, NULL),
(499, 28, 'Kgalagadi South', '', NULL, NULL),
(500, 28, 'Kgatleng', '', NULL, NULL),
(501, 28, 'Kweneng', '', NULL, NULL),
(502, 28, 'Lobatse', '', NULL, NULL),
(503, 28, 'Ngamiland', '', NULL, NULL),
(504, 28, 'Ngwaketse', '', NULL, NULL),
(505, 28, 'North East', '', NULL, NULL),
(506, 28, 'Okavango', '', NULL, NULL),
(507, 28, 'Orapa', '', NULL, NULL),
(508, 28, 'Selibe Phikwe', '', NULL, NULL),
(509, 28, 'South East', '', NULL, NULL),
(510, 28, 'Sowa', '', NULL, NULL),
(511, 29, 'Bouvet Island', '', NULL, NULL),
(512, 30, 'Acre', '', NULL, NULL),
(513, 30, 'Alagoas', '', NULL, NULL),
(514, 30, 'Amapa', '', NULL, NULL),
(515, 30, 'Amazonas', '', NULL, NULL),
(516, 30, 'Bahia', '', NULL, NULL),
(517, 30, 'Ceara', '', NULL, NULL),
(518, 30, 'Distrito Federal', '', NULL, NULL),
(519, 30, 'Espirito Santo', '', NULL, NULL),
(520, 30, 'Estado de Sao Paulo', '', NULL, NULL),
(521, 30, 'Goias', '', NULL, NULL),
(522, 30, 'Maranhao', '', NULL, NULL),
(523, 30, 'Mato Grosso', '', NULL, NULL),
(524, 30, 'Mato Grosso do Sul', '', NULL, NULL),
(525, 30, 'Minas Gerais', '', NULL, NULL),
(526, 30, 'Para', '', NULL, NULL),
(527, 30, 'Paraiba', '', NULL, NULL),
(528, 30, 'Parana', '', NULL, NULL),
(529, 30, 'Pernambuco', '', NULL, NULL),
(530, 30, 'Piaui', '', NULL, NULL),
(531, 30, 'Rio Grande do Norte', '', NULL, NULL),
(532, 30, 'Rio Grande do Sul', '', NULL, NULL),
(533, 30, 'Rio de Janeiro', '', NULL, NULL),
(534, 30, 'Rondonia', '', NULL, NULL),
(535, 30, 'Roraima', '', NULL, NULL),
(536, 30, 'Santa Catarina', '', NULL, NULL),
(537, 30, 'Sao Paulo', '', NULL, NULL),
(538, 30, 'Sergipe', '', NULL, NULL),
(539, 30, 'Tocantins', '', NULL, NULL),
(540, 31, 'British Indian Ocean Territory', '', NULL, NULL),
(541, 32, 'Belait', '', NULL, NULL),
(542, 32, 'Brunei-Muara', '', NULL, NULL),
(543, 32, 'Temburong', '', NULL, NULL),
(544, 32, 'Tutong', '', NULL, NULL),
(545, 33, 'Blagoevgrad', '', NULL, NULL),
(546, 33, 'Burgas', '', NULL, NULL),
(547, 33, 'Dobrich', '', NULL, NULL),
(548, 33, 'Gabrovo', '', NULL, NULL),
(549, 33, 'Haskovo', '', NULL, NULL),
(550, 33, 'Jambol', '', NULL, NULL),
(551, 33, 'Kardzhali', '', NULL, NULL),
(552, 33, 'Kjustendil', '', NULL, NULL),
(553, 33, 'Lovech', '', NULL, NULL),
(554, 33, 'Montana', '', NULL, NULL),
(555, 33, 'Oblast Sofiya-Grad', '', NULL, NULL),
(556, 33, 'Pazardzhik', '', NULL, NULL),
(557, 33, 'Pernik', '', NULL, NULL),
(558, 33, 'Pleven', '', NULL, NULL),
(559, 33, 'Plovdiv', '', NULL, NULL),
(560, 33, 'Razgrad', '', NULL, NULL),
(561, 33, 'Ruse', '', NULL, NULL),
(562, 33, 'Shumen', '', NULL, NULL),
(563, 33, 'Silistra', '', NULL, NULL),
(564, 33, 'Sliven', '', NULL, NULL),
(565, 33, 'Smoljan', '', NULL, NULL),
(566, 33, 'Sofija grad', '', NULL, NULL),
(567, 33, 'Sofijska oblast', '', NULL, NULL),
(568, 33, 'Stara Zagora', '', NULL, NULL),
(569, 33, 'Targovishte', '', NULL, NULL),
(570, 33, 'Varna', '', NULL, NULL),
(571, 33, 'Veliko Tarnovo', '', NULL, NULL),
(572, 33, 'Vidin', '', NULL, NULL),
(573, 33, 'Vraca', '', NULL, NULL),
(574, 33, 'Yablaniza', '', NULL, NULL),
(575, 34, 'Bale', '', NULL, NULL),
(576, 34, 'Bam', '', NULL, NULL),
(577, 34, 'Bazega', '', NULL, NULL),
(578, 34, 'Bougouriba', '', NULL, NULL),
(579, 34, 'Boulgou', '', NULL, NULL),
(580, 34, 'Boulkiemde', '', NULL, NULL),
(581, 34, 'Comoe', '', NULL, NULL),
(582, 34, 'Ganzourgou', '', NULL, NULL),
(583, 34, 'Gnagna', '', NULL, NULL),
(584, 34, 'Gourma', '', NULL, NULL),
(585, 34, 'Houet', '', NULL, NULL),
(586, 34, 'Ioba', '', NULL, NULL),
(587, 34, 'Kadiogo', '', NULL, NULL),
(588, 34, 'Kenedougou', '', NULL, NULL),
(589, 34, 'Komandjari', '', NULL, NULL),
(590, 34, 'Kompienga', '', NULL, NULL),
(591, 34, 'Kossi', '', NULL, NULL),
(592, 34, 'Kouritenga', '', NULL, NULL),
(593, 34, 'Kourweogo', '', NULL, NULL),
(594, 34, 'Leraba', '', NULL, NULL),
(595, 34, 'Mouhoun', '', NULL, NULL),
(596, 34, 'Nahouri', '', NULL, NULL),
(597, 34, 'Namentenga', '', NULL, NULL),
(598, 34, 'Noumbiel', '', NULL, NULL),
(599, 34, 'Oubritenga', '', NULL, NULL),
(600, 34, 'Oudalan', '', NULL, NULL),
(601, 34, 'Passore', '', NULL, NULL),
(602, 34, 'Poni', '', NULL, NULL),
(603, 34, 'Sanguie', '', NULL, NULL),
(604, 34, 'Sanmatenga', '', NULL, NULL),
(605, 34, 'Seno', '', NULL, NULL),
(606, 34, 'Sissili', '', NULL, NULL),
(607, 34, 'Soum', '', NULL, NULL),
(608, 34, 'Sourou', '', NULL, NULL),
(609, 34, 'Tapoa', '', NULL, NULL),
(610, 34, 'Tuy', '', NULL, NULL),
(611, 34, 'Yatenga', '', NULL, NULL),
(612, 34, 'Zondoma', '', NULL, NULL),
(613, 34, 'Zoundweogo', '', NULL, NULL),
(614, 35, 'Bubanza', '', NULL, NULL),
(615, 35, 'Bujumbura', '', NULL, NULL),
(616, 35, 'Bururi', '', NULL, NULL),
(617, 35, 'Cankuzo', '', NULL, NULL),
(618, 35, 'Cibitoke', '', NULL, NULL),
(619, 35, 'Gitega', '', NULL, NULL),
(620, 35, 'Karuzi', '', NULL, NULL),
(621, 35, 'Kayanza', '', NULL, NULL),
(622, 35, 'Kirundo', '', NULL, NULL),
(623, 35, 'Makamba', '', NULL, NULL),
(624, 35, 'Muramvya', '', NULL, NULL),
(625, 35, 'Muyinga', '', NULL, NULL),
(626, 35, 'Ngozi', '', NULL, NULL),
(627, 35, 'Rutana', '', NULL, NULL),
(628, 35, 'Ruyigi', '', NULL, NULL),
(629, 36, 'Banteay Mean Chey', '', NULL, NULL),
(630, 36, 'Bat Dambang', '', NULL, NULL),
(631, 36, 'Kampong Cham', '', NULL, NULL),
(632, 36, 'Kampong Chhnang', '', NULL, NULL),
(633, 36, 'Kampong Spoeu', '', NULL, NULL),
(634, 36, 'Kampong Thum', '', NULL, NULL),
(635, 36, 'Kampot', '', NULL, NULL),
(636, 36, 'Kandal', '', NULL, NULL),
(637, 36, 'Kaoh Kong', '', NULL, NULL),
(638, 36, 'Kracheh', '', NULL, NULL),
(639, 36, 'Krong Kaeb', '', NULL, NULL),
(640, 36, 'Krong Pailin', '', NULL, NULL),
(641, 36, 'Krong Preah Sihanouk', '', NULL, NULL),
(642, 36, 'Mondol Kiri', '', NULL, NULL),
(643, 36, 'Otdar Mean Chey', '', NULL, NULL),
(644, 36, 'Phnum Penh', '', NULL, NULL),
(645, 36, 'Pousat', '', NULL, NULL),
(646, 36, 'Preah Vihear', '', NULL, NULL),
(647, 36, 'Prey Veaeng', '', NULL, NULL),
(648, 36, 'Rotanak Kiri', '', NULL, NULL),
(649, 36, 'Siem Reab', '', NULL, NULL),
(650, 36, 'Stueng Traeng', '', NULL, NULL),
(651, 36, 'Svay Rieng', '', NULL, NULL),
(652, 36, 'Takaev', '', NULL, NULL),
(653, 37, 'Adamaoua', '', NULL, NULL),
(654, 37, 'Centre', '', NULL, NULL),
(655, 37, 'Est', '', NULL, NULL),
(656, 37, 'Littoral', '', NULL, NULL),
(657, 37, 'Nord', '', NULL, NULL),
(658, 37, 'Nord Extreme', '', NULL, NULL),
(659, 37, 'Nordouest', '', NULL, NULL),
(660, 37, 'Ouest', '', NULL, NULL),
(661, 37, 'Sud', '', NULL, NULL),
(662, 37, 'Sudouest', '', NULL, NULL),
(663, 38, 'Alberta', '', NULL, NULL),
(664, 38, 'British Columbia', '', NULL, NULL),
(665, 38, 'Manitoba', '', NULL, NULL),
(666, 38, 'New Brunswick', '', NULL, NULL),
(667, 38, 'Newfoundland and Labrador', '', NULL, NULL),
(668, 38, 'Northwest Territories', '', NULL, NULL),
(669, 38, 'Nova Scotia', '', NULL, NULL),
(670, 38, 'Nunavut', '', NULL, NULL),
(671, 38, 'Ontario', '', NULL, NULL),
(672, 38, 'Prince Edward Island', '', NULL, NULL),
(673, 38, 'Quebec', '', NULL, NULL),
(674, 38, 'Saskatchewan', '', NULL, NULL),
(675, 38, 'Yukon', '', NULL, NULL),
(676, 39, 'Boavista', '', NULL, NULL),
(677, 39, 'Brava', '', NULL, NULL),
(678, 39, 'Fogo', '', NULL, NULL),
(679, 39, 'Maio', '', NULL, NULL),
(680, 39, 'Sal', '', NULL, NULL),
(681, 39, 'Santo Antao', '', NULL, NULL),
(682, 39, 'Sao Nicolau', '', NULL, NULL),
(683, 39, 'Sao Tiago', '', NULL, NULL),
(684, 39, 'Sao Vicente', '', NULL, NULL),
(685, 40, 'Grand Cayman', '', NULL, NULL),
(686, 41, 'Bamingui-Bangoran', '', NULL, NULL),
(687, 41, 'Bangui', '', NULL, NULL),
(688, 41, 'Basse-Kotto', '', NULL, NULL),
(689, 41, 'Haut-Mbomou', '', NULL, NULL),
(690, 41, 'Haute-Kotto', '', NULL, NULL),
(691, 41, 'Kemo', '', NULL, NULL),
(692, 41, 'Lobaye', '', NULL, NULL),
(693, 41, 'Mambere-Kadei', '', NULL, NULL),
(694, 41, 'Mbomou', '', NULL, NULL),
(695, 41, 'Nana-Gribizi', '', NULL, NULL),
(696, 41, 'Nana-Mambere', '', NULL, NULL),
(697, 41, 'Ombella Mpoko', '', NULL, NULL),
(698, 41, 'Ouaka', '', NULL, NULL),
(699, 41, 'Ouham', '', NULL, NULL),
(700, 41, 'Ouham-Pende', '', NULL, NULL),
(701, 41, 'Sangha-Mbaere', '', NULL, NULL),
(702, 41, 'Vakaga', '', NULL, NULL),
(703, 42, 'Batha', '', NULL, NULL),
(704, 42, 'Biltine', '', NULL, NULL),
(705, 42, 'Bourkou-Ennedi-Tibesti', '', NULL, NULL),
(706, 42, 'Chari-Baguirmi', '', NULL, NULL),
(707, 42, 'Guera', '', NULL, NULL),
(708, 42, 'Kanem', '', NULL, NULL),
(709, 42, 'Lac', '', NULL, NULL),
(710, 42, 'Logone Occidental', '', NULL, NULL),
(711, 42, 'Logone Oriental', '', NULL, NULL),
(712, 42, 'Mayo-Kebbi', '', NULL, NULL),
(713, 42, 'Moyen-Chari', '', NULL, NULL),
(714, 42, 'Ouaddai', '', NULL, NULL),
(715, 42, 'Salamat', '', NULL, NULL),
(716, 42, 'Tandjile', '', NULL, NULL),
(717, 43, 'Aisen', '', NULL, NULL),
(718, 43, 'Antofagasta', '', NULL, NULL),
(719, 43, 'Araucania', '', NULL, NULL),
(720, 43, 'Atacama', '', NULL, NULL),
(721, 43, 'Bio Bio', '', NULL, NULL),
(722, 43, 'Coquimbo', '', NULL, NULL),
(723, 43, 'Libertador General Bernardo O\'', '', NULL, NULL),
(724, 43, 'Los Lagos', '', NULL, NULL),
(725, 43, 'Magellanes', '', NULL, NULL),
(726, 43, 'Maule', '', NULL, NULL),
(727, 43, 'Metropolitana', '', NULL, NULL),
(728, 43, 'Metropolitana de Santiago', '', NULL, NULL),
(729, 43, 'Tarapaca', '', NULL, NULL),
(730, 43, 'Valparaiso', '', NULL, NULL),
(731, 44, 'Anhui', '', NULL, NULL),
(732, 44, 'Anhui Province', '', NULL, NULL),
(733, 44, 'Anhui Sheng', '', NULL, NULL),
(734, 44, 'Aomen', '', NULL, NULL),
(735, 44, 'Beijing', '', NULL, NULL),
(736, 44, 'Beijing Shi', '', NULL, NULL),
(737, 44, 'Chongqing', '', NULL, NULL),
(738, 44, 'Fujian', '', NULL, NULL),
(739, 44, 'Fujian Sheng', '', NULL, NULL),
(740, 44, 'Gansu', '', NULL, NULL),
(741, 44, 'Guangdong', '', NULL, NULL),
(742, 44, 'Guangdong Sheng', '', NULL, NULL),
(743, 44, 'Guangxi', '', NULL, NULL),
(744, 44, 'Guizhou', '', NULL, NULL),
(745, 44, 'Hainan', '', NULL, NULL),
(746, 44, 'Hebei', '', NULL, NULL),
(747, 44, 'Heilongjiang', '', NULL, NULL),
(748, 44, 'Henan', '', NULL, NULL),
(749, 44, 'Hubei', '', NULL, NULL),
(750, 44, 'Hunan', '', NULL, NULL),
(751, 44, 'Jiangsu', '', NULL, NULL),
(752, 44, 'Jiangsu Sheng', '', NULL, NULL),
(753, 44, 'Jiangxi', '', NULL, NULL),
(754, 44, 'Jilin', '', NULL, NULL),
(755, 44, 'Liaoning', '', NULL, NULL),
(756, 44, 'Liaoning Sheng', '', NULL, NULL),
(757, 44, 'Nei Monggol', '', NULL, NULL),
(758, 44, 'Ningxia Hui', '', NULL, NULL),
(759, 44, 'Qinghai', '', NULL, NULL),
(760, 44, 'Shaanxi', '', NULL, NULL),
(761, 44, 'Shandong', '', NULL, NULL),
(762, 44, 'Shandong Sheng', '', NULL, NULL),
(763, 44, 'Shanghai', '', NULL, NULL),
(764, 44, 'Shanxi', '', NULL, NULL),
(765, 44, 'Sichuan', '', NULL, NULL),
(766, 44, 'Tianjin', '', NULL, NULL),
(767, 44, 'Xianggang', '', NULL, NULL),
(768, 44, 'Xinjiang', '', NULL, NULL),
(769, 44, 'Xizang', '', NULL, NULL),
(770, 44, 'Yunnan', '', NULL, NULL),
(771, 44, 'Zhejiang', '', NULL, NULL),
(772, 44, 'Zhejiang Sheng', '', NULL, NULL),
(773, 45, 'Christmas Island', '', NULL, NULL),
(774, 46, 'Cocos (Keeling) Islands', '', NULL, NULL),
(775, 47, 'Amazonas', '', NULL, NULL),
(776, 47, 'Antioquia', '', NULL, NULL),
(777, 47, 'Arauca', '', NULL, NULL),
(778, 47, 'Atlantico', '', NULL, NULL),
(779, 47, 'Bogota', '', NULL, NULL),
(780, 47, 'Bolivar', '', NULL, NULL),
(781, 47, 'Boyaca', '', NULL, NULL),
(782, 47, 'Caldas', '', NULL, NULL),
(783, 47, 'Caqueta', '', NULL, NULL),
(784, 47, 'Casanare', '', NULL, NULL),
(785, 47, 'Cauca', '', NULL, NULL),
(786, 47, 'Cesar', '', NULL, NULL),
(787, 47, 'Choco', '', NULL, NULL),
(788, 47, 'Cordoba', '', NULL, NULL),
(789, 47, 'Cundinamarca', '', NULL, NULL),
(790, 47, 'Guainia', '', NULL, NULL),
(791, 47, 'Guaviare', '', NULL, NULL),
(792, 47, 'Huila', '', NULL, NULL),
(793, 47, 'La Guajira', '', NULL, NULL),
(794, 47, 'Magdalena', '', NULL, NULL),
(795, 47, 'Meta', '', NULL, NULL),
(796, 47, 'Narino', '', NULL, NULL),
(797, 47, 'Norte de Santander', '', NULL, NULL),
(798, 47, 'Putumayo', '', NULL, NULL),
(799, 47, 'Quindio', '', NULL, NULL),
(800, 47, 'Risaralda', '', NULL, NULL),
(801, 47, 'San Andres y Providencia', '', NULL, NULL),
(802, 47, 'Santander', '', NULL, NULL),
(803, 47, 'Sucre', '', NULL, NULL),
(804, 47, 'Tolima', '', NULL, NULL),
(805, 47, 'Valle del Cauca', '', NULL, NULL),
(806, 47, 'Vaupes', '', NULL, NULL),
(807, 47, 'Vichada', '', NULL, NULL),
(808, 48, 'Mwali', '', NULL, NULL),
(809, 48, 'Njazidja', '', NULL, NULL),
(810, 48, 'Nzwani', '', NULL, NULL),
(811, 49, 'Bouenza', '', NULL, NULL),
(812, 49, 'Brazzaville', '', NULL, NULL),
(813, 49, 'Cuvette', '', NULL, NULL),
(814, 49, 'Kouilou', '', NULL, NULL),
(815, 49, 'Lekoumou', '', NULL, NULL),
(816, 49, 'Likouala', '', NULL, NULL),
(817, 49, 'Niari', '', NULL, NULL),
(818, 49, 'Plateaux', '', NULL, NULL),
(819, 49, 'Pool', '', NULL, NULL),
(820, 49, 'Sangha', '', NULL, NULL),
(821, 50, 'Bandundu', '', NULL, NULL),
(822, 50, 'Bas-Congo', '', NULL, NULL),
(823, 50, 'Equateur', '', NULL, NULL),
(824, 50, 'Haut-Congo', '', NULL, NULL),
(825, 50, 'Kasai-Occidental', '', NULL, NULL),
(826, 50, 'Kasai-Oriental', '', NULL, NULL),
(827, 50, 'Katanga', '', NULL, NULL),
(828, 50, 'Kinshasa', '', NULL, NULL),
(829, 50, 'Maniema', '', NULL, NULL),
(830, 50, 'Nord-Kivu', '', NULL, NULL),
(831, 50, 'Sud-Kivu', '', NULL, NULL),
(832, 51, 'Aitutaki', '', NULL, NULL),
(833, 51, 'Atiu', '', NULL, NULL),
(834, 51, 'Mangaia', '', NULL, NULL),
(835, 51, 'Manihiki', '', NULL, NULL),
(836, 51, 'Mauke', '', NULL, NULL),
(837, 51, 'Mitiaro', '', NULL, NULL),
(838, 51, 'Nassau', '', NULL, NULL),
(839, 51, 'Pukapuka', '', NULL, NULL),
(840, 51, 'Rakahanga', '', NULL, NULL),
(841, 51, 'Rarotonga', '', NULL, NULL),
(842, 51, 'Tongareva', '', NULL, NULL),
(843, 52, 'Alajuela', '', NULL, NULL),
(844, 52, 'Cartago', '', NULL, NULL),
(845, 52, 'Guanacaste', '', NULL, NULL),
(846, 52, 'Heredia', '', NULL, NULL),
(847, 52, 'Limon', '', NULL, NULL),
(848, 52, 'Puntarenas', '', NULL, NULL),
(849, 52, 'San Jose', '', NULL, NULL),
(850, 53, 'Abidjan', '', NULL, NULL),
(851, 53, 'Agneby', '', NULL, NULL),
(852, 53, 'Bafing', '', NULL, NULL),
(853, 53, 'Denguele', '', NULL, NULL),
(854, 53, 'Dix-huit Montagnes', '', NULL, NULL),
(855, 53, 'Fromager', '', NULL, NULL),
(856, 53, 'Haut-Sassandra', '', NULL, NULL),
(857, 53, 'Lacs', '', NULL, NULL),
(858, 53, 'Lagunes', '', NULL, NULL),
(859, 53, 'Marahoue', '', NULL, NULL),
(860, 53, 'Moyen-Cavally', '', NULL, NULL),
(861, 53, 'Moyen-Comoe', '', NULL, NULL),
(862, 53, 'N\'zi-Comoe', '', NULL, NULL),
(863, 53, 'Sassandra', '', NULL, NULL),
(864, 53, 'Savanes', '', NULL, NULL),
(865, 53, 'Sud-Bandama', '', NULL, NULL),
(866, 53, 'Sud-Comoe', '', NULL, NULL),
(867, 53, 'Vallee du Bandama', '', NULL, NULL),
(868, 53, 'Worodougou', '', NULL, NULL),
(869, 53, 'Zanzan', '', NULL, NULL),
(870, 54, 'Bjelovar-Bilogora', '', NULL, NULL),
(871, 54, 'Dubrovnik-Neretva', '', NULL, NULL),
(872, 54, 'Grad Zagreb', '', NULL, NULL),
(873, 54, 'Istra', '', NULL, NULL),
(874, 54, 'Karlovac', '', NULL, NULL),
(875, 54, 'Koprivnica-Krizhevci', '', NULL, NULL),
(876, 54, 'Krapina-Zagorje', '', NULL, NULL),
(877, 54, 'Lika-Senj', '', NULL, NULL),
(878, 54, 'Medhimurje', '', NULL, NULL),
(879, 54, 'Medimurska Zupanija', '', NULL, NULL),
(880, 54, 'Osijek-Baranja', '', NULL, NULL),
(881, 54, 'Osjecko-Baranjska Zupanija', '', NULL, NULL),
(882, 54, 'Pozhega-Slavonija', '', NULL, NULL),
(883, 54, 'Primorje-Gorski Kotar', '', NULL, NULL),
(884, 54, 'Shibenik-Knin', '', NULL, NULL),
(885, 54, 'Sisak-Moslavina', '', NULL, NULL),
(886, 54, 'Slavonski Brod-Posavina', '', NULL, NULL),
(887, 54, 'Split-Dalmacija', '', NULL, NULL),
(888, 54, 'Varazhdin', '', NULL, NULL),
(889, 54, 'Virovitica-Podravina', '', NULL, NULL),
(890, 54, 'Vukovar-Srijem', '', NULL, NULL),
(891, 54, 'Zadar', '', NULL, NULL),
(892, 54, 'Zagreb', '', NULL, NULL),
(893, 55, 'Camaguey', '', NULL, NULL),
(894, 55, 'Ciego de Avila', '', NULL, NULL),
(895, 55, 'Cienfuegos', '', NULL, NULL),
(896, 55, 'Ciudad de la Habana', '', NULL, NULL),
(897, 55, 'Granma', '', NULL, NULL),
(898, 55, 'Guantanamo', '', NULL, NULL),
(899, 55, 'Habana', '', NULL, NULL),
(900, 55, 'Holguin', '', NULL, NULL),
(901, 55, 'Isla de la Juventud', '', NULL, NULL),
(902, 55, 'La Habana', '', NULL, NULL),
(903, 55, 'Las Tunas', '', NULL, NULL),
(904, 55, 'Matanzas', '', NULL, NULL),
(905, 55, 'Pinar del Rio', '', NULL, NULL),
(906, 55, 'Sancti Spiritus', '', NULL, NULL),
(907, 55, 'Santiago de Cuba', '', NULL, NULL),
(908, 55, 'Villa Clara', '', NULL, NULL),
(909, 56, 'Government controlled area', '', NULL, NULL),
(910, 56, 'Limassol', '', NULL, NULL),
(911, 56, 'Nicosia District', '', NULL, NULL),
(912, 56, 'Paphos', '', NULL, NULL),
(913, 56, 'Turkish controlled area', '', NULL, NULL),
(914, 57, 'Central Bohemian', '', NULL, NULL),
(915, 57, 'Frycovice', '', NULL, NULL),
(916, 57, 'Jihocesky Kraj', '', NULL, NULL),
(917, 57, 'Jihochesky', '', NULL, NULL),
(918, 57, 'Jihomoravsky', '', NULL, NULL),
(919, 57, 'Karlovarsky', '', NULL, NULL),
(920, 57, 'Klecany', '', NULL, NULL),
(921, 57, 'Kralovehradecky', '', NULL, NULL),
(922, 57, 'Liberecky', '', NULL, NULL),
(923, 57, 'Lipov', '', NULL, NULL),
(924, 57, 'Moravskoslezsky', '', NULL, NULL),
(925, 57, 'Olomoucky', '', NULL, NULL),
(926, 57, 'Olomoucky Kraj', '', NULL, NULL),
(927, 57, 'Pardubicky', '', NULL, NULL),
(928, 57, 'Plzensky', '', NULL, NULL),
(929, 57, 'Praha', '', NULL, NULL),
(930, 57, 'Rajhrad', '', NULL, NULL),
(931, 57, 'Smirice', '', NULL, NULL),
(932, 57, 'South Moravian', '', NULL, NULL),
(933, 57, 'Straz nad Nisou', '', NULL, NULL),
(934, 57, 'Stredochesky', '', NULL, NULL),
(935, 57, 'Unicov', '', NULL, NULL),
(936, 57, 'Ustecky', '', NULL, NULL),
(937, 57, 'Valletta', '', NULL, NULL),
(938, 57, 'Velesin', '', NULL, NULL),
(939, 57, 'Vysochina', '', NULL, NULL),
(940, 57, 'Zlinsky', '', NULL, NULL),
(941, 58, 'Arhus', '', NULL, NULL),
(942, 58, 'Bornholm', '', NULL, NULL),
(943, 58, 'Frederiksborg', '', NULL, NULL),
(944, 58, 'Fyn', '', NULL, NULL),
(945, 58, 'Hovedstaden', '', NULL, NULL),
(946, 58, 'Kobenhavn', '', NULL, NULL),
(947, 58, 'Kobenhavns Amt', '', NULL, NULL),
(948, 58, 'Kobenhavns Kommune', '', NULL, NULL),
(949, 58, 'Nordjylland', '', NULL, NULL),
(950, 58, 'Ribe', '', NULL, NULL),
(951, 58, 'Ringkobing', '', NULL, NULL),
(952, 58, 'Roervig', '', NULL, NULL),
(953, 58, 'Roskilde', '', NULL, NULL),
(954, 58, 'Roslev', '', NULL, NULL),
(955, 58, 'Sjaelland', '', NULL, NULL),
(956, 58, 'Soeborg', '', NULL, NULL),
(957, 58, 'Sonderjylland', '', NULL, NULL),
(958, 58, 'Storstrom', '', NULL, NULL),
(959, 58, 'Syddanmark', '', NULL, NULL),
(960, 58, 'Toelloese', '', NULL, NULL),
(961, 58, 'Vejle', '', NULL, NULL),
(962, 58, 'Vestsjalland', '', NULL, NULL),
(963, 58, 'Viborg', '', NULL, NULL),
(964, 59, '\'Ali Sabih', '', NULL, NULL),
(965, 59, 'Dikhil', '', NULL, NULL),
(966, 59, 'Jibuti', '', NULL, NULL),
(967, 59, 'Tajurah', '', NULL, NULL),
(968, 59, 'Ubuk', '', NULL, NULL),
(969, 60, 'Saint Andrew', '', NULL, NULL),
(970, 60, 'Saint David', '', NULL, NULL),
(971, 60, 'Saint George', '', NULL, NULL),
(972, 60, 'Saint John', '', NULL, NULL),
(973, 60, 'Saint Joseph', '', NULL, NULL),
(974, 60, 'Saint Luke', '', NULL, NULL),
(975, 60, 'Saint Mark', '', NULL, NULL),
(976, 60, 'Saint Patrick', '', NULL, NULL),
(977, 60, 'Saint Paul', '', NULL, NULL),
(978, 60, 'Saint Peter', '', NULL, NULL),
(979, 61, 'Azua', '', NULL, NULL),
(980, 61, 'Bahoruco', '', NULL, NULL),
(981, 61, 'Barahona', '', NULL, NULL),
(982, 61, 'Dajabon', '', NULL, NULL),
(983, 61, 'Distrito Nacional', '', NULL, NULL),
(984, 61, 'Duarte', '', NULL, NULL),
(985, 61, 'El Seybo', '', NULL, NULL),
(986, 61, 'Elias Pina', '', NULL, NULL),
(987, 61, 'Espaillat', '', NULL, NULL),
(988, 61, 'Hato Mayor', '', NULL, NULL),
(989, 61, 'Independencia', '', NULL, NULL),
(990, 61, 'La Altagracia', '', NULL, NULL),
(991, 61, 'La Romana', '', NULL, NULL),
(992, 61, 'La Vega', '', NULL, NULL),
(993, 61, 'Maria Trinidad Sanchez', '', NULL, NULL),
(994, 61, 'Monsenor Nouel', '', NULL, NULL),
(995, 61, 'Monte Cristi', '', NULL, NULL),
(996, 61, 'Monte Plata', '', NULL, NULL),
(997, 61, 'Pedernales', '', NULL, NULL),
(998, 61, 'Peravia', '', NULL, NULL),
(999, 61, 'Puerto Plata', '', NULL, NULL),
(1000, 61, 'Salcedo', '', NULL, NULL),
(1001, 61, 'Samana', '', NULL, NULL),
(1002, 61, 'San Cristobal', '', NULL, NULL),
(1003, 61, 'San Juan', '', NULL, NULL),
(1004, 61, 'San Pedro de Macoris', '', NULL, NULL),
(1005, 61, 'Sanchez Ramirez', '', NULL, NULL),
(1006, 61, 'Santiago', '', NULL, NULL),
(1007, 61, 'Santiago Rodriguez', '', NULL, NULL),
(1008, 61, 'Valverde', '', NULL, NULL),
(1009, 62, 'Aileu', '', NULL, NULL),
(1010, 62, 'Ainaro', '', NULL, NULL),
(1011, 62, 'Ambeno', '', NULL, NULL),
(1012, 62, 'Baucau', '', NULL, NULL),
(1013, 62, 'Bobonaro', '', NULL, NULL),
(1014, 62, 'Cova Lima', '', NULL, NULL),
(1015, 62, 'Dili', '', NULL, NULL),
(1016, 62, 'Ermera', '', NULL, NULL),
(1017, 62, 'Lautem', '', NULL, NULL),
(1018, 62, 'Liquica', '', NULL, NULL),
(1019, 62, 'Manatuto', '', NULL, NULL),
(1020, 62, 'Manufahi', '', NULL, NULL),
(1021, 62, 'Viqueque', '', NULL, NULL),
(1022, 63, 'Azuay', '', NULL, NULL),
(1023, 63, 'Bolivar', '', NULL, NULL),
(1024, 63, 'Canar', '', NULL, NULL),
(1025, 63, 'Carchi', '', NULL, NULL),
(1026, 63, 'Chimborazo', '', NULL, NULL),
(1027, 63, 'Cotopaxi', '', NULL, NULL),
(1028, 63, 'El Oro', '', NULL, NULL),
(1029, 63, 'Esmeraldas', '', NULL, NULL),
(1030, 63, 'Galapagos', '', NULL, NULL),
(1031, 63, 'Guayas', '', NULL, NULL),
(1032, 63, 'Imbabura', '', NULL, NULL),
(1033, 63, 'Loja', '', NULL, NULL),
(1034, 63, 'Los Rios', '', NULL, NULL),
(1035, 63, 'Manabi', '', NULL, NULL),
(1036, 63, 'Morona Santiago', '', NULL, NULL),
(1037, 63, 'Napo', '', NULL, NULL),
(1038, 63, 'Orellana', '', NULL, NULL),
(1039, 63, 'Pastaza', '', NULL, NULL),
(1040, 63, 'Pichincha', '', NULL, NULL),
(1041, 63, 'Sucumbios', '', NULL, NULL),
(1042, 63, 'Tungurahua', '', NULL, NULL),
(1043, 63, 'Zamora Chinchipe', '', NULL, NULL),
(1044, 64, 'Aswan', '', NULL, NULL),
(1045, 64, 'Asyut', '', NULL, NULL),
(1046, 64, 'Bani Suwayf', '', NULL, NULL),
(1047, 64, 'Bur Sa\'id', '', NULL, NULL),
(1048, 64, 'Cairo', '', NULL, NULL),
(1049, 64, 'Dumyat', '', NULL, NULL),
(1050, 64, 'Kafr-ash-Shaykh', '', NULL, NULL),
(1051, 64, 'Matruh', '', NULL, NULL),
(1052, 64, 'Muhafazat ad Daqahliyah', '', NULL, NULL),
(1053, 64, 'Muhafazat al Fayyum', '', NULL, NULL),
(1054, 64, 'Muhafazat al Gharbiyah', '', NULL, NULL),
(1055, 64, 'Muhafazat al Iskandariyah', '', NULL, NULL),
(1056, 64, 'Muhafazat al Qahirah', '', NULL, NULL),
(1057, 64, 'Qina', '', NULL, NULL),
(1058, 64, 'Sawhaj', '', NULL, NULL),
(1059, 64, 'Sina al-Janubiyah', '', NULL, NULL),
(1060, 64, 'Sina ash-Shamaliyah', '', NULL, NULL),
(1061, 64, 'ad-Daqahliyah', '', NULL, NULL),
(1062, 64, 'al-Bahr-al-Ahmar', '', NULL, NULL),
(1063, 64, 'al-Buhayrah', '', NULL, NULL),
(1064, 64, 'al-Fayyum', '', NULL, NULL),
(1065, 64, 'al-Gharbiyah', '', NULL, NULL),
(1066, 64, 'al-Iskandariyah', '', NULL, NULL),
(1067, 64, 'al-Ismailiyah', '', NULL, NULL),
(1068, 64, 'al-Jizah', '', NULL, NULL),
(1069, 64, 'al-Minufiyah', '', NULL, NULL),
(1070, 64, 'al-Minya', '', NULL, NULL),
(1071, 64, 'al-Qahira', '', NULL, NULL),
(1072, 64, 'al-Qalyubiyah', '', NULL, NULL),
(1073, 64, 'al-Uqsur', '', NULL, NULL),
(1074, 64, 'al-Wadi al-Jadid', '', NULL, NULL),
(1075, 64, 'as-Suways', '', NULL, NULL),
(1076, 64, 'ash-Sharqiyah', '', NULL, NULL),
(1077, 65, 'Ahuachapan', '', NULL, NULL),
(1078, 65, 'Cabanas', '', NULL, NULL),
(1079, 65, 'Chalatenango', '', NULL, NULL),
(1080, 65, 'Cuscatlan', '', NULL, NULL),
(1081, 65, 'La Libertad', '', NULL, NULL),
(1082, 65, 'La Paz', '', NULL, NULL),
(1083, 65, 'La Union', '', NULL, NULL),
(1084, 65, 'Morazan', '', NULL, NULL),
(1085, 65, 'San Miguel', '', NULL, NULL),
(1086, 65, 'San Salvador', '', NULL, NULL),
(1087, 65, 'San Vicente', '', NULL, NULL),
(1088, 65, 'Santa Ana', '', NULL, NULL),
(1089, 65, 'Sonsonate', '', NULL, NULL),
(1090, 65, 'Usulutan', '', NULL, NULL),
(1091, 66, 'Annobon', '', NULL, NULL),
(1092, 66, 'Bioko Norte', '', NULL, NULL),
(1093, 66, 'Bioko Sur', '', NULL, NULL),
(1094, 66, 'Centro Sur', '', NULL, NULL),
(1095, 66, 'Kie-Ntem', '', NULL, NULL),
(1096, 66, 'Litoral', '', NULL, NULL),
(1097, 66, 'Wele-Nzas', '', NULL, NULL),
(1098, 67, 'Anseba', '', NULL, NULL),
(1099, 67, 'Debub', '', NULL, NULL),
(1100, 67, 'Debub-Keih-Bahri', '', NULL, NULL),
(1101, 67, 'Gash-Barka', '', NULL, NULL),
(1102, 67, 'Maekel', '', NULL, NULL),
(1103, 67, 'Semien-Keih-Bahri', '', NULL, NULL),
(1104, 68, 'Harju', '', NULL, NULL),
(1105, 68, 'Hiiu', '', NULL, NULL),
(1106, 68, 'Ida-Viru', '', NULL, NULL),
(1107, 68, 'Jarva', '', NULL, NULL),
(1108, 68, 'Jogeva', '', NULL, NULL),
(1109, 68, 'Laane', '', NULL, NULL),
(1110, 68, 'Laane-Viru', '', NULL, NULL),
(1111, 68, 'Parnu', '', NULL, NULL),
(1112, 68, 'Polva', '', NULL, NULL),
(1113, 68, 'Rapla', '', NULL, NULL),
(1114, 68, 'Saare', '', NULL, NULL),
(1115, 68, 'Tartu', '', NULL, NULL),
(1116, 68, 'Valga', '', NULL, NULL),
(1117, 68, 'Viljandi', '', NULL, NULL),
(1118, 68, 'Voru', '', NULL, NULL),
(1119, 69, 'Addis Abeba', '', NULL, NULL),
(1120, 69, 'Afar', '', NULL, NULL),
(1121, 69, 'Amhara', '', NULL, NULL),
(1122, 69, 'Benishangul', '', NULL, NULL),
(1123, 69, 'Diredawa', '', NULL, NULL),
(1124, 69, 'Gambella', '', NULL, NULL),
(1125, 69, 'Harar', '', NULL, NULL),
(1126, 69, 'Jigjiga', '', NULL, NULL),
(1127, 69, 'Mekele', '', NULL, NULL),
(1128, 69, 'Oromia', '', NULL, NULL),
(1129, 69, 'Somali', '', NULL, NULL),
(1130, 69, 'Southern', '', NULL, NULL),
(1131, 69, 'Tigray', '', NULL, NULL),
(1132, 70, 'Christmas Island', '', NULL, NULL),
(1133, 70, 'Cocos Islands', '', NULL, NULL),
(1134, 70, 'Coral Sea Islands', '', NULL, NULL),
(1135, 71, 'Falkland Islands', '', NULL, NULL),
(1136, 71, 'South Georgia', '', NULL, NULL),
(1137, 72, 'Klaksvik', '', NULL, NULL),
(1138, 72, 'Nor ara Eysturoy', '', NULL, NULL),
(1139, 72, 'Nor oy', '', NULL, NULL),
(1140, 72, 'Sandoy', '', NULL, NULL),
(1141, 72, 'Streymoy', '', NULL, NULL),
(1142, 72, 'Su uroy', '', NULL, NULL),
(1143, 72, 'Sy ra Eysturoy', '', NULL, NULL),
(1144, 72, 'Torshavn', '', NULL, NULL),
(1145, 72, 'Vaga', '', NULL, NULL),
(1146, 73, 'Central', '', NULL, NULL),
(1147, 73, 'Eastern', '', NULL, NULL),
(1148, 73, 'Northern', '', NULL, NULL),
(1149, 73, 'South Pacific', '', NULL, NULL),
(1150, 73, 'Western', '', NULL, NULL),
(1151, 74, 'Ahvenanmaa', '', NULL, NULL),
(1152, 74, 'Etela-Karjala', '', NULL, NULL),
(1153, 74, 'Etela-Pohjanmaa', '', NULL, NULL),
(1154, 74, 'Etela-Savo', '', NULL, NULL),
(1155, 74, 'Etela-Suomen Laani', '', NULL, NULL),
(1156, 74, 'Ita-Suomen Laani', '', NULL, NULL),
(1157, 74, 'Ita-Uusimaa', '', NULL, NULL),
(1158, 74, 'Kainuu', '', NULL, NULL),
(1159, 74, 'Kanta-Hame', '', NULL, NULL),
(1160, 74, 'Keski-Pohjanmaa', '', NULL, NULL),
(1161, 74, 'Keski-Suomi', '', NULL, NULL),
(1162, 74, 'Kymenlaakso', '', NULL, NULL),
(1163, 74, 'Lansi-Suomen Laani', '', NULL, NULL),
(1164, 74, 'Lappi', '', NULL, NULL),
(1165, 74, 'Northern Savonia', '', NULL, NULL),
(1166, 74, 'Ostrobothnia', '', NULL, NULL),
(1167, 74, 'Oulun Laani', '', NULL, NULL),
(1168, 74, 'Paijat-Hame', '', NULL, NULL),
(1169, 74, 'Pirkanmaa', '', NULL, NULL),
(1170, 74, 'Pohjanmaa', '', NULL, NULL),
(1171, 74, 'Pohjois-Karjala', '', NULL, NULL),
(1172, 74, 'Pohjois-Pohjanmaa', '', NULL, NULL),
(1173, 74, 'Pohjois-Savo', '', NULL, NULL),
(1174, 74, 'Saarijarvi', '', NULL, NULL),
(1175, 74, 'Satakunta', '', NULL, NULL),
(1176, 74, 'Southern Savonia', '', NULL, NULL),
(1177, 74, 'Tavastia Proper', '', NULL, NULL),
(1178, 74, 'Uleaborgs Lan', '', NULL, NULL),
(1179, 74, 'Uusimaa', '', NULL, NULL),
(1180, 74, 'Varsinais-Suomi', '', NULL, NULL),
(1181, 75, 'Ain', '', NULL, NULL),
(1182, 75, 'Aisne', '', NULL, NULL),
(1183, 75, 'Albi Le Sequestre', '', NULL, NULL),
(1184, 75, 'Allier', '', NULL, NULL),
(1185, 75, 'Alpes-Cote dAzur', '', NULL, NULL),
(1186, 75, 'Alpes-Maritimes', '', NULL, NULL),
(1187, 75, 'Alpes-de-Haute-Provence', '', NULL, NULL),
(1188, 75, 'Alsace', '', NULL, NULL),
(1189, 75, 'Aquitaine', '', NULL, NULL),
(1190, 75, 'Ardeche', '', NULL, NULL),
(1191, 75, 'Ardennes', '', NULL, NULL),
(1192, 75, 'Ariege', '', NULL, NULL),
(1193, 75, 'Aube', '', NULL, NULL),
(1194, 75, 'Aude', '', NULL, NULL),
(1195, 75, 'Auvergne', '', NULL, NULL),
(1196, 75, 'Aveyron', '', NULL, NULL),
(1197, 75, 'Bas-Rhin', '', NULL, NULL),
(1198, 75, 'Basse-Normandie', '', NULL, NULL),
(1199, 75, 'Bouches-du-Rhone', '', NULL, NULL),
(1200, 75, 'Bourgogne', '', NULL, NULL),
(1201, 75, 'Bretagne', '', NULL, NULL),
(1202, 75, 'Brittany', '', NULL, NULL),
(1203, 75, 'Burgundy', '', NULL, NULL),
(1204, 75, 'Calvados', '', NULL, NULL),
(1205, 75, 'Cantal', '', NULL, NULL),
(1206, 75, 'Cedex', '', NULL, NULL),
(1207, 75, 'Centre', '', NULL, NULL),
(1208, 75, 'Charente', '', NULL, NULL),
(1209, 75, 'Charente-Maritime', '', NULL, NULL),
(1210, 75, 'Cher', '', NULL, NULL),
(1211, 75, 'Correze', '', NULL, NULL),
(1212, 75, 'Corse-du-Sud', '', NULL, NULL),
(1213, 75, 'Cote-d\'Or', '', NULL, NULL),
(1214, 75, 'Cotes-d\'Armor', '', NULL, NULL),
(1215, 75, 'Creuse', '', NULL, NULL),
(1216, 75, 'Crolles', '', NULL, NULL),
(1217, 75, 'Deux-Sevres', '', NULL, NULL),
(1218, 75, 'Dordogne', '', NULL, NULL),
(1219, 75, 'Doubs', '', NULL, NULL),
(1220, 75, 'Drome', '', NULL, NULL),
(1221, 75, 'Essonne', '', NULL, NULL),
(1222, 75, 'Eure', '', NULL, NULL),
(1223, 75, 'Eure-et-Loir', '', NULL, NULL),
(1224, 75, 'Feucherolles', '', NULL, NULL),
(1225, 75, 'Finistere', '', NULL, NULL),
(1226, 75, 'Franche-Comte', '', NULL, NULL),
(1227, 75, 'Gard', '', NULL, NULL),
(1228, 75, 'Gers', '', NULL, NULL),
(1229, 75, 'Gironde', '', NULL, NULL),
(1230, 75, 'Haut-Rhin', '', NULL, NULL),
(1231, 75, 'Haute-Corse', '', NULL, NULL),
(1232, 75, 'Haute-Garonne', '', NULL, NULL),
(1233, 75, 'Haute-Loire', '', NULL, NULL),
(1234, 75, 'Haute-Marne', '', NULL, NULL),
(1235, 75, 'Haute-Saone', '', NULL, NULL),
(1236, 75, 'Haute-Savoie', '', NULL, NULL),
(1237, 75, 'Haute-Vienne', '', NULL, NULL),
(1238, 75, 'Hautes-Alpes', '', NULL, NULL),
(1239, 75, 'Hautes-Pyrenees', '', NULL, NULL),
(1240, 75, 'Hauts-de-Seine', '', NULL, NULL),
(1241, 75, 'Herault', '', NULL, NULL),
(1242, 75, 'Ile-de-France', '', NULL, NULL),
(1243, 75, 'Ille-et-Vilaine', '', NULL, NULL),
(1244, 75, 'Indre', '', NULL, NULL),
(1245, 75, 'Indre-et-Loire', '', NULL, NULL),
(1246, 75, 'Isere', '', NULL, NULL),
(1247, 75, 'Jura', '', NULL, NULL),
(1248, 75, 'Klagenfurt', '', NULL, NULL),
(1249, 75, 'Landes', '', NULL, NULL),
(1250, 75, 'Languedoc-Roussillon', '', NULL, NULL),
(1251, 75, 'Larcay', '', NULL, NULL),
(1252, 75, 'Le Castellet', '', NULL, NULL),
(1253, 75, 'Le Creusot', '', NULL, NULL),
(1254, 75, 'Limousin', '', NULL, NULL),
(1255, 75, 'Loir-et-Cher', '', NULL, NULL),
(1256, 75, 'Loire', '', NULL, NULL),
(1257, 75, 'Loire-Atlantique', '', NULL, NULL),
(1258, 75, 'Loiret', '', NULL, NULL),
(1259, 75, 'Lorraine', '', NULL, NULL),
(1260, 75, 'Lot', '', NULL, NULL),
(1261, 75, 'Lot-et-Garonne', '', NULL, NULL),
(1262, 75, 'Lower Normandy', '', NULL, NULL),
(1263, 75, 'Lozere', '', NULL, NULL),
(1264, 75, 'Maine-et-Loire', '', NULL, NULL),
(1265, 75, 'Manche', '', NULL, NULL),
(1266, 75, 'Marne', '', NULL, NULL),
(1267, 75, 'Mayenne', '', NULL, NULL),
(1268, 75, 'Meurthe-et-Moselle', '', NULL, NULL),
(1269, 75, 'Meuse', '', NULL, NULL),
(1270, 75, 'Midi-Pyrenees', '', NULL, NULL),
(1271, 75, 'Morbihan', '', NULL, NULL),
(1272, 75, 'Moselle', '', NULL, NULL),
(1273, 75, 'Nievre', '', NULL, NULL),
(1274, 75, 'Nord', '', NULL, NULL),
(1275, 75, 'Nord-Pas-de-Calais', '', NULL, NULL),
(1276, 75, 'Oise', '', NULL, NULL),
(1277, 75, 'Orne', '', NULL, NULL),
(1278, 75, 'Paris', '', NULL, NULL),
(1279, 75, 'Pas-de-Calais', '', NULL, NULL),
(1280, 75, 'Pays de la Loire', '', NULL, NULL),
(1281, 75, 'Pays-de-la-Loire', '', NULL, NULL),
(1282, 75, 'Picardy', '', NULL, NULL),
(1283, 75, 'Puy-de-Dome', '', NULL, NULL),
(1284, 75, 'Pyrenees-Atlantiques', '', NULL, NULL),
(1285, 75, 'Pyrenees-Orientales', '', NULL, NULL),
(1286, 75, 'Quelmes', '', NULL, NULL),
(1287, 75, 'Rhone', '', NULL, NULL),
(1288, 75, 'Rhone-Alpes', '', NULL, NULL),
(1289, 75, 'Saint Ouen', '', NULL, NULL),
(1290, 75, 'Saint Viatre', '', NULL, NULL),
(1291, 75, 'Saone-et-Loire', '', NULL, NULL),
(1292, 75, 'Sarthe', '', NULL, NULL),
(1293, 75, 'Savoie', '', NULL, NULL),
(1294, 75, 'Seine-Maritime', '', NULL, NULL),
(1295, 75, 'Seine-Saint-Denis', '', NULL, NULL),
(1296, 75, 'Seine-et-Marne', '', NULL, NULL),
(1297, 75, 'Somme', '', NULL, NULL),
(1298, 75, 'Sophia Antipolis', '', NULL, NULL),
(1299, 75, 'Souvans', '', NULL, NULL);
INSERT INTO `provinces` (`id`, `country_id`, `name`, `abbreviation`, `created_at`, `updated_at`) VALUES
(1300, 75, 'Tarn', '', NULL, NULL),
(1301, 75, 'Tarn-et-Garonne', '', NULL, NULL),
(1302, 75, 'Territoire de Belfort', '', NULL, NULL),
(1303, 75, 'Treignac', '', NULL, NULL),
(1304, 75, 'Upper Normandy', '', NULL, NULL),
(1305, 75, 'Val-d\'Oise', '', NULL, NULL),
(1306, 75, 'Val-de-Marne', '', NULL, NULL),
(1307, 75, 'Var', '', NULL, NULL),
(1308, 75, 'Vaucluse', '', NULL, NULL),
(1309, 75, 'Vellise', '', NULL, NULL),
(1310, 75, 'Vendee', '', NULL, NULL),
(1311, 75, 'Vienne', '', NULL, NULL),
(1312, 75, 'Vosges', '', NULL, NULL),
(1313, 75, 'Yonne', '', NULL, NULL),
(1314, 75, 'Yvelines', '', NULL, NULL),
(1315, 76, 'Cayenne', '', NULL, NULL),
(1316, 76, 'Saint-Laurent-du-Maroni', '', NULL, NULL),
(1317, 77, 'Iles du Vent', '', NULL, NULL),
(1318, 77, 'Iles sous le Vent', '', NULL, NULL),
(1319, 77, 'Marquesas', '', NULL, NULL),
(1320, 77, 'Tuamotu', '', NULL, NULL),
(1321, 77, 'Tubuai', '', NULL, NULL),
(1322, 78, 'Amsterdam', '', NULL, NULL),
(1323, 78, 'Crozet Islands', '', NULL, NULL),
(1324, 78, 'Kerguelen', '', NULL, NULL),
(1325, 79, 'Estuaire', '', NULL, NULL),
(1326, 79, 'Haut-Ogooue', '', NULL, NULL),
(1327, 79, 'Moyen-Ogooue', '', NULL, NULL),
(1328, 79, 'Ngounie', '', NULL, NULL),
(1329, 79, 'Nyanga', '', NULL, NULL),
(1330, 79, 'Ogooue-Ivindo', '', NULL, NULL),
(1331, 79, 'Ogooue-Lolo', '', NULL, NULL),
(1332, 79, 'Ogooue-Maritime', '', NULL, NULL),
(1333, 79, 'Woleu-Ntem', '', NULL, NULL),
(1334, 80, 'Banjul', '', NULL, NULL),
(1335, 80, 'Basse', '', NULL, NULL),
(1336, 80, 'Brikama', '', NULL, NULL),
(1337, 80, 'Janjanbureh', '', NULL, NULL),
(1338, 80, 'Kanifing', '', NULL, NULL),
(1339, 80, 'Kerewan', '', NULL, NULL),
(1340, 80, 'Kuntaur', '', NULL, NULL),
(1341, 80, 'Mansakonko', '', NULL, NULL),
(1342, 81, 'Abhasia', '', NULL, NULL),
(1343, 81, 'Ajaria', '', NULL, NULL),
(1344, 81, 'Guria', '', NULL, NULL),
(1345, 81, 'Imereti', '', NULL, NULL),
(1346, 81, 'Kaheti', '', NULL, NULL),
(1347, 81, 'Kvemo Kartli', '', NULL, NULL),
(1348, 81, 'Mcheta-Mtianeti', '', NULL, NULL),
(1349, 81, 'Racha', '', NULL, NULL),
(1350, 81, 'Samagrelo-Zemo Svaneti', '', NULL, NULL),
(1351, 81, 'Samche-Zhavaheti', '', NULL, NULL),
(1352, 81, 'Shida Kartli', '', NULL, NULL),
(1353, 81, 'Tbilisi', '', NULL, NULL),
(1354, 82, 'Auvergne', '', NULL, NULL),
(1355, 82, 'Baden-Wurttemberg', '', NULL, NULL),
(1356, 82, 'Bavaria', '', NULL, NULL),
(1357, 82, 'Bayern', '', NULL, NULL),
(1358, 82, 'Beilstein Wurtt', '', NULL, NULL),
(1359, 82, 'Berlin', '', NULL, NULL),
(1360, 82, 'Brandenburg', '', NULL, NULL),
(1361, 82, 'Bremen', '', NULL, NULL),
(1362, 82, 'Dreisbach', '', NULL, NULL),
(1363, 82, 'Freistaat Bayern', '', NULL, NULL),
(1364, 82, 'Hamburg', '', NULL, NULL),
(1365, 82, 'Hannover', '', NULL, NULL),
(1366, 82, 'Heroldstatt', '', NULL, NULL),
(1367, 82, 'Hessen', '', NULL, NULL),
(1368, 82, 'Kortenberg', '', NULL, NULL),
(1369, 82, 'Laasdorf', '', NULL, NULL),
(1370, 82, 'Land Baden-Wurttemberg', '', NULL, NULL),
(1371, 82, 'Land Bayern', '', NULL, NULL),
(1372, 82, 'Land Brandenburg', '', NULL, NULL),
(1373, 82, 'Land Hessen', '', NULL, NULL),
(1374, 82, 'Land Mecklenburg-Vorpommern', '', NULL, NULL),
(1375, 82, 'Land Nordrhein-Westfalen', '', NULL, NULL),
(1376, 82, 'Land Rheinland-Pfalz', '', NULL, NULL),
(1377, 82, 'Land Sachsen', '', NULL, NULL),
(1378, 82, 'Land Sachsen-Anhalt', '', NULL, NULL),
(1379, 82, 'Land Thuringen', '', NULL, NULL),
(1380, 82, 'Lower Saxony', '', NULL, NULL),
(1381, 82, 'Mecklenburg-Vorpommern', '', NULL, NULL),
(1382, 82, 'Mulfingen', '', NULL, NULL),
(1383, 82, 'Munich', '', NULL, NULL),
(1384, 82, 'Neubeuern', '', NULL, NULL),
(1385, 82, 'Niedersachsen', '', NULL, NULL),
(1386, 82, 'Noord-Holland', '', NULL, NULL),
(1387, 82, 'Nordrhein-Westfalen', '', NULL, NULL),
(1388, 82, 'North Rhine-Westphalia', '', NULL, NULL),
(1389, 82, 'Osterode', '', NULL, NULL),
(1390, 82, 'Rheinland-Pfalz', '', NULL, NULL),
(1391, 82, 'Rhineland-Palatinate', '', NULL, NULL),
(1392, 82, 'Saarland', '', NULL, NULL),
(1393, 82, 'Sachsen', '', NULL, NULL),
(1394, 82, 'Sachsen-Anhalt', '', NULL, NULL),
(1395, 82, 'Saxony', '', NULL, NULL),
(1396, 82, 'Schleswig-Holstein', '', NULL, NULL),
(1397, 82, 'Thuringia', '', NULL, NULL),
(1398, 82, 'Webling', '', NULL, NULL),
(1399, 82, 'Weinstrabe', '', NULL, NULL),
(1400, 82, 'schlobborn', '', NULL, NULL),
(1401, 83, 'Ashanti', '', NULL, NULL),
(1402, 83, 'Brong-Ahafo', '', NULL, NULL),
(1403, 83, 'Central', '', NULL, NULL),
(1404, 83, 'Eastern', '', NULL, NULL),
(1405, 83, 'Greater Accra', '', NULL, NULL),
(1406, 83, 'Northern', '', NULL, NULL),
(1407, 83, 'Upper East', '', NULL, NULL),
(1408, 83, 'Upper West', '', NULL, NULL),
(1409, 83, 'Volta', '', NULL, NULL),
(1410, 83, 'Western', '', NULL, NULL),
(1411, 84, 'Gibraltar', '', NULL, NULL),
(1412, 85, 'Acharnes', '', NULL, NULL),
(1413, 85, 'Ahaia', '', NULL, NULL),
(1414, 85, 'Aitolia kai Akarnania', '', NULL, NULL),
(1415, 85, 'Argolis', '', NULL, NULL),
(1416, 85, 'Arkadia', '', NULL, NULL),
(1417, 85, 'Arta', '', NULL, NULL),
(1418, 85, 'Attica', '', NULL, NULL),
(1419, 85, 'Attiki', '', NULL, NULL),
(1420, 85, 'Ayion Oros', '', NULL, NULL),
(1421, 85, 'Crete', '', NULL, NULL),
(1422, 85, 'Dodekanisos', '', NULL, NULL),
(1423, 85, 'Drama', '', NULL, NULL),
(1424, 85, 'Evia', '', NULL, NULL),
(1425, 85, 'Evritania', '', NULL, NULL),
(1426, 85, 'Evros', '', NULL, NULL),
(1427, 85, 'Evvoia', '', NULL, NULL),
(1428, 85, 'Florina', '', NULL, NULL),
(1429, 85, 'Fokis', '', NULL, NULL),
(1430, 85, 'Fthiotis', '', NULL, NULL),
(1431, 85, 'Grevena', '', NULL, NULL),
(1432, 85, 'Halandri', '', NULL, NULL),
(1433, 85, 'Halkidiki', '', NULL, NULL),
(1434, 85, 'Hania', '', NULL, NULL),
(1435, 85, 'Heraklion', '', NULL, NULL),
(1436, 85, 'Hios', '', NULL, NULL),
(1437, 85, 'Ilia', '', NULL, NULL),
(1438, 85, 'Imathia', '', NULL, NULL),
(1439, 85, 'Ioannina', '', NULL, NULL),
(1440, 85, 'Iraklion', '', NULL, NULL),
(1441, 85, 'Karditsa', '', NULL, NULL),
(1442, 85, 'Kastoria', '', NULL, NULL),
(1443, 85, 'Kavala', '', NULL, NULL),
(1444, 85, 'Kefallinia', '', NULL, NULL),
(1445, 85, 'Kerkira', '', NULL, NULL),
(1446, 85, 'Kiklades', '', NULL, NULL),
(1447, 85, 'Kilkis', '', NULL, NULL),
(1448, 85, 'Korinthia', '', NULL, NULL),
(1449, 85, 'Kozani', '', NULL, NULL),
(1450, 85, 'Lakonia', '', NULL, NULL),
(1451, 85, 'Larisa', '', NULL, NULL),
(1452, 85, 'Lasithi', '', NULL, NULL),
(1453, 85, 'Lesvos', '', NULL, NULL),
(1454, 85, 'Levkas', '', NULL, NULL),
(1455, 85, 'Magnisia', '', NULL, NULL),
(1456, 85, 'Messinia', '', NULL, NULL),
(1457, 85, 'Nomos Attikis', '', NULL, NULL),
(1458, 85, 'Nomos Zakynthou', '', NULL, NULL),
(1459, 85, 'Pella', '', NULL, NULL),
(1460, 85, 'Pieria', '', NULL, NULL),
(1461, 85, 'Piraios', '', NULL, NULL),
(1462, 85, 'Preveza', '', NULL, NULL),
(1463, 85, 'Rethimni', '', NULL, NULL),
(1464, 85, 'Rodopi', '', NULL, NULL),
(1465, 85, 'Samos', '', NULL, NULL),
(1466, 85, 'Serrai', '', NULL, NULL),
(1467, 85, 'Thesprotia', '', NULL, NULL),
(1468, 85, 'Thessaloniki', '', NULL, NULL),
(1469, 85, 'Trikala', '', NULL, NULL),
(1470, 85, 'Voiotia', '', NULL, NULL),
(1471, 85, 'West Greece', '', NULL, NULL),
(1472, 85, 'Xanthi', '', NULL, NULL),
(1473, 85, 'Zakinthos', '', NULL, NULL),
(1474, 86, 'Aasiaat', '', NULL, NULL),
(1475, 86, 'Ammassalik', '', NULL, NULL),
(1476, 86, 'Illoqqortoormiut', '', NULL, NULL),
(1477, 86, 'Ilulissat', '', NULL, NULL),
(1478, 86, 'Ivittuut', '', NULL, NULL),
(1479, 86, 'Kangaatsiaq', '', NULL, NULL),
(1480, 86, 'Maniitsoq', '', NULL, NULL),
(1481, 86, 'Nanortalik', '', NULL, NULL),
(1482, 86, 'Narsaq', '', NULL, NULL),
(1483, 86, 'Nuuk', '', NULL, NULL),
(1484, 86, 'Paamiut', '', NULL, NULL),
(1485, 86, 'Qaanaaq', '', NULL, NULL),
(1486, 86, 'Qaqortoq', '', NULL, NULL),
(1487, 86, 'Qasigiannguit', '', NULL, NULL),
(1488, 86, 'Qeqertarsuaq', '', NULL, NULL),
(1489, 86, 'Sisimiut', '', NULL, NULL),
(1490, 86, 'Udenfor kommunal inddeling', '', NULL, NULL),
(1491, 86, 'Upernavik', '', NULL, NULL),
(1492, 86, 'Uummannaq', '', NULL, NULL),
(1493, 87, 'Carriacou-Petite Martinique', '', NULL, NULL),
(1494, 87, 'Saint Andrew', '', NULL, NULL),
(1495, 87, 'Saint Davids', '', NULL, NULL),
(1496, 87, 'Saint George\'s', '', NULL, NULL),
(1497, 87, 'Saint John', '', NULL, NULL),
(1498, 87, 'Saint Mark', '', NULL, NULL),
(1499, 87, 'Saint Patrick', '', NULL, NULL),
(1500, 88, 'Basse-Terre', '', NULL, NULL),
(1501, 88, 'Grande-Terre', '', NULL, NULL),
(1502, 88, 'Iles des Saintes', '', NULL, NULL),
(1503, 88, 'La Desirade', '', NULL, NULL),
(1504, 88, 'Marie-Galante', '', NULL, NULL),
(1505, 88, 'Saint Barthelemy', '', NULL, NULL),
(1506, 88, 'Saint Martin', '', NULL, NULL),
(1507, 89, 'Agana Heights', '', NULL, NULL),
(1508, 89, 'Agat', '', NULL, NULL),
(1509, 89, 'Barrigada', '', NULL, NULL),
(1510, 89, 'Chalan-Pago-Ordot', '', NULL, NULL),
(1511, 89, 'Dededo', '', NULL, NULL),
(1512, 89, 'Hagatna', '', NULL, NULL),
(1513, 89, 'Inarajan', '', NULL, NULL),
(1514, 89, 'Mangilao', '', NULL, NULL),
(1515, 89, 'Merizo', '', NULL, NULL),
(1516, 89, 'Mongmong-Toto-Maite', '', NULL, NULL),
(1517, 89, 'Santa Rita', '', NULL, NULL),
(1518, 89, 'Sinajana', '', NULL, NULL),
(1519, 89, 'Talofofo', '', NULL, NULL),
(1520, 89, 'Tamuning', '', NULL, NULL),
(1521, 89, 'Yigo', '', NULL, NULL),
(1522, 89, 'Yona', '', NULL, NULL),
(1523, 90, 'Alta Verapaz', '', NULL, NULL),
(1524, 90, 'Baja Verapaz', '', NULL, NULL),
(1525, 90, 'Chimaltenango', '', NULL, NULL),
(1526, 90, 'Chiquimula', '', NULL, NULL),
(1527, 90, 'El Progreso', '', NULL, NULL),
(1528, 90, 'Escuintla', '', NULL, NULL),
(1529, 90, 'Guatemala', '', NULL, NULL),
(1530, 90, 'Huehuetenango', '', NULL, NULL),
(1531, 90, 'Izabal', '', NULL, NULL),
(1532, 90, 'Jalapa', '', NULL, NULL),
(1533, 90, 'Jutiapa', '', NULL, NULL),
(1534, 90, 'Peten', '', NULL, NULL),
(1535, 90, 'Quezaltenango', '', NULL, NULL),
(1536, 90, 'Quiche', '', NULL, NULL),
(1537, 90, 'Retalhuleu', '', NULL, NULL),
(1538, 90, 'Sacatepequez', '', NULL, NULL),
(1539, 90, 'San Marcos', '', NULL, NULL),
(1540, 90, 'Santa Rosa', '', NULL, NULL),
(1541, 90, 'Solola', '', NULL, NULL),
(1542, 90, 'Suchitepequez', '', NULL, NULL),
(1543, 90, 'Totonicapan', '', NULL, NULL),
(1544, 90, 'Zacapa', '', NULL, NULL),
(1545, 91, 'Alderney', '', NULL, NULL),
(1546, 91, 'Castel', '', NULL, NULL),
(1547, 91, 'Forest', '', NULL, NULL),
(1548, 91, 'Saint Andrew', '', NULL, NULL),
(1549, 91, 'Saint Martin', '', NULL, NULL),
(1550, 91, 'Saint Peter Port', '', NULL, NULL),
(1551, 91, 'Saint Pierre du Bois', '', NULL, NULL),
(1552, 91, 'Saint Sampson', '', NULL, NULL),
(1553, 91, 'Saint Saviour', '', NULL, NULL),
(1554, 91, 'Sark', '', NULL, NULL),
(1555, 91, 'Torteval', '', NULL, NULL),
(1556, 91, 'Vale', '', NULL, NULL),
(1557, 92, 'Beyla', '', NULL, NULL),
(1558, 92, 'Boffa', '', NULL, NULL),
(1559, 92, 'Boke', '', NULL, NULL),
(1560, 92, 'Conakry', '', NULL, NULL),
(1561, 92, 'Coyah', '', NULL, NULL),
(1562, 92, 'Dabola', '', NULL, NULL),
(1563, 92, 'Dalaba', '', NULL, NULL),
(1564, 92, 'Dinguiraye', '', NULL, NULL),
(1565, 92, 'Faranah', '', NULL, NULL),
(1566, 92, 'Forecariah', '', NULL, NULL),
(1567, 92, 'Fria', '', NULL, NULL),
(1568, 92, 'Gaoual', '', NULL, NULL),
(1569, 92, 'Gueckedou', '', NULL, NULL),
(1570, 92, 'Kankan', '', NULL, NULL),
(1571, 92, 'Kerouane', '', NULL, NULL),
(1572, 92, 'Kindia', '', NULL, NULL),
(1573, 92, 'Kissidougou', '', NULL, NULL),
(1574, 92, 'Koubia', '', NULL, NULL),
(1575, 92, 'Koundara', '', NULL, NULL),
(1576, 92, 'Kouroussa', '', NULL, NULL),
(1577, 92, 'Labe', '', NULL, NULL),
(1578, 92, 'Lola', '', NULL, NULL),
(1579, 92, 'Macenta', '', NULL, NULL),
(1580, 92, 'Mali', '', NULL, NULL),
(1581, 92, 'Mamou', '', NULL, NULL),
(1582, 92, 'Mandiana', '', NULL, NULL),
(1583, 92, 'Nzerekore', '', NULL, NULL),
(1584, 92, 'Pita', '', NULL, NULL),
(1585, 92, 'Siguiri', '', NULL, NULL),
(1586, 92, 'Telimele', '', NULL, NULL),
(1587, 92, 'Tougue', '', NULL, NULL),
(1588, 92, 'Yomou', '', NULL, NULL),
(1589, 93, 'Bafata', '', NULL, NULL),
(1590, 93, 'Bissau', '', NULL, NULL),
(1591, 93, 'Bolama', '', NULL, NULL),
(1592, 93, 'Cacheu', '', NULL, NULL),
(1593, 93, 'Gabu', '', NULL, NULL),
(1594, 93, 'Oio', '', NULL, NULL),
(1595, 93, 'Quinara', '', NULL, NULL),
(1596, 93, 'Tombali', '', NULL, NULL),
(1597, 94, 'Barima-Waini', '', NULL, NULL),
(1598, 94, 'Cuyuni-Mazaruni', '', NULL, NULL),
(1599, 94, 'Demerara-Mahaica', '', NULL, NULL),
(1600, 94, 'East Berbice-Corentyne', '', NULL, NULL),
(1601, 94, 'Essequibo Islands-West Demerar', '', NULL, NULL),
(1602, 94, 'Mahaica-Berbice', '', NULL, NULL),
(1603, 94, 'Pomeroon-Supenaam', '', NULL, NULL),
(1604, 94, 'Potaro-Siparuni', '', NULL, NULL),
(1605, 94, 'Upper Demerara-Berbice', '', NULL, NULL),
(1606, 94, 'Upper Takutu-Upper Essequibo', '', NULL, NULL),
(1607, 95, 'Artibonite', '', NULL, NULL),
(1608, 95, 'Centre', '', NULL, NULL),
(1609, 95, 'Grand\'Anse', '', NULL, NULL),
(1610, 95, 'Nord', '', NULL, NULL),
(1611, 95, 'Nord-Est', '', NULL, NULL),
(1612, 95, 'Nord-Ouest', '', NULL, NULL),
(1613, 95, 'Ouest', '', NULL, NULL),
(1614, 95, 'Sud', '', NULL, NULL),
(1615, 95, 'Sud-Est', '', NULL, NULL),
(1616, 96, 'Heard and McDonald Islands', '', NULL, NULL),
(1617, 97, 'Atlantida', '', NULL, NULL),
(1618, 97, 'Choluteca', '', NULL, NULL),
(1619, 97, 'Colon', '', NULL, NULL),
(1620, 97, 'Comayagua', '', NULL, NULL),
(1621, 97, 'Copan', '', NULL, NULL),
(1622, 97, 'Cortes', '', NULL, NULL),
(1623, 97, 'Distrito Central', '', NULL, NULL),
(1624, 97, 'El Paraiso', '', NULL, NULL),
(1625, 97, 'Francisco Morazan', '', NULL, NULL),
(1626, 97, 'Gracias a Dios', '', NULL, NULL),
(1627, 97, 'Intibuca', '', NULL, NULL),
(1628, 97, 'Islas de la Bahia', '', NULL, NULL),
(1629, 97, 'La Paz', '', NULL, NULL),
(1630, 97, 'Lempira', '', NULL, NULL),
(1631, 97, 'Ocotepeque', '', NULL, NULL),
(1632, 97, 'Olancho', '', NULL, NULL),
(1633, 97, 'Santa Barbara', '', NULL, NULL),
(1634, 97, 'Valle', '', NULL, NULL),
(1635, 97, 'Yoro', '', NULL, NULL),
(1636, 98, 'Hong Kong', '', NULL, NULL),
(1637, 99, 'Bacs-Kiskun', '', NULL, NULL),
(1638, 99, 'Baranya', '', NULL, NULL),
(1639, 99, 'Bekes', '', NULL, NULL),
(1640, 99, 'Borsod-Abauj-Zemplen', '', NULL, NULL),
(1641, 99, 'Budapest', '', NULL, NULL),
(1642, 99, 'Csongrad', '', NULL, NULL),
(1643, 99, 'Fejer', '', NULL, NULL),
(1644, 99, 'Gyor-Moson-Sopron', '', NULL, NULL),
(1645, 99, 'Hajdu-Bihar', '', NULL, NULL),
(1646, 99, 'Heves', '', NULL, NULL),
(1647, 99, 'Jasz-Nagykun-Szolnok', '', NULL, NULL),
(1648, 99, 'Komarom-Esztergom', '', NULL, NULL),
(1649, 99, 'Nograd', '', NULL, NULL),
(1650, 99, 'Pest', '', NULL, NULL),
(1651, 99, 'Somogy', '', NULL, NULL),
(1652, 99, 'Szabolcs-Szatmar-Bereg', '', NULL, NULL),
(1653, 99, 'Tolna', '', NULL, NULL),
(1654, 99, 'Vas', '', NULL, NULL),
(1655, 99, 'Veszprem', '', NULL, NULL),
(1656, 99, 'Zala', '', NULL, NULL),
(1657, 100, 'Austurland', '', NULL, NULL),
(1658, 100, 'Gullbringusysla', '', NULL, NULL),
(1659, 100, 'Hofu borgarsva i', '', NULL, NULL),
(1660, 100, 'Nor urland eystra', '', NULL, NULL),
(1661, 100, 'Nor urland vestra', '', NULL, NULL),
(1662, 100, 'Su urland', '', NULL, NULL),
(1663, 100, 'Su urnes', '', NULL, NULL),
(1664, 100, 'Vestfir ir', '', NULL, NULL),
(1665, 100, 'Vesturland', '', NULL, NULL),
(1666, 102, 'Aceh', '', NULL, NULL),
(1667, 102, 'Bali', '', NULL, NULL),
(1668, 102, 'Bangka-Belitung', '', NULL, NULL),
(1669, 102, 'Banten', '', NULL, NULL),
(1670, 102, 'Bengkulu', '', NULL, NULL),
(1671, 102, 'Gandaria', '', NULL, NULL),
(1672, 102, 'Gorontalo', '', NULL, NULL),
(1673, 102, 'Jakarta', '', NULL, NULL),
(1674, 102, 'Jambi', '', NULL, NULL),
(1675, 102, 'Jawa Barat', '', NULL, NULL),
(1676, 102, 'Jawa Tengah', '', NULL, NULL),
(1677, 102, 'Jawa Timur', '', NULL, NULL),
(1678, 102, 'Kalimantan Barat', '', NULL, NULL),
(1679, 102, 'Kalimantan Selatan', '', NULL, NULL),
(1680, 102, 'Kalimantan Tengah', '', NULL, NULL),
(1681, 102, 'Kalimantan Timur', '', NULL, NULL),
(1682, 102, 'Kendal', '', NULL, NULL),
(1683, 102, 'Lampung', '', NULL, NULL),
(1684, 102, 'Maluku', '', NULL, NULL),
(1685, 102, 'Maluku Utara', '', NULL, NULL),
(1686, 102, 'Nusa Tenggara Barat', '', NULL, NULL),
(1687, 102, 'Nusa Tenggara Timur', '', NULL, NULL),
(1688, 102, 'Papua', '', NULL, NULL),
(1689, 102, 'Riau', '', NULL, NULL),
(1690, 102, 'Riau Kepulauan', '', NULL, NULL),
(1691, 102, 'Solo', '', NULL, NULL),
(1692, 102, 'Sulawesi Selatan', '', NULL, NULL),
(1693, 102, 'Sulawesi Tengah', '', NULL, NULL),
(1694, 102, 'Sulawesi Tenggara', '', NULL, NULL),
(1695, 102, 'Sulawesi Utara', '', NULL, NULL),
(1696, 102, 'Sumatera Barat', '', NULL, NULL),
(1697, 102, 'Sumatera Selatan', '', NULL, NULL),
(1698, 102, 'Sumatera Utara', '', NULL, NULL),
(1699, 102, 'Yogyakarta', '', NULL, NULL),
(1700, 103, 'Ardabil', '', NULL, NULL),
(1701, 103, 'Azarbayjan-e Bakhtari', '', NULL, NULL),
(1702, 103, 'Azarbayjan-e Khavari', '', NULL, NULL),
(1703, 103, 'Bushehr', '', NULL, NULL),
(1704, 103, 'Chahar Mahal-e Bakhtiari', '', NULL, NULL),
(1705, 103, 'Esfahan', '', NULL, NULL),
(1706, 103, 'Fars', '', NULL, NULL),
(1707, 103, 'Gilan', '', NULL, NULL),
(1708, 103, 'Golestan', '', NULL, NULL),
(1709, 103, 'Hamadan', '', NULL, NULL),
(1710, 103, 'Hormozgan', '', NULL, NULL),
(1711, 103, 'Ilam', '', NULL, NULL),
(1712, 103, 'Kerman', '', NULL, NULL),
(1713, 103, 'Kermanshah', '', NULL, NULL),
(1714, 103, 'Khorasan', '', NULL, NULL),
(1715, 103, 'Khuzestan', '', NULL, NULL),
(1716, 103, 'Kohgiluyeh-e Boyerahmad', '', NULL, NULL),
(1717, 103, 'Kordestan', '', NULL, NULL),
(1718, 103, 'Lorestan', '', NULL, NULL),
(1719, 103, 'Markazi', '', NULL, NULL),
(1720, 103, 'Mazandaran', '', NULL, NULL),
(1721, 103, 'Ostan-e Esfahan', '', NULL, NULL),
(1722, 103, 'Qazvin', '', NULL, NULL),
(1723, 103, 'Qom', '', NULL, NULL),
(1724, 103, 'Semnan', '', NULL, NULL),
(1725, 103, 'Sistan-e Baluchestan', '', NULL, NULL),
(1726, 103, 'Tehran', '', NULL, NULL),
(1727, 103, 'Yazd', '', NULL, NULL),
(1728, 103, 'Zanjan', '', NULL, NULL),
(1729, 104, 'Babil', '', NULL, NULL),
(1730, 104, 'Baghdad', '', NULL, NULL),
(1731, 104, 'Dahuk', '', NULL, NULL),
(1732, 104, 'Dhi Qar', '', NULL, NULL),
(1733, 104, 'Diyala', '', NULL, NULL),
(1734, 104, 'Erbil', '', NULL, NULL),
(1735, 104, 'Irbil', '', NULL, NULL),
(1736, 104, 'Karbala', '', NULL, NULL),
(1737, 104, 'Kurdistan', '', NULL, NULL),
(1738, 104, 'Maysan', '', NULL, NULL),
(1739, 104, 'Ninawa', '', NULL, NULL),
(1740, 104, 'Salah-ad-Din', '', NULL, NULL),
(1741, 104, 'Wasit', '', NULL, NULL),
(1742, 104, 'al-Anbar', '', NULL, NULL),
(1743, 104, 'al-Basrah', '', NULL, NULL),
(1744, 104, 'al-Muthanna', '', NULL, NULL),
(1745, 104, 'al-Qadisiyah', '', NULL, NULL),
(1746, 104, 'an-Najaf', '', NULL, NULL),
(1747, 104, 'as-Sulaymaniyah', '', NULL, NULL),
(1748, 104, 'at-Ta\'mim', '', NULL, NULL),
(1749, 105, 'Armagh', '', NULL, NULL),
(1750, 105, 'Carlow', '', NULL, NULL),
(1751, 105, 'Cavan', '', NULL, NULL),
(1752, 105, 'Clare', '', NULL, NULL),
(1753, 105, 'Cork', '', NULL, NULL),
(1754, 105, 'Donegal', '', NULL, NULL),
(1755, 105, 'Dublin', '', NULL, NULL),
(1756, 105, 'Galway', '', NULL, NULL),
(1757, 105, 'Kerry', '', NULL, NULL),
(1758, 105, 'Kildare', '', NULL, NULL),
(1759, 105, 'Kilkenny', '', NULL, NULL),
(1760, 105, 'Laois', '', NULL, NULL),
(1761, 105, 'Leinster', '', NULL, NULL),
(1762, 105, 'Leitrim', '', NULL, NULL),
(1763, 105, 'Limerick', '', NULL, NULL),
(1764, 105, 'Loch Garman', '', NULL, NULL),
(1765, 105, 'Longford', '', NULL, NULL),
(1766, 105, 'Louth', '', NULL, NULL),
(1767, 105, 'Mayo', '', NULL, NULL),
(1768, 105, 'Meath', '', NULL, NULL),
(1769, 105, 'Monaghan', '', NULL, NULL),
(1770, 105, 'Offaly', '', NULL, NULL),
(1771, 105, 'Roscommon', '', NULL, NULL),
(1772, 105, 'Sligo', '', NULL, NULL),
(1773, 105, 'Tipperary North Riding', '', NULL, NULL),
(1774, 105, 'Tipperary South Riding', '', NULL, NULL),
(1775, 105, 'Ulster', '', NULL, NULL),
(1776, 105, 'Waterford', '', NULL, NULL),
(1777, 105, 'Westmeath', '', NULL, NULL),
(1778, 105, 'Wexford', '', NULL, NULL),
(1779, 105, 'Wicklow', '', NULL, NULL),
(1780, 106, 'Beit Hanania', '', NULL, NULL),
(1781, 106, 'Ben Gurion Airport', '', NULL, NULL),
(1782, 106, 'Bethlehem', '', NULL, NULL),
(1783, 106, 'Caesarea', '', NULL, NULL),
(1784, 106, 'Centre', '', NULL, NULL),
(1785, 106, 'Gaza', '', NULL, NULL),
(1786, 106, 'Hadaron', '', NULL, NULL),
(1787, 106, 'Haifa District', '', NULL, NULL),
(1788, 106, 'Hamerkaz', '', NULL, NULL),
(1789, 106, 'Hazafon', '', NULL, NULL),
(1790, 106, 'Hebron', '', NULL, NULL),
(1791, 106, 'Jaffa', '', NULL, NULL),
(1792, 106, 'Jerusalem', '', NULL, NULL),
(1793, 106, 'Khefa', '', NULL, NULL),
(1794, 106, 'Kiryat Yam', '', NULL, NULL),
(1795, 106, 'Lower Galilee', '', NULL, NULL),
(1796, 106, 'Qalqilya', '', NULL, NULL),
(1797, 106, 'Talme Elazar', '', NULL, NULL),
(1798, 106, 'Tel Aviv', '', NULL, NULL),
(1799, 106, 'Tsafon', '', NULL, NULL),
(1800, 106, 'Umm El Fahem', '', NULL, NULL),
(1801, 106, 'Yerushalayim', '', NULL, NULL),
(1802, 107, 'Abruzzi', '', NULL, NULL),
(1803, 107, 'Abruzzo', '', NULL, NULL),
(1804, 107, 'Agrigento', '', NULL, NULL),
(1805, 107, 'Alessandria', '', NULL, NULL),
(1806, 107, 'Ancona', '', NULL, NULL),
(1807, 107, 'Arezzo', '', NULL, NULL),
(1808, 107, 'Ascoli Piceno', '', NULL, NULL),
(1809, 107, 'Asti', '', NULL, NULL),
(1810, 107, 'Avellino', '', NULL, NULL),
(1811, 107, 'Bari', '', NULL, NULL),
(1812, 107, 'Basilicata', '', NULL, NULL),
(1813, 107, 'Belluno', '', NULL, NULL),
(1814, 107, 'Benevento', '', NULL, NULL),
(1815, 107, 'Bergamo', '', NULL, NULL),
(1816, 107, 'Biella', '', NULL, NULL),
(1817, 107, 'Bologna', '', NULL, NULL),
(1818, 107, 'Bolzano', '', NULL, NULL),
(1819, 107, 'Brescia', '', NULL, NULL),
(1820, 107, 'Brindisi', '', NULL, NULL),
(1821, 107, 'Calabria', '', NULL, NULL),
(1822, 107, 'Campania', '', NULL, NULL),
(1823, 107, 'Cartoceto', '', NULL, NULL),
(1824, 107, 'Caserta', '', NULL, NULL),
(1825, 107, 'Catania', '', NULL, NULL),
(1826, 107, 'Chieti', '', NULL, NULL),
(1827, 107, 'Como', '', NULL, NULL),
(1828, 107, 'Cosenza', '', NULL, NULL),
(1829, 107, 'Cremona', '', NULL, NULL),
(1830, 107, 'Cuneo', '', NULL, NULL),
(1831, 107, 'Emilia-Romagna', '', NULL, NULL),
(1832, 107, 'Ferrara', '', NULL, NULL),
(1833, 107, 'Firenze', '', NULL, NULL),
(1834, 107, 'Florence', '', NULL, NULL),
(1835, 107, 'Forli-Cesena ', '', NULL, NULL),
(1836, 107, 'Friuli-Venezia Giulia', '', NULL, NULL),
(1837, 107, 'Frosinone', '', NULL, NULL),
(1838, 107, 'Genoa', '', NULL, NULL),
(1839, 107, 'Gorizia', '', NULL, NULL),
(1840, 107, 'L\'Aquila', '', NULL, NULL),
(1841, 107, 'Lazio', '', NULL, NULL),
(1842, 107, 'Lecce', '', NULL, NULL),
(1843, 107, 'Lecco', '', NULL, NULL),
(1844, 107, 'Lecco Province', '', NULL, NULL),
(1845, 107, 'Liguria', '', NULL, NULL),
(1846, 107, 'Lodi', '', NULL, NULL),
(1847, 107, 'Lombardia', '', NULL, NULL),
(1848, 107, 'Lombardy', '', NULL, NULL),
(1849, 107, 'Macerata', '', NULL, NULL),
(1850, 107, 'Mantova', '', NULL, NULL),
(1851, 107, 'Marche', '', NULL, NULL),
(1852, 107, 'Messina', '', NULL, NULL),
(1853, 107, 'Milan', '', NULL, NULL),
(1854, 107, 'Modena', '', NULL, NULL),
(1855, 107, 'Molise', '', NULL, NULL),
(1856, 107, 'Molteno', '', NULL, NULL),
(1857, 107, 'Montenegro', '', NULL, NULL),
(1858, 107, 'Monza and Brianza', '', NULL, NULL),
(1859, 107, 'Naples', '', NULL, NULL),
(1860, 107, 'Novara', '', NULL, NULL),
(1861, 107, 'Padova', '', NULL, NULL),
(1862, 107, 'Parma', '', NULL, NULL),
(1863, 107, 'Pavia', '', NULL, NULL),
(1864, 107, 'Perugia', '', NULL, NULL),
(1865, 107, 'Pesaro-Urbino', '', NULL, NULL),
(1866, 107, 'Piacenza', '', NULL, NULL),
(1867, 107, 'Piedmont', '', NULL, NULL),
(1868, 107, 'Piemonte', '', NULL, NULL),
(1869, 107, 'Pisa', '', NULL, NULL),
(1870, 107, 'Pordenone', '', NULL, NULL),
(1871, 107, 'Potenza', '', NULL, NULL),
(1872, 107, 'Puglia', '', NULL, NULL),
(1873, 107, 'Reggio Emilia', '', NULL, NULL),
(1874, 107, 'Rimini', '', NULL, NULL),
(1875, 107, 'Roma', '', NULL, NULL),
(1876, 107, 'Salerno', '', NULL, NULL),
(1877, 107, 'Sardegna', '', NULL, NULL),
(1878, 107, 'Sassari', '', NULL, NULL),
(1879, 107, 'Savona', '', NULL, NULL),
(1880, 107, 'Sicilia', '', NULL, NULL),
(1881, 107, 'Siena', '', NULL, NULL),
(1882, 107, 'Sondrio', '', NULL, NULL),
(1883, 107, 'South Tyrol', '', NULL, NULL),
(1884, 107, 'Taranto', '', NULL, NULL),
(1885, 107, 'Teramo', '', NULL, NULL),
(1886, 107, 'Torino', '', NULL, NULL),
(1887, 107, 'Toscana', '', NULL, NULL),
(1888, 107, 'Trapani', '', NULL, NULL),
(1889, 107, 'Trentino-Alto Adige', '', NULL, NULL),
(1890, 107, 'Trento', '', NULL, NULL),
(1891, 107, 'Treviso', '', NULL, NULL),
(1892, 107, 'Udine', '', NULL, NULL),
(1893, 107, 'Umbria', '', NULL, NULL),
(1894, 107, 'Valle d\'Aosta', '', NULL, NULL),
(1895, 107, 'Varese', '', NULL, NULL),
(1896, 107, 'Veneto', '', NULL, NULL),
(1897, 107, 'Venezia', '', NULL, NULL),
(1898, 107, 'Verbano-Cusio-Ossola', '', NULL, NULL),
(1899, 107, 'Vercelli', '', NULL, NULL),
(1900, 107, 'Verona', '', NULL, NULL),
(1901, 107, 'Vicenza', '', NULL, NULL),
(1902, 107, 'Viterbo', '', NULL, NULL),
(1903, 108, 'Buxoro Viloyati', '', NULL, NULL),
(1904, 108, 'Clarendon', '', NULL, NULL),
(1905, 108, 'Hanover', '', NULL, NULL),
(1906, 108, 'Kingston', '', NULL, NULL),
(1907, 108, 'Manchester', '', NULL, NULL),
(1908, 108, 'Portland', '', NULL, NULL),
(1909, 108, 'Saint Andrews', '', NULL, NULL),
(1910, 108, 'Saint Ann', '', NULL, NULL),
(1911, 108, 'Saint Catherine', '', NULL, NULL),
(1912, 108, 'Saint Elizabeth', '', NULL, NULL),
(1913, 108, 'Saint James', '', NULL, NULL),
(1914, 108, 'Saint Mary', '', NULL, NULL),
(1915, 108, 'Saint Thomas', '', NULL, NULL),
(1916, 108, 'Trelawney', '', NULL, NULL),
(1917, 108, 'Westmoreland', '', NULL, NULL),
(1918, 109, 'Aichi', '', NULL, NULL),
(1919, 109, 'Akita', '', NULL, NULL),
(1920, 109, 'Aomori', '', NULL, NULL),
(1921, 109, 'Chiba', '', NULL, NULL),
(1922, 109, 'Ehime', '', NULL, NULL),
(1923, 109, 'Fukui', '', NULL, NULL),
(1924, 109, 'Fukuoka', '', NULL, NULL),
(1925, 109, 'Fukushima', '', NULL, NULL),
(1926, 109, 'Gifu', '', NULL, NULL),
(1927, 109, 'Gumma', '', NULL, NULL),
(1928, 109, 'Hiroshima', '', NULL, NULL),
(1929, 109, 'Hokkaido', '', NULL, NULL),
(1930, 109, 'Hyogo', '', NULL, NULL),
(1931, 109, 'Ibaraki', '', NULL, NULL),
(1932, 109, 'Ishikawa', '', NULL, NULL),
(1933, 109, 'Iwate', '', NULL, NULL),
(1934, 109, 'Kagawa', '', NULL, NULL),
(1935, 109, 'Kagoshima', '', NULL, NULL),
(1936, 109, 'Kanagawa', '', NULL, NULL),
(1937, 109, 'Kanto', '', NULL, NULL),
(1938, 109, 'Kochi', '', NULL, NULL),
(1939, 109, 'Kumamoto', '', NULL, NULL),
(1940, 109, 'Kyoto', '', NULL, NULL),
(1941, 109, 'Mie', '', NULL, NULL),
(1942, 109, 'Miyagi', '', NULL, NULL),
(1943, 109, 'Miyazaki', '', NULL, NULL),
(1944, 109, 'Nagano', '', NULL, NULL),
(1945, 109, 'Nagasaki', '', NULL, NULL),
(1946, 109, 'Nara', '', NULL, NULL),
(1947, 109, 'Niigata', '', NULL, NULL),
(1948, 109, 'Oita', '', NULL, NULL),
(1949, 109, 'Okayama', '', NULL, NULL),
(1950, 109, 'Okinawa', '', NULL, NULL),
(1951, 109, 'Osaka', '', NULL, NULL),
(1952, 109, 'Saga', '', NULL, NULL),
(1953, 109, 'Saitama', '', NULL, NULL),
(1954, 109, 'Shiga', '', NULL, NULL),
(1955, 109, 'Shimane', '', NULL, NULL),
(1956, 109, 'Shizuoka', '', NULL, NULL),
(1957, 109, 'Tochigi', '', NULL, NULL),
(1958, 109, 'Tokushima', '', NULL, NULL),
(1959, 109, 'Tokyo', '', NULL, NULL),
(1960, 109, 'Tottori', '', NULL, NULL),
(1961, 109, 'Toyama', '', NULL, NULL),
(1962, 109, 'Wakayama', '', NULL, NULL),
(1963, 109, 'Yamagata', '', NULL, NULL),
(1964, 109, 'Yamaguchi', '', NULL, NULL),
(1965, 109, 'Yamanashi', '', NULL, NULL),
(1966, 110, 'Grouville', '', NULL, NULL),
(1967, 110, 'Saint Brelade', '', NULL, NULL),
(1968, 110, 'Saint Clement', '', NULL, NULL),
(1969, 110, 'Saint Helier', '', NULL, NULL),
(1970, 110, 'Saint John', '', NULL, NULL),
(1971, 110, 'Saint Lawrence', '', NULL, NULL),
(1972, 110, 'Saint Martin', '', NULL, NULL),
(1973, 110, 'Saint Mary', '', NULL, NULL),
(1974, 110, 'Saint Peter', '', NULL, NULL),
(1975, 110, 'Saint Saviour', '', NULL, NULL),
(1976, 110, 'Trinity', '', NULL, NULL),
(1977, 111, '\'Ajlun', '', NULL, NULL),
(1978, 111, 'Amman', '', NULL, NULL),
(1979, 111, 'Irbid', '', NULL, NULL),
(1980, 111, 'Jarash', '', NULL, NULL),
(1981, 111, 'Ma\'an', '', NULL, NULL),
(1982, 111, 'Madaba', '', NULL, NULL),
(1983, 111, 'al-\'Aqabah', '', NULL, NULL),
(1984, 111, 'al-Balqa\'', '', NULL, NULL),
(1985, 111, 'al-Karak', '', NULL, NULL),
(1986, 111, 'al-Mafraq', '', NULL, NULL),
(1987, 111, 'at-Tafilah', '', NULL, NULL),
(1988, 111, 'az-Zarqa\'', '', NULL, NULL),
(1989, 112, 'Akmecet', '', NULL, NULL),
(1990, 112, 'Akmola', '', NULL, NULL),
(1991, 112, 'Aktobe', '', NULL, NULL),
(1992, 112, 'Almati', '', NULL, NULL),
(1993, 112, 'Atirau', '', NULL, NULL),
(1994, 112, 'Batis Kazakstan', '', NULL, NULL),
(1995, 112, 'Burlinsky Region', '', NULL, NULL),
(1996, 112, 'Karagandi', '', NULL, NULL),
(1997, 112, 'Kostanay', '', NULL, NULL),
(1998, 112, 'Mankistau', '', NULL, NULL),
(1999, 112, 'Ontustik Kazakstan', '', NULL, NULL),
(2000, 112, 'Pavlodar', '', NULL, NULL),
(2001, 112, 'Sigis Kazakstan', '', NULL, NULL),
(2002, 112, 'Soltustik Kazakstan', '', NULL, NULL),
(2003, 112, 'Taraz', '', NULL, NULL),
(2004, 113, 'Central', '', NULL, NULL),
(2005, 113, 'Coast', '', NULL, NULL),
(2006, 113, 'Eastern', '', NULL, NULL),
(2007, 113, 'Nairobi', '', NULL, NULL),
(2008, 113, 'North Eastern', '', NULL, NULL),
(2009, 113, 'Nyanza', '', NULL, NULL),
(2010, 113, 'Rift Valley', '', NULL, NULL),
(2011, 113, 'Western', '', NULL, NULL),
(2012, 114, 'Abaiang', '', NULL, NULL),
(2013, 114, 'Abemana', '', NULL, NULL),
(2014, 114, 'Aranuka', '', NULL, NULL),
(2015, 114, 'Arorae', '', NULL, NULL),
(2016, 114, 'Banaba', '', NULL, NULL),
(2017, 114, 'Beru', '', NULL, NULL),
(2018, 114, 'Butaritari', '', NULL, NULL),
(2019, 114, 'Kiritimati', '', NULL, NULL),
(2020, 114, 'Kuria', '', NULL, NULL),
(2021, 114, 'Maiana', '', NULL, NULL),
(2022, 114, 'Makin', '', NULL, NULL),
(2023, 114, 'Marakei', '', NULL, NULL),
(2024, 114, 'Nikunau', '', NULL, NULL),
(2025, 114, 'Nonouti', '', NULL, NULL),
(2026, 114, 'Onotoa', '', NULL, NULL),
(2027, 114, 'Phoenix Islands', '', NULL, NULL),
(2028, 114, 'Tabiteuea North', '', NULL, NULL),
(2029, 114, 'Tabiteuea South', '', NULL, NULL),
(2030, 114, 'Tabuaeran', '', NULL, NULL),
(2031, 114, 'Tamana', '', NULL, NULL),
(2032, 114, 'Tarawa North', '', NULL, NULL),
(2033, 114, 'Tarawa South', '', NULL, NULL),
(2034, 114, 'Teraina', '', NULL, NULL),
(2035, 115, 'Chagangdo', '', NULL, NULL),
(2036, 115, 'Hamgyeongbukto', '', NULL, NULL),
(2037, 115, 'Hamgyeongnamdo', '', NULL, NULL),
(2038, 115, 'Hwanghaebukto', '', NULL, NULL),
(2039, 115, 'Hwanghaenamdo', '', NULL, NULL),
(2040, 115, 'Kaeseong', '', NULL, NULL),
(2041, 115, 'Kangweon', '', NULL, NULL),
(2042, 115, 'Nampo', '', NULL, NULL),
(2043, 115, 'Pyeonganbukto', '', NULL, NULL),
(2044, 115, 'Pyeongannamdo', '', NULL, NULL),
(2045, 115, 'Pyeongyang', '', NULL, NULL),
(2046, 115, 'Yanggang', '', NULL, NULL),
(2047, 116, 'Busan', '', NULL, NULL),
(2048, 116, 'Cheju', '', NULL, NULL),
(2049, 116, 'Chollabuk', '', NULL, NULL),
(2050, 116, 'Chollanam', '', NULL, NULL),
(2051, 116, 'Chungbuk', '', NULL, NULL),
(2052, 116, 'Chungcheongbuk', '', NULL, NULL),
(2053, 116, 'Chungcheongnam', '', NULL, NULL),
(2054, 116, 'Chungnam', '', NULL, NULL),
(2055, 116, 'Daegu', '', NULL, NULL),
(2056, 116, 'Gangwon-do', '', NULL, NULL),
(2057, 116, 'Goyang-si', '', NULL, NULL),
(2058, 116, 'Gyeonggi-do', '', NULL, NULL),
(2059, 116, 'Gyeongsang ', '', NULL, NULL),
(2060, 116, 'Gyeongsangnam-do', '', NULL, NULL),
(2061, 116, 'Incheon', '', NULL, NULL),
(2062, 116, 'Jeju-Si', '', NULL, NULL),
(2063, 116, 'Jeonbuk', '', NULL, NULL),
(2064, 116, 'Kangweon', '', NULL, NULL),
(2065, 116, 'Kwangju', '', NULL, NULL),
(2066, 116, 'Kyeonggi', '', NULL, NULL),
(2067, 116, 'Kyeongsangbuk', '', NULL, NULL),
(2068, 116, 'Kyeongsangnam', '', NULL, NULL),
(2069, 116, 'Kyonggi-do', '', NULL, NULL),
(2070, 116, 'Kyungbuk-Do', '', NULL, NULL),
(2071, 116, 'Kyunggi-Do', '', NULL, NULL),
(2072, 116, 'Kyunggi-do', '', NULL, NULL),
(2073, 116, 'Pusan', '', NULL, NULL),
(2074, 116, 'Seoul', '', NULL, NULL),
(2075, 116, 'Sudogwon', '', NULL, NULL),
(2076, 116, 'Taegu', '', NULL, NULL),
(2077, 116, 'Taejeon', '', NULL, NULL),
(2078, 116, 'Taejon-gwangyoksi', '', NULL, NULL),
(2079, 116, 'Ulsan', '', NULL, NULL),
(2080, 116, 'Wonju', '', NULL, NULL),
(2081, 116, 'gwangyoksi', '', NULL, NULL),
(2082, 117, 'Al Asimah', '', NULL, NULL),
(2083, 117, 'Hawalli', '', NULL, NULL),
(2084, 117, 'Mishref', '', NULL, NULL),
(2085, 117, 'Qadesiya', '', NULL, NULL),
(2086, 117, 'Safat', '', NULL, NULL),
(2087, 117, 'Salmiya', '', NULL, NULL),
(2088, 117, 'al-Ahmadi', '', NULL, NULL),
(2089, 117, 'al-Farwaniyah', '', NULL, NULL),
(2090, 117, 'al-Jahra', '', NULL, NULL),
(2091, 117, 'al-Kuwayt', '', NULL, NULL),
(2092, 118, 'Batken', '', NULL, NULL),
(2093, 118, 'Bishkek', '', NULL, NULL),
(2094, 118, 'Chui', '', NULL, NULL),
(2095, 118, 'Issyk-Kul', '', NULL, NULL),
(2096, 118, 'Jalal-Abad', '', NULL, NULL),
(2097, 118, 'Naryn', '', NULL, NULL),
(2098, 118, 'Osh', '', NULL, NULL),
(2099, 118, 'Talas', '', NULL, NULL),
(2100, 119, 'Attopu', '', NULL, NULL),
(2101, 119, 'Bokeo', '', NULL, NULL),
(2102, 119, 'Bolikhamsay', '', NULL, NULL),
(2103, 119, 'Champasak', '', NULL, NULL),
(2104, 119, 'Houaphanh', '', NULL, NULL),
(2105, 119, 'Khammouane', '', NULL, NULL),
(2106, 119, 'Luang Nam Tha', '', NULL, NULL),
(2107, 119, 'Luang Prabang', '', NULL, NULL),
(2108, 119, 'Oudomxay', '', NULL, NULL),
(2109, 119, 'Phongsaly', '', NULL, NULL),
(2110, 119, 'Saravan', '', NULL, NULL),
(2111, 119, 'Savannakhet', '', NULL, NULL),
(2112, 119, 'Sekong', '', NULL, NULL),
(2113, 119, 'Viangchan Prefecture', '', NULL, NULL),
(2114, 119, 'Viangchan Province', '', NULL, NULL),
(2115, 119, 'Xaignabury', '', NULL, NULL),
(2116, 119, 'Xiang Khuang', '', NULL, NULL),
(2117, 120, 'Aizkraukles', '', NULL, NULL),
(2118, 120, 'Aluksnes', '', NULL, NULL),
(2119, 120, 'Balvu', '', NULL, NULL),
(2120, 120, 'Bauskas', '', NULL, NULL),
(2121, 120, 'Cesu', '', NULL, NULL),
(2122, 120, 'Daugavpils', '', NULL, NULL),
(2123, 120, 'Daugavpils City', '', NULL, NULL),
(2124, 120, 'Dobeles', '', NULL, NULL),
(2125, 120, 'Gulbenes', '', NULL, NULL),
(2126, 120, 'Jekabspils', '', NULL, NULL),
(2127, 120, 'Jelgava', '', NULL, NULL),
(2128, 120, 'Jelgavas', '', NULL, NULL),
(2129, 120, 'Jurmala City', '', NULL, NULL),
(2130, 120, 'Kraslavas', '', NULL, NULL),
(2131, 120, 'Kuldigas', '', NULL, NULL),
(2132, 120, 'Liepaja', '', NULL, NULL),
(2133, 120, 'Liepajas', '', NULL, NULL),
(2134, 120, 'Limbazhu', '', NULL, NULL),
(2135, 120, 'Ludzas', '', NULL, NULL),
(2136, 120, 'Madonas', '', NULL, NULL),
(2137, 120, 'Ogres', '', NULL, NULL),
(2138, 120, 'Preilu', '', NULL, NULL),
(2139, 120, 'Rezekne', '', NULL, NULL),
(2140, 120, 'Rezeknes', '', NULL, NULL),
(2141, 120, 'Riga', '', NULL, NULL),
(2142, 120, 'Rigas', '', NULL, NULL),
(2143, 120, 'Saldus', '', NULL, NULL),
(2144, 120, 'Talsu', '', NULL, NULL),
(2145, 120, 'Tukuma', '', NULL, NULL),
(2146, 120, 'Valkas', '', NULL, NULL),
(2147, 120, 'Valmieras', '', NULL, NULL),
(2148, 120, 'Ventspils', '', NULL, NULL),
(2149, 120, 'Ventspils City', '', NULL, NULL),
(2150, 121, 'Beirut', '', NULL, NULL),
(2151, 121, 'Jabal Lubnan', '', NULL, NULL),
(2152, 121, 'Mohafazat Liban-Nord', '', NULL, NULL),
(2153, 121, 'Mohafazat Mont-Liban', '', NULL, NULL),
(2154, 121, 'Sidon', '', NULL, NULL),
(2155, 121, 'al-Biqa', '', NULL, NULL),
(2156, 121, 'al-Janub', '', NULL, NULL),
(2157, 121, 'an-Nabatiyah', '', NULL, NULL),
(2158, 121, 'ash-Shamal', '', NULL, NULL),
(2159, 122, 'Berea', '', NULL, NULL),
(2160, 122, 'Butha-Buthe', '', NULL, NULL),
(2161, 122, 'Leribe', '', NULL, NULL),
(2162, 122, 'Mafeteng', '', NULL, NULL),
(2163, 122, 'Maseru', '', NULL, NULL),
(2164, 122, 'Mohale\'s Hoek', '', NULL, NULL),
(2165, 122, 'Mokhotlong', '', NULL, NULL),
(2166, 122, 'Qacha\'s Nek', '', NULL, NULL),
(2167, 122, 'Quthing', '', NULL, NULL),
(2168, 122, 'Thaba-Tseka', '', NULL, NULL),
(2169, 123, 'Bomi', '', NULL, NULL),
(2170, 123, 'Bong', '', NULL, NULL),
(2171, 123, 'Grand Bassa', '', NULL, NULL),
(2172, 123, 'Grand Cape Mount', '', NULL, NULL),
(2173, 123, 'Grand Gedeh', '', NULL, NULL),
(2174, 123, 'Loffa', '', NULL, NULL),
(2175, 123, 'Margibi', '', NULL, NULL),
(2176, 123, 'Maryland and Grand Kru', '', NULL, NULL),
(2177, 123, 'Montserrado', '', NULL, NULL),
(2178, 123, 'Nimba', '', NULL, NULL),
(2179, 123, 'Rivercess', '', NULL, NULL),
(2180, 123, 'Sinoe', '', NULL, NULL),
(2181, 124, 'Ajdabiya', '', NULL, NULL),
(2182, 124, 'Fezzan', '', NULL, NULL),
(2183, 124, 'Banghazi', '', NULL, NULL),
(2184, 124, 'Darnah', '', NULL, NULL),
(2185, 124, 'Ghadamis', '', NULL, NULL),
(2186, 124, 'Gharyan', '', NULL, NULL),
(2187, 124, 'Misratah', '', NULL, NULL),
(2188, 124, 'Murzuq', '', NULL, NULL),
(2189, 124, 'Sabha', '', NULL, NULL),
(2190, 124, 'Sawfajjin', '', NULL, NULL),
(2191, 124, 'Surt', '', NULL, NULL),
(2192, 124, 'Tarabulus', '', NULL, NULL),
(2193, 124, 'Tarhunah', '', NULL, NULL),
(2194, 124, 'Tripolitania', '', NULL, NULL),
(2195, 124, 'Tubruq', '', NULL, NULL),
(2196, 124, 'Yafran', '', NULL, NULL),
(2197, 124, 'Zlitan', '', NULL, NULL),
(2198, 124, 'al-\'Aziziyah', '', NULL, NULL),
(2199, 124, 'al-Fatih', '', NULL, NULL),
(2200, 124, 'al-Jabal al Akhdar', '', NULL, NULL),
(2201, 124, 'al-Jufrah', '', NULL, NULL),
(2202, 124, 'al-Khums', '', NULL, NULL),
(2203, 124, 'al-Kufrah', '', NULL, NULL),
(2204, 124, 'an-Nuqat al-Khams', '', NULL, NULL),
(2205, 124, 'ash-Shati\'', '', NULL, NULL),
(2206, 124, 'az-Zawiyah', '', NULL, NULL),
(2207, 125, 'Balzers', '', NULL, NULL),
(2208, 125, 'Eschen', '', NULL, NULL),
(2209, 125, 'Gamprin', '', NULL, NULL),
(2210, 125, 'Mauren', '', NULL, NULL),
(2211, 125, 'Planken', '', NULL, NULL),
(2212, 125, 'Ruggell', '', NULL, NULL),
(2213, 125, 'Schaan', '', NULL, NULL),
(2214, 125, 'Schellenberg', '', NULL, NULL),
(2215, 125, 'Triesen', '', NULL, NULL),
(2216, 125, 'Triesenberg', '', NULL, NULL),
(2217, 125, 'Vaduz', '', NULL, NULL),
(2218, 126, 'Alytaus', '', NULL, NULL),
(2219, 126, 'Anyksciai', '', NULL, NULL),
(2220, 126, 'Kauno', '', NULL, NULL),
(2221, 126, 'Klaipedos', '', NULL, NULL),
(2222, 126, 'Marijampoles', '', NULL, NULL),
(2223, 126, 'Panevezhio', '', NULL, NULL),
(2224, 126, 'Panevezys', '', NULL, NULL),
(2225, 126, 'Shiauliu', '', NULL, NULL),
(2226, 126, 'Taurages', '', NULL, NULL),
(2227, 126, 'Telshiu', '', NULL, NULL),
(2228, 126, 'Telsiai', '', NULL, NULL),
(2229, 126, 'Utenos', '', NULL, NULL),
(2230, 126, 'Vilniaus', '', NULL, NULL),
(2231, 127, 'Capellen', '', NULL, NULL),
(2232, 127, 'Clervaux', '', NULL, NULL),
(2233, 127, 'Diekirch', '', NULL, NULL),
(2234, 127, 'Echternach', '', NULL, NULL),
(2235, 127, 'Esch-sur-Alzette', '', NULL, NULL),
(2236, 127, 'Grevenmacher', '', NULL, NULL),
(2237, 127, 'Luxembourg', '', NULL, NULL),
(2238, 127, 'Mersch', '', NULL, NULL),
(2239, 127, 'Redange', '', NULL, NULL),
(2240, 127, 'Remich', '', NULL, NULL),
(2241, 127, 'Vianden', '', NULL, NULL),
(2242, 127, 'Wiltz', '', NULL, NULL),
(2243, 128, 'Macau', '', NULL, NULL),
(2244, 129, 'Berovo', '', NULL, NULL),
(2245, 129, 'Bitola', '', NULL, NULL),
(2246, 129, 'Brod', '', NULL, NULL),
(2247, 129, 'Debar', '', NULL, NULL),
(2248, 129, 'Delchevo', '', NULL, NULL),
(2249, 129, 'Demir Hisar', '', NULL, NULL),
(2250, 129, 'Gevgelija', '', NULL, NULL),
(2251, 129, 'Gostivar', '', NULL, NULL),
(2252, 129, 'Kavadarci', '', NULL, NULL),
(2253, 129, 'Kichevo', '', NULL, NULL),
(2254, 129, 'Kochani', '', NULL, NULL),
(2255, 129, 'Kratovo', '', NULL, NULL),
(2256, 129, 'Kriva Palanka', '', NULL, NULL),
(2257, 129, 'Krushevo', '', NULL, NULL),
(2258, 129, 'Kumanovo', '', NULL, NULL),
(2259, 129, 'Negotino', '', NULL, NULL),
(2260, 129, 'Ohrid', '', NULL, NULL),
(2261, 129, 'Prilep', '', NULL, NULL),
(2262, 129, 'Probishtip', '', NULL, NULL),
(2263, 129, 'Radovish', '', NULL, NULL),
(2264, 129, 'Resen', '', NULL, NULL),
(2265, 129, 'Shtip', '', NULL, NULL),
(2266, 129, 'Skopje', '', NULL, NULL),
(2267, 129, 'Struga', '', NULL, NULL),
(2268, 129, 'Strumica', '', NULL, NULL),
(2269, 129, 'Sveti Nikole', '', NULL, NULL),
(2270, 129, 'Tetovo', '', NULL, NULL),
(2271, 129, 'Valandovo', '', NULL, NULL),
(2272, 129, 'Veles', '', NULL, NULL),
(2273, 129, 'Vinica', '', NULL, NULL),
(2274, 130, 'Antananarivo', '', NULL, NULL),
(2275, 130, 'Antsiranana', '', NULL, NULL),
(2276, 130, 'Fianarantsoa', '', NULL, NULL),
(2277, 130, 'Mahajanga', '', NULL, NULL),
(2278, 130, 'Toamasina', '', NULL, NULL),
(2279, 130, 'Toliary', '', NULL, NULL),
(2280, 131, 'Balaka', '', NULL, NULL),
(2281, 131, 'Blantyre City', '', NULL, NULL),
(2282, 131, 'Chikwawa', '', NULL, NULL),
(2283, 131, 'Chiradzulu', '', NULL, NULL),
(2284, 131, 'Chitipa', '', NULL, NULL),
(2285, 131, 'Dedza', '', NULL, NULL),
(2286, 131, 'Dowa', '', NULL, NULL),
(2287, 131, 'Karonga', '', NULL, NULL),
(2288, 131, 'Kasungu', '', NULL, NULL),
(2289, 131, 'Lilongwe City', '', NULL, NULL),
(2290, 131, 'Machinga', '', NULL, NULL),
(2291, 131, 'Mangochi', '', NULL, NULL),
(2292, 131, 'Mchinji', '', NULL, NULL),
(2293, 131, 'Mulanje', '', NULL, NULL),
(2294, 131, 'Mwanza', '', NULL, NULL),
(2295, 131, 'Mzimba', '', NULL, NULL),
(2296, 131, 'Mzuzu City', '', NULL, NULL),
(2297, 131, 'Nkhata Bay', '', NULL, NULL),
(2298, 131, 'Nkhotakota', '', NULL, NULL),
(2299, 131, 'Nsanje', '', NULL, NULL),
(2300, 131, 'Ntcheu', '', NULL, NULL),
(2301, 131, 'Ntchisi', '', NULL, NULL),
(2302, 131, 'Phalombe', '', NULL, NULL),
(2303, 131, 'Rumphi', '', NULL, NULL),
(2304, 131, 'Salima', '', NULL, NULL),
(2305, 131, 'Thyolo', '', NULL, NULL),
(2306, 131, 'Zomba Municipality', '', NULL, NULL),
(2307, 132, 'Johor', '', NULL, NULL),
(2308, 132, 'Kedah', '', NULL, NULL),
(2309, 132, 'Kelantan', '', NULL, NULL),
(2310, 132, 'Kuala Lumpur', '', NULL, NULL),
(2311, 132, 'Labuan', '', NULL, NULL),
(2312, 132, 'Melaka', '', NULL, NULL),
(2313, 132, 'Negeri Johor', '', NULL, NULL),
(2314, 132, 'Negeri Sembilan', '', NULL, NULL),
(2315, 132, 'Pahang', '', NULL, NULL),
(2316, 132, 'Penang', '', NULL, NULL),
(2317, 132, 'Perak', '', NULL, NULL),
(2318, 132, 'Perlis', '', NULL, NULL),
(2319, 132, 'Pulau Pinang', '', NULL, NULL),
(2320, 132, 'Sabah', '', NULL, NULL),
(2321, 132, 'Sarawak', '', NULL, NULL),
(2322, 132, 'Selangor', '', NULL, NULL),
(2323, 132, 'Sembilan', '', NULL, NULL),
(2324, 132, 'Terengganu', '', NULL, NULL),
(2325, 133, 'Alif Alif', '', NULL, NULL),
(2326, 133, 'Alif Dhaal', '', NULL, NULL),
(2327, 133, 'Baa', '', NULL, NULL),
(2328, 133, 'Dhaal', '', NULL, NULL),
(2329, 133, 'Faaf', '', NULL, NULL),
(2330, 133, 'Gaaf Alif', '', NULL, NULL),
(2331, 133, 'Gaaf Dhaal', '', NULL, NULL),
(2332, 133, 'Ghaviyani', '', NULL, NULL),
(2333, 133, 'Haa Alif', '', NULL, NULL),
(2334, 133, 'Haa Dhaal', '', NULL, NULL),
(2335, 133, 'Kaaf', '', NULL, NULL),
(2336, 133, 'Laam', '', NULL, NULL),
(2337, 133, 'Lhaviyani', '', NULL, NULL),
(2338, 133, 'Male', '', NULL, NULL),
(2339, 133, 'Miim', '', NULL, NULL),
(2340, 133, 'Nuun', '', NULL, NULL),
(2341, 133, 'Raa', '', NULL, NULL),
(2342, 133, 'Shaviyani', '', NULL, NULL),
(2343, 133, 'Siin', '', NULL, NULL),
(2344, 133, 'Thaa', '', NULL, NULL),
(2345, 133, 'Vaav', '', NULL, NULL),
(2346, 134, 'Bamako', '', NULL, NULL),
(2347, 134, 'Gao', '', NULL, NULL),
(2348, 134, 'Kayes', '', NULL, NULL),
(2349, 134, 'Kidal', '', NULL, NULL),
(2350, 134, 'Koulikoro', '', NULL, NULL),
(2351, 134, 'Mopti', '', NULL, NULL),
(2352, 134, 'Segou', '', NULL, NULL),
(2353, 134, 'Sikasso', '', NULL, NULL),
(2354, 134, 'Tombouctou', '', NULL, NULL),
(2355, 135, 'Gozo and Comino', '', NULL, NULL),
(2356, 135, 'Inner Harbour', '', NULL, NULL),
(2357, 135, 'Northern', '', NULL, NULL),
(2358, 135, 'Outer Harbour', '', NULL, NULL),
(2359, 135, 'South Eastern', '', NULL, NULL),
(2360, 135, 'Valletta', '', NULL, NULL),
(2361, 135, 'Western', '', NULL, NULL),
(2362, 136, 'Castletown', '', NULL, NULL),
(2363, 136, 'Douglas', '', NULL, NULL),
(2364, 136, 'Laxey', '', NULL, NULL),
(2365, 136, 'Onchan', '', NULL, NULL),
(2366, 136, 'Peel', '', NULL, NULL),
(2367, 136, 'Port Erin', '', NULL, NULL),
(2368, 136, 'Port Saint Mary', '', NULL, NULL),
(2369, 136, 'Ramsey', '', NULL, NULL),
(2370, 137, 'Ailinlaplap', '', NULL, NULL),
(2371, 137, 'Ailuk', '', NULL, NULL),
(2372, 137, 'Arno', '', NULL, NULL),
(2373, 137, 'Aur', '', NULL, NULL),
(2374, 137, 'Bikini', '', NULL, NULL),
(2375, 137, 'Ebon', '', NULL, NULL),
(2376, 137, 'Enewetak', '', NULL, NULL),
(2377, 137, 'Jabat', '', NULL, NULL),
(2378, 137, 'Jaluit', '', NULL, NULL),
(2379, 137, 'Kili', '', NULL, NULL),
(2380, 137, 'Kwajalein', '', NULL, NULL),
(2381, 137, 'Lae', '', NULL, NULL),
(2382, 137, 'Lib', '', NULL, NULL),
(2383, 137, 'Likiep', '', NULL, NULL),
(2384, 137, 'Majuro', '', NULL, NULL),
(2385, 137, 'Maloelap', '', NULL, NULL),
(2386, 137, 'Mejit', '', NULL, NULL),
(2387, 137, 'Mili', '', NULL, NULL),
(2388, 137, 'Namorik', '', NULL, NULL),
(2389, 137, 'Namu', '', NULL, NULL),
(2390, 137, 'Rongelap', '', NULL, NULL),
(2391, 137, 'Ujae', '', NULL, NULL),
(2392, 137, 'Utrik', '', NULL, NULL),
(2393, 137, 'Wotho', '', NULL, NULL),
(2394, 137, 'Wotje', '', NULL, NULL),
(2395, 138, 'Fort-de-France', '', NULL, NULL),
(2396, 138, 'La Trinite', '', NULL, NULL),
(2397, 138, 'Le Marin', '', NULL, NULL),
(2398, 138, 'Saint-Pierre', '', NULL, NULL),
(2399, 139, 'Adrar', '', NULL, NULL),
(2400, 139, 'Assaba', '', NULL, NULL),
(2401, 139, 'Brakna', '', NULL, NULL),
(2402, 139, 'Dhakhlat Nawadibu', '', NULL, NULL),
(2403, 139, 'Hudh-al-Gharbi', '', NULL, NULL),
(2404, 139, 'Hudh-ash-Sharqi', '', NULL, NULL),
(2405, 139, 'Inshiri', '', NULL, NULL),
(2406, 139, 'Nawakshut', '', NULL, NULL),
(2407, 139, 'Qidimagha', '', NULL, NULL),
(2408, 139, 'Qurqul', '', NULL, NULL),
(2409, 139, 'Taqant', '', NULL, NULL),
(2410, 139, 'Tiris Zammur', '', NULL, NULL),
(2411, 139, 'Trarza', '', NULL, NULL),
(2412, 140, 'Black River', '', NULL, NULL),
(2413, 140, 'Eau Coulee', '', NULL, NULL),
(2414, 140, 'Flacq', '', NULL, NULL),
(2415, 140, 'Floreal', '', NULL, NULL),
(2416, 140, 'Grand Port', '', NULL, NULL),
(2417, 140, 'Moka', '', NULL, NULL),
(2418, 140, 'Pamplempousses', '', NULL, NULL),
(2419, 140, 'Plaines Wilhelm', '', NULL, NULL),
(2420, 140, 'Port Louis', '', NULL, NULL),
(2421, 140, 'Riviere du Rempart', '', NULL, NULL),
(2422, 140, 'Rodrigues', '', NULL, NULL),
(2423, 140, 'Rose Hill', '', NULL, NULL),
(2424, 140, 'Savanne', '', NULL, NULL),
(2425, 141, 'Mayotte', '', NULL, NULL),
(2426, 141, 'Pamanzi', '', NULL, NULL),
(2427, 142, 'Aguascalientes', '', NULL, NULL),
(2428, 142, 'Baja California', '', NULL, NULL),
(2429, 142, 'Baja California Sur', '', NULL, NULL),
(2430, 142, 'Campeche', '', NULL, NULL),
(2431, 142, 'Chiapas', '', NULL, NULL),
(2432, 142, 'Chihuahua', '', NULL, NULL),
(2433, 142, 'Coahuila', '', NULL, NULL),
(2434, 142, 'Colima', '', NULL, NULL),
(2435, 142, 'Distrito Federal', '', NULL, NULL),
(2436, 142, 'Durango', '', NULL, NULL),
(2437, 142, 'Estado de Mexico', '', NULL, NULL),
(2438, 142, 'Guanajuato', '', NULL, NULL),
(2439, 142, 'Guerrero', '', NULL, NULL),
(2440, 142, 'Hidalgo', '', NULL, NULL),
(2441, 142, 'Jalisco', '', NULL, NULL),
(2442, 142, 'Mexico', '', NULL, NULL),
(2443, 142, 'Michoacan', '', NULL, NULL),
(2444, 142, 'Morelos', '', NULL, NULL),
(2445, 142, 'Nayarit', '', NULL, NULL),
(2446, 142, 'Nuevo Leon', '', NULL, NULL),
(2447, 142, 'Oaxaca', '', NULL, NULL),
(2448, 142, 'Puebla', '', NULL, NULL),
(2449, 142, 'Queretaro', '', NULL, NULL),
(2450, 142, 'Quintana Roo', '', NULL, NULL),
(2451, 142, 'San Luis Potosi', '', NULL, NULL),
(2452, 142, 'Sinaloa', '', NULL, NULL),
(2453, 142, 'Sonora', '', NULL, NULL),
(2454, 142, 'Tabasco', '', NULL, NULL),
(2455, 142, 'Tamaulipas', '', NULL, NULL),
(2456, 142, 'Tlaxcala', '', NULL, NULL),
(2457, 142, 'Veracruz', '', NULL, NULL),
(2458, 142, 'Yucatan', '', NULL, NULL),
(2459, 142, 'Zacatecas', '', NULL, NULL),
(2460, 143, 'Chuuk', '', NULL, NULL),
(2461, 143, 'Kusaie', '', NULL, NULL),
(2462, 143, 'Pohnpei', '', NULL, NULL),
(2463, 143, 'Yap', '', NULL, NULL),
(2464, 144, 'Balti', '', NULL, NULL),
(2465, 144, 'Cahul', '', NULL, NULL),
(2466, 144, 'Chisinau', '', NULL, NULL),
(2467, 144, 'Chisinau Oras', '', NULL, NULL),
(2468, 144, 'Edinet', '', NULL, NULL),
(2469, 144, 'Gagauzia', '', NULL, NULL),
(2470, 144, 'Lapusna', '', NULL, NULL),
(2471, 144, 'Orhei', '', NULL, NULL),
(2472, 144, 'Soroca', '', NULL, NULL),
(2473, 144, 'Taraclia', '', NULL, NULL),
(2474, 144, 'Tighina', '', NULL, NULL),
(2475, 144, 'Transnistria', '', NULL, NULL),
(2476, 144, 'Ungheni', '', NULL, NULL),
(2477, 145, 'Fontvieille', '', NULL, NULL),
(2478, 145, 'La Condamine', '', NULL, NULL),
(2479, 145, 'Monaco-Ville', '', NULL, NULL),
(2480, 145, 'Monte Carlo', '', NULL, NULL),
(2481, 146, 'Arhangaj', '', NULL, NULL),
(2482, 146, 'Bajan-Olgij', '', NULL, NULL),
(2483, 146, 'Bajanhongor', '', NULL, NULL),
(2484, 146, 'Bulgan', '', NULL, NULL),
(2485, 146, 'Darhan-Uul', '', NULL, NULL),
(2486, 146, 'Dornod', '', NULL, NULL),
(2487, 146, 'Dornogovi', '', NULL, NULL),
(2488, 146, 'Dundgovi', '', NULL, NULL),
(2489, 146, 'Govi-Altaj', '', NULL, NULL),
(2490, 146, 'Govisumber', '', NULL, NULL),
(2491, 146, 'Hentij', '', NULL, NULL),
(2492, 146, 'Hovd', '', NULL, NULL),
(2493, 146, 'Hovsgol', '', NULL, NULL),
(2494, 146, 'Omnogovi', '', NULL, NULL),
(2495, 146, 'Orhon', '', NULL, NULL),
(2496, 146, 'Ovorhangaj', '', NULL, NULL),
(2497, 146, 'Selenge', '', NULL, NULL),
(2498, 146, 'Suhbaatar', '', NULL, NULL),
(2499, 146, 'Tov', '', NULL, NULL),
(2500, 146, 'Ulaanbaatar', '', NULL, NULL),
(2501, 146, 'Uvs', '', NULL, NULL),
(2502, 146, 'Zavhan', '', NULL, NULL),
(2503, 147, 'Montserrat', '', NULL, NULL),
(2504, 148, 'Agadir', '', NULL, NULL),
(2505, 148, 'Casablanca', '', NULL, NULL),
(2506, 148, 'Chaouia-Ouardigha', '', NULL, NULL),
(2507, 148, 'Doukkala-Abda', '', NULL, NULL),
(2508, 148, 'Fes-Boulemane', '', NULL, NULL),
(2509, 148, 'Gharb-Chrarda-Beni Hssen', '', NULL, NULL),
(2510, 148, 'Guelmim', '', NULL, NULL),
(2511, 148, 'Kenitra', '', NULL, NULL),
(2512, 148, 'Marrakech-Tensift-Al Haouz', '', NULL, NULL),
(2513, 148, 'Meknes-Tafilalet', '', NULL, NULL),
(2514, 148, 'Oriental', '', NULL, NULL),
(2515, 148, 'Oujda', '', NULL, NULL),
(2516, 148, 'Province de Tanger', '', NULL, NULL),
(2517, 148, 'Rabat-Sale-Zammour-Zaer', '', NULL, NULL),
(2518, 148, 'Sala Al Jadida', '', NULL, NULL),
(2519, 148, 'Settat', '', NULL, NULL),
(2520, 148, 'Souss Massa-Draa', '', NULL, NULL),
(2521, 148, 'Tadla-Azilal', '', NULL, NULL),
(2522, 148, 'Tangier-Tetouan', '', NULL, NULL),
(2523, 148, 'Taza-Al Hoceima-Taounate', '', NULL, NULL),
(2524, 148, 'Wilaya de Casablanca', '', NULL, NULL),
(2525, 148, 'Wilaya de Rabat-Sale', '', NULL, NULL),
(2526, 149, 'Cabo Delgado', '', NULL, NULL),
(2527, 149, 'Gaza', '', NULL, NULL),
(2528, 149, 'Inhambane', '', NULL, NULL),
(2529, 149, 'Manica', '', NULL, NULL),
(2530, 149, 'Maputo', '', NULL, NULL),
(2531, 149, 'Maputo Provincia', '', NULL, NULL),
(2532, 149, 'Nampula', '', NULL, NULL),
(2533, 149, 'Niassa', '', NULL, NULL),
(2534, 149, 'Sofala', '', NULL, NULL),
(2535, 149, 'Tete', '', NULL, NULL),
(2536, 149, 'Zambezia', '', NULL, NULL),
(2537, 150, 'Ayeyarwady', '', NULL, NULL),
(2538, 150, 'Bago', '', NULL, NULL),
(2539, 150, 'Chin', '', NULL, NULL),
(2540, 150, 'Kachin', '', NULL, NULL),
(2541, 150, 'Kayah', '', NULL, NULL),
(2542, 150, 'Kayin', '', NULL, NULL),
(2543, 150, 'Magway', '', NULL, NULL),
(2544, 150, 'Mandalay', '', NULL, NULL),
(2545, 150, 'Mon', '', NULL, NULL),
(2546, 150, 'Nay Pyi Taw', '', NULL, NULL),
(2547, 150, 'Rakhine', '', NULL, NULL),
(2548, 150, 'Sagaing', '', NULL, NULL),
(2549, 150, 'Shan', '', NULL, NULL),
(2550, 150, 'Tanintharyi', '', NULL, NULL),
(2551, 150, 'Yangon', '', NULL, NULL),
(2552, 151, 'Caprivi', '', NULL, NULL),
(2553, 151, 'Erongo', '', NULL, NULL),
(2554, 151, 'Hardap', '', NULL, NULL),
(2555, 151, 'Karas', '', NULL, NULL),
(2556, 151, 'Kavango', '', NULL, NULL),
(2557, 151, 'Khomas', '', NULL, NULL),
(2558, 151, 'Kunene', '', NULL, NULL),
(2559, 151, 'Ohangwena', '', NULL, NULL),
(2560, 151, 'Omaheke', '', NULL, NULL),
(2561, 151, 'Omusati', '', NULL, NULL);
INSERT INTO `provinces` (`id`, `country_id`, `name`, `abbreviation`, `created_at`, `updated_at`) VALUES
(2562, 151, 'Oshana', '', NULL, NULL),
(2563, 151, 'Oshikoto', '', NULL, NULL),
(2564, 151, 'Otjozondjupa', '', NULL, NULL),
(2565, 152, 'Yaren', '', NULL, NULL),
(2566, 153, 'Bagmati', '', NULL, NULL),
(2567, 153, 'Bheri', '', NULL, NULL),
(2568, 153, 'Dhawalagiri', '', NULL, NULL),
(2569, 153, 'Gandaki', '', NULL, NULL),
(2570, 153, 'Janakpur', '', NULL, NULL),
(2571, 153, 'Karnali', '', NULL, NULL),
(2572, 153, 'Koshi', '', NULL, NULL),
(2573, 153, 'Lumbini', '', NULL, NULL),
(2574, 153, 'Mahakali', '', NULL, NULL),
(2575, 153, 'Mechi', '', NULL, NULL),
(2576, 153, 'Narayani', '', NULL, NULL),
(2577, 153, 'Rapti', '', NULL, NULL),
(2578, 153, 'Sagarmatha', '', NULL, NULL),
(2579, 153, 'Seti', '', NULL, NULL),
(2580, 154, 'Bonaire', '', NULL, NULL),
(2581, 154, 'Curacao', '', NULL, NULL),
(2582, 154, 'Saba', '', NULL, NULL),
(2583, 154, 'Sint Eustatius', '', NULL, NULL),
(2584, 154, 'Sint Maarten', '', NULL, NULL),
(2585, 155, 'Amsterdam', '', NULL, NULL),
(2586, 155, 'Benelux', '', NULL, NULL),
(2587, 155, 'Drenthe', '', NULL, NULL),
(2588, 155, 'Flevoland', '', NULL, NULL),
(2589, 155, 'Friesland', '', NULL, NULL),
(2590, 155, 'Gelderland', '', NULL, NULL),
(2591, 155, 'Groningen', '', NULL, NULL),
(2592, 155, 'Limburg', '', NULL, NULL),
(2593, 155, 'Noord-Brabant', '', NULL, NULL),
(2594, 155, 'Noord-Holland', '', NULL, NULL),
(2595, 155, 'Overijssel', '', NULL, NULL),
(2596, 155, 'South Holland', '', NULL, NULL),
(2597, 155, 'Utrecht', '', NULL, NULL),
(2598, 155, 'Zeeland', '', NULL, NULL),
(2599, 155, 'Zuid-Holland', '', NULL, NULL),
(2600, 156, 'Iles', '', NULL, NULL),
(2601, 156, 'Nord', '', NULL, NULL),
(2602, 156, 'Sud', '', NULL, NULL),
(2603, 157, 'Area Outside Region', '', NULL, NULL),
(2604, 157, 'Auckland', '', NULL, NULL),
(2605, 157, 'Bay of Plenty', '', NULL, NULL),
(2606, 157, 'Canterbury', '', NULL, NULL),
(2607, 157, 'Christchurch', '', NULL, NULL),
(2608, 157, 'Gisborne', '', NULL, NULL),
(2609, 157, 'Hawke\'s Bay', '', NULL, NULL),
(2610, 157, 'Manawatu-Wanganui', '', NULL, NULL),
(2611, 157, 'Marlborough', '', NULL, NULL),
(2612, 157, 'Nelson', '', NULL, NULL),
(2613, 157, 'Northland', '', NULL, NULL),
(2614, 157, 'Otago', '', NULL, NULL),
(2615, 157, 'Rodney', '', NULL, NULL),
(2616, 157, 'Southland', '', NULL, NULL),
(2617, 157, 'Taranaki', '', NULL, NULL),
(2618, 157, 'Tasman', '', NULL, NULL),
(2619, 157, 'Waikato', '', NULL, NULL),
(2620, 157, 'Wellington', '', NULL, NULL),
(2621, 157, 'West Coast', '', NULL, NULL),
(2622, 158, 'Atlantico Norte', '', NULL, NULL),
(2623, 158, 'Atlantico Sur', '', NULL, NULL),
(2624, 158, 'Boaco', '', NULL, NULL),
(2625, 158, 'Carazo', '', NULL, NULL),
(2626, 158, 'Chinandega', '', NULL, NULL),
(2627, 158, 'Chontales', '', NULL, NULL),
(2628, 158, 'Esteli', '', NULL, NULL),
(2629, 158, 'Granada', '', NULL, NULL),
(2630, 158, 'Jinotega', '', NULL, NULL),
(2631, 158, 'Leon', '', NULL, NULL),
(2632, 158, 'Madriz', '', NULL, NULL),
(2633, 158, 'Managua', '', NULL, NULL),
(2634, 158, 'Masaya', '', NULL, NULL),
(2635, 158, 'Matagalpa', '', NULL, NULL),
(2636, 158, 'Nueva Segovia', '', NULL, NULL),
(2637, 158, 'Rio San Juan', '', NULL, NULL),
(2638, 158, 'Rivas', '', NULL, NULL),
(2639, 159, 'Agadez', '', NULL, NULL),
(2640, 159, 'Diffa', '', NULL, NULL),
(2641, 159, 'Dosso', '', NULL, NULL),
(2642, 159, 'Maradi', '', NULL, NULL),
(2643, 159, 'Niamey', '', NULL, NULL),
(2644, 159, 'Tahoua', '', NULL, NULL),
(2645, 159, 'Tillabery', '', NULL, NULL),
(2646, 159, 'Zinder', '', NULL, NULL),
(2647, 160, 'Abia', '', NULL, NULL),
(2648, 160, 'Abuja Federal Capital Territor', '', NULL, NULL),
(2649, 160, 'Adamawa', '', NULL, NULL),
(2650, 160, 'Akwa Ibom', '', NULL, NULL),
(2651, 160, 'Anambra', '', NULL, NULL),
(2652, 160, 'Bauchi', '', NULL, NULL),
(2653, 160, 'Bayelsa', '', NULL, NULL),
(2654, 160, 'Benue', '', NULL, NULL),
(2655, 160, 'Borno', '', NULL, NULL),
(2656, 160, 'Cross River', '', NULL, NULL),
(2657, 160, 'Delta', '', NULL, NULL),
(2658, 160, 'Ebonyi', '', NULL, NULL),
(2659, 160, 'Edo', '', NULL, NULL),
(2660, 160, 'Ekiti', '', NULL, NULL),
(2661, 160, 'Enugu', '', NULL, NULL),
(2662, 160, 'Gombe', '', NULL, NULL),
(2663, 160, 'Imo', '', NULL, NULL),
(2664, 160, 'Jigawa', '', NULL, NULL),
(2665, 160, 'Kaduna', '', NULL, NULL),
(2666, 160, 'Kano', '', NULL, NULL),
(2667, 160, 'Katsina', '', NULL, NULL),
(2668, 160, 'Kebbi', '', NULL, NULL),
(2669, 160, 'Kogi', '', NULL, NULL),
(2670, 160, 'Kwara', '', NULL, NULL),
(2671, 160, 'Lagos', '', NULL, NULL),
(2672, 160, 'Nassarawa', '', NULL, NULL),
(2673, 160, 'Niger', '', NULL, NULL),
(2674, 160, 'Ogun', '', NULL, NULL),
(2675, 160, 'Ondo', '', NULL, NULL),
(2676, 160, 'Osun', '', NULL, NULL),
(2677, 160, 'Oyo', '', NULL, NULL),
(2678, 160, 'Plateau', '', NULL, NULL),
(2679, 160, 'Rivers', '', NULL, NULL),
(2680, 160, 'Sokoto', '', NULL, NULL),
(2681, 160, 'Taraba', '', NULL, NULL),
(2682, 160, 'Yobe', '', NULL, NULL),
(2683, 160, 'Zamfara', '', NULL, NULL),
(2684, 161, 'Niue', '', NULL, NULL),
(2685, 162, 'Norfolk Island', '', NULL, NULL),
(2686, 163, 'Northern Islands', '', NULL, NULL),
(2687, 163, 'Rota', '', NULL, NULL),
(2688, 163, 'Saipan', '', NULL, NULL),
(2689, 163, 'Tinian', '', NULL, NULL),
(2690, 164, 'Akershus', '', NULL, NULL),
(2691, 164, 'Aust Agder', '', NULL, NULL),
(2692, 164, 'Bergen', '', NULL, NULL),
(2693, 164, 'Buskerud', '', NULL, NULL),
(2694, 164, 'Finnmark', '', NULL, NULL),
(2695, 164, 'Hedmark', '', NULL, NULL),
(2696, 164, 'Hordaland', '', NULL, NULL),
(2697, 164, 'Moere og Romsdal', '', NULL, NULL),
(2698, 164, 'Nord Trondelag', '', NULL, NULL),
(2699, 164, 'Nordland', '', NULL, NULL),
(2700, 164, 'Oestfold', '', NULL, NULL),
(2701, 164, 'Oppland', '', NULL, NULL),
(2702, 164, 'Oslo', '', NULL, NULL),
(2703, 164, 'Rogaland', '', NULL, NULL),
(2704, 164, 'Soer Troendelag', '', NULL, NULL),
(2705, 164, 'Sogn og Fjordane', '', NULL, NULL),
(2706, 164, 'Stavern', '', NULL, NULL),
(2707, 164, 'Sykkylven', '', NULL, NULL),
(2708, 164, 'Telemark', '', NULL, NULL),
(2709, 164, 'Troms', '', NULL, NULL),
(2710, 164, 'Vest Agder', '', NULL, NULL),
(2711, 164, 'Vestfold', '', NULL, NULL),
(2712, 164, 'ÃƒÂ˜stfold', '', NULL, NULL),
(2713, 165, 'Al Buraimi', '', NULL, NULL),
(2714, 165, 'Dhufar', '', NULL, NULL),
(2715, 165, 'Masqat', '', NULL, NULL),
(2716, 165, 'Musandam', '', NULL, NULL),
(2717, 165, 'Rusayl', '', NULL, NULL),
(2718, 165, 'Wadi Kabir', '', NULL, NULL),
(2719, 165, 'ad-Dakhiliyah', '', NULL, NULL),
(2720, 165, 'adh-Dhahirah', '', NULL, NULL),
(2721, 165, 'al-Batinah', '', NULL, NULL),
(2722, 165, 'ash-Sharqiyah', '', NULL, NULL),
(2723, 166, 'Baluchistan', '', NULL, NULL),
(2724, 166, 'Federal Capital Area', '', NULL, NULL),
(2725, 166, 'Federally administered Tribal ', '', NULL, NULL),
(2726, 166, 'North-West Frontier', '', NULL, NULL),
(2727, 166, 'Northern Areas', '', NULL, NULL),
(2728, 166, 'Punjab', '', NULL, NULL),
(2729, 166, 'Sind', '', NULL, NULL),
(2730, 167, 'Aimeliik', '', NULL, NULL),
(2731, 167, 'Airai', '', NULL, NULL),
(2732, 167, 'Angaur', '', NULL, NULL),
(2733, 167, 'Hatobohei', '', NULL, NULL),
(2734, 167, 'Kayangel', '', NULL, NULL),
(2735, 167, 'Koror', '', NULL, NULL),
(2736, 167, 'Melekeok', '', NULL, NULL),
(2737, 167, 'Ngaraard', '', NULL, NULL),
(2738, 167, 'Ngardmau', '', NULL, NULL),
(2739, 167, 'Ngaremlengui', '', NULL, NULL),
(2740, 167, 'Ngatpang', '', NULL, NULL),
(2741, 167, 'Ngchesar', '', NULL, NULL),
(2742, 167, 'Ngerchelong', '', NULL, NULL),
(2743, 167, 'Ngiwal', '', NULL, NULL),
(2744, 167, 'Peleliu', '', NULL, NULL),
(2745, 167, 'Sonsorol', '', NULL, NULL),
(2746, 168, 'Ariha', '', NULL, NULL),
(2747, 168, 'Bayt Lahm', '', NULL, NULL),
(2748, 168, 'Bethlehem', '', NULL, NULL),
(2749, 168, 'Dayr-al-Balah', '', NULL, NULL),
(2750, 168, 'Ghazzah', '', NULL, NULL),
(2751, 168, 'Ghazzah ash-Shamaliyah', '', NULL, NULL),
(2752, 168, 'Janin', '', NULL, NULL),
(2753, 168, 'Khan Yunis', '', NULL, NULL),
(2754, 168, 'Nabulus', '', NULL, NULL),
(2755, 168, 'Qalqilyah', '', NULL, NULL),
(2756, 168, 'Rafah', '', NULL, NULL),
(2757, 168, 'Ram Allah wal-Birah', '', NULL, NULL),
(2758, 168, 'Salfit', '', NULL, NULL),
(2759, 168, 'Tubas', '', NULL, NULL),
(2760, 168, 'Tulkarm', '', NULL, NULL),
(2761, 168, 'al-Khalil', '', NULL, NULL),
(2762, 168, 'al-Quds', '', NULL, NULL),
(2763, 169, 'Bocas del Toro', '', NULL, NULL),
(2764, 169, 'Chiriqui', '', NULL, NULL),
(2765, 169, 'Cocle', '', NULL, NULL),
(2766, 169, 'Colon', '', NULL, NULL),
(2767, 169, 'Darien', '', NULL, NULL),
(2768, 169, 'Embera', '', NULL, NULL),
(2769, 169, 'Herrera', '', NULL, NULL),
(2770, 169, 'Kuna Yala', '', NULL, NULL),
(2771, 169, 'Los Santos', '', NULL, NULL),
(2772, 169, 'Ngobe Bugle', '', NULL, NULL),
(2773, 169, 'Panama', '', NULL, NULL),
(2774, 169, 'Veraguas', '', NULL, NULL),
(2775, 170, 'East New Britain', '', NULL, NULL),
(2776, 170, 'East Sepik', '', NULL, NULL),
(2777, 170, 'Eastern Highlands', '', NULL, NULL),
(2778, 170, 'Enga', '', NULL, NULL),
(2779, 170, 'Fly River', '', NULL, NULL),
(2780, 170, 'Gulf', '', NULL, NULL),
(2781, 170, 'Madang', '', NULL, NULL),
(2782, 170, 'Manus', '', NULL, NULL),
(2783, 170, 'Milne Bay', '', NULL, NULL),
(2784, 170, 'Morobe', '', NULL, NULL),
(2785, 170, 'National Capital District', '', NULL, NULL),
(2786, 170, 'New Ireland', '', NULL, NULL),
(2787, 170, 'North Solomons', '', NULL, NULL),
(2788, 170, 'Oro', '', NULL, NULL),
(2789, 170, 'Sandaun', '', NULL, NULL),
(2790, 170, 'Simbu', '', NULL, NULL),
(2791, 170, 'Southern Highlands', '', NULL, NULL),
(2792, 170, 'West New Britain', '', NULL, NULL),
(2793, 170, 'Western Highlands', '', NULL, NULL),
(2794, 171, 'Alto Paraguay', '', NULL, NULL),
(2795, 171, 'Alto Parana', '', NULL, NULL),
(2796, 171, 'Amambay', '', NULL, NULL),
(2797, 171, 'Asuncion', '', NULL, NULL),
(2798, 171, 'Boqueron', '', NULL, NULL),
(2799, 171, 'Caaguazu', '', NULL, NULL),
(2800, 171, 'Caazapa', '', NULL, NULL),
(2801, 171, 'Canendiyu', '', NULL, NULL),
(2802, 171, 'Central', '', NULL, NULL),
(2803, 171, 'Concepcion', '', NULL, NULL),
(2804, 171, 'Cordillera', '', NULL, NULL),
(2805, 171, 'Guaira', '', NULL, NULL),
(2806, 171, 'Itapua', '', NULL, NULL),
(2807, 171, 'Misiones', '', NULL, NULL),
(2808, 171, 'Neembucu', '', NULL, NULL),
(2809, 171, 'Paraguari', '', NULL, NULL),
(2810, 171, 'Presidente Hayes', '', NULL, NULL),
(2811, 171, 'San Pedro', '', NULL, NULL),
(2812, 172, 'Amazonas', '', NULL, NULL),
(2813, 172, 'Ancash', '', NULL, NULL),
(2814, 172, 'Apurimac', '', NULL, NULL),
(2815, 172, 'Arequipa', '', NULL, NULL),
(2816, 172, 'Ayacucho', '', NULL, NULL),
(2817, 172, 'Cajamarca', '', NULL, NULL),
(2818, 172, 'Cusco', '', NULL, NULL),
(2819, 172, 'Huancavelica', '', NULL, NULL),
(2820, 172, 'Huanuco', '', NULL, NULL),
(2821, 172, 'Ica', '', NULL, NULL),
(2822, 172, 'Junin', '', NULL, NULL),
(2823, 172, 'La Libertad', '', NULL, NULL),
(2824, 172, 'Lambayeque', '', NULL, NULL),
(2825, 172, 'Lima y Callao', '', NULL, NULL),
(2826, 172, 'Loreto', '', NULL, NULL),
(2827, 172, 'Madre de Dios', '', NULL, NULL),
(2828, 172, 'Moquegua', '', NULL, NULL),
(2829, 172, 'Pasco', '', NULL, NULL),
(2830, 172, 'Piura', '', NULL, NULL),
(2831, 172, 'Puno', '', NULL, NULL),
(2832, 172, 'San Martin', '', NULL, NULL),
(2833, 172, 'Tacna', '', NULL, NULL),
(2834, 172, 'Tumbes', '', NULL, NULL),
(2835, 172, 'Ucayali', '', NULL, NULL),
(2836, 173, 'Batangas', '', NULL, NULL),
(2837, 173, 'Bicol', '', NULL, NULL),
(2838, 173, 'Bulacan', '', NULL, NULL),
(2839, 173, 'Cagayan', '', NULL, NULL),
(2840, 173, 'Caraga', '', NULL, NULL),
(2841, 173, 'Central Luzon', '', NULL, NULL),
(2842, 173, 'Central Mindanao', '', NULL, NULL),
(2843, 173, 'Central Visayas', '', NULL, NULL),
(2844, 173, 'Cordillera', '', NULL, NULL),
(2845, 173, 'Davao', '', NULL, NULL),
(2846, 173, 'Eastern Visayas', '', NULL, NULL),
(2847, 173, 'Greater Metropolitan Area', '', NULL, NULL),
(2848, 173, 'Ilocos', '', NULL, NULL),
(2849, 173, 'Laguna', '', NULL, NULL),
(2850, 173, 'Luzon', '', NULL, NULL),
(2851, 173, 'Mactan', '', NULL, NULL),
(2852, 173, 'Metropolitan Manila Area', '', NULL, NULL),
(2853, 173, 'Muslim Mindanao', '', NULL, NULL),
(2854, 173, 'Northern Mindanao', '', NULL, NULL),
(2855, 173, 'Southern Mindanao', '', NULL, NULL),
(2856, 173, 'Southern Tagalog', '', NULL, NULL),
(2857, 173, 'Western Mindanao', '', NULL, NULL),
(2858, 173, 'Western Visayas', '', NULL, NULL),
(2859, 174, 'Pitcairn Island', '', NULL, NULL),
(2860, 175, 'Biale Blota', '', NULL, NULL),
(2861, 175, 'Dobroszyce', '', NULL, NULL),
(2862, 175, 'Dolnoslaskie', '', NULL, NULL),
(2863, 175, 'Dziekanow Lesny', '', NULL, NULL),
(2864, 175, 'Hopowo', '', NULL, NULL),
(2865, 175, 'Kartuzy', '', NULL, NULL),
(2866, 175, 'Koscian', '', NULL, NULL),
(2867, 175, 'Krakow', '', NULL, NULL),
(2868, 175, 'Kujawsko-Pomorskie', '', NULL, NULL),
(2869, 175, 'Lodzkie', '', NULL, NULL),
(2870, 175, 'Lubelskie', '', NULL, NULL),
(2871, 175, 'Lubuskie', '', NULL, NULL),
(2872, 175, 'Malomice', '', NULL, NULL),
(2873, 175, 'Malopolskie', '', NULL, NULL),
(2874, 175, 'Mazowieckie', '', NULL, NULL),
(2875, 175, 'Mirkow', '', NULL, NULL),
(2876, 175, 'Opolskie', '', NULL, NULL),
(2877, 175, 'Ostrowiec', '', NULL, NULL),
(2878, 175, 'Podkarpackie', '', NULL, NULL),
(2879, 175, 'Podlaskie', '', NULL, NULL),
(2880, 175, 'Polska', '', NULL, NULL),
(2881, 175, 'Pomorskie', '', NULL, NULL),
(2882, 175, 'Poznan', '', NULL, NULL),
(2883, 175, 'Pruszkow', '', NULL, NULL),
(2884, 175, 'Rymanowska', '', NULL, NULL),
(2885, 175, 'Rzeszow', '', NULL, NULL),
(2886, 175, 'Slaskie', '', NULL, NULL),
(2887, 175, 'Stare Pole', '', NULL, NULL),
(2888, 175, 'Swietokrzyskie', '', NULL, NULL),
(2889, 175, 'Warminsko-Mazurskie', '', NULL, NULL),
(2890, 175, 'Warsaw', '', NULL, NULL),
(2891, 175, 'Wejherowo', '', NULL, NULL),
(2892, 175, 'Wielkopolskie', '', NULL, NULL),
(2893, 175, 'Wroclaw', '', NULL, NULL),
(2894, 175, 'Zachodnio-Pomorskie', '', NULL, NULL),
(2895, 175, 'Zukowo', '', NULL, NULL),
(2896, 176, 'Abrantes', '', NULL, NULL),
(2897, 176, 'Acores', '', NULL, NULL),
(2898, 176, 'Alentejo', '', NULL, NULL),
(2899, 176, 'Algarve', '', NULL, NULL),
(2900, 176, 'Braga', '', NULL, NULL),
(2901, 176, 'Centro', '', NULL, NULL),
(2902, 176, 'Distrito de Leiria', '', NULL, NULL),
(2903, 176, 'Distrito de Viana do Castelo', '', NULL, NULL),
(2904, 176, 'Distrito de Vila Real', '', NULL, NULL),
(2905, 176, 'Distrito do Porto', '', NULL, NULL),
(2906, 176, 'Lisboa e Vale do Tejo', '', NULL, NULL),
(2907, 176, 'Madeira', '', NULL, NULL),
(2908, 176, 'Norte', '', NULL, NULL),
(2909, 176, 'Paivas', '', NULL, NULL),
(2910, 177, 'Arecibo', '', NULL, NULL),
(2911, 177, 'Bayamon', '', NULL, NULL),
(2912, 177, 'Carolina', '', NULL, NULL),
(2913, 177, 'Florida', '', NULL, NULL),
(2914, 177, 'Guayama', '', NULL, NULL),
(2915, 177, 'Humacao', '', NULL, NULL),
(2916, 177, 'Mayaguez-Aguadilla', '', NULL, NULL),
(2917, 177, 'Ponce', '', NULL, NULL),
(2918, 177, 'Salinas', '', NULL, NULL),
(2919, 177, 'San Juan', '', NULL, NULL),
(2920, 178, 'Doha', '', NULL, NULL),
(2921, 178, 'Jarian-al-Batnah', '', NULL, NULL),
(2922, 178, 'Umm Salal', '', NULL, NULL),
(2923, 178, 'ad-Dawhah', '', NULL, NULL),
(2924, 178, 'al-Ghuwayriyah', '', NULL, NULL),
(2925, 178, 'al-Jumayliyah', '', NULL, NULL),
(2926, 178, 'al-Khawr', '', NULL, NULL),
(2927, 178, 'al-Wakrah', '', NULL, NULL),
(2928, 178, 'ar-Rayyan', '', NULL, NULL),
(2929, 178, 'ash-Shamal', '', NULL, NULL),
(2930, 179, 'Saint-Benoit', '', NULL, NULL),
(2931, 179, 'Saint-Denis', '', NULL, NULL),
(2932, 179, 'Saint-Paul', '', NULL, NULL),
(2933, 179, 'Saint-Pierre', '', NULL, NULL),
(2934, 180, 'Alba', '', NULL, NULL),
(2935, 180, 'Arad', '', NULL, NULL),
(2936, 180, 'Arges', '', NULL, NULL),
(2937, 180, 'Bacau', '', NULL, NULL),
(2938, 180, 'Bihor', '', NULL, NULL),
(2939, 180, 'Bistrita-Nasaud', '', NULL, NULL),
(2940, 180, 'Botosani', '', NULL, NULL),
(2941, 180, 'Braila', '', NULL, NULL),
(2942, 180, 'Brasov', '', NULL, NULL),
(2943, 180, 'Bucuresti', '', NULL, NULL),
(2944, 180, 'Buzau', '', NULL, NULL),
(2945, 180, 'Calarasi', '', NULL, NULL),
(2946, 180, 'Caras-Severin', '', NULL, NULL),
(2947, 180, 'Cluj', '', NULL, NULL),
(2948, 180, 'Constanta', '', NULL, NULL),
(2949, 180, 'Covasna', '', NULL, NULL),
(2950, 180, 'Dambovita', '', NULL, NULL),
(2951, 180, 'Dolj', '', NULL, NULL),
(2952, 180, 'Galati', '', NULL, NULL),
(2953, 180, 'Giurgiu', '', NULL, NULL),
(2954, 180, 'Gorj', '', NULL, NULL),
(2955, 180, 'Harghita', '', NULL, NULL),
(2956, 180, 'Hunedoara', '', NULL, NULL),
(2957, 180, 'Ialomita', '', NULL, NULL),
(2958, 180, 'Iasi', '', NULL, NULL),
(2959, 180, 'Ilfov', '', NULL, NULL),
(2960, 180, 'Maramures', '', NULL, NULL),
(2961, 180, 'Mehedinti', '', NULL, NULL),
(2962, 180, 'Mures', '', NULL, NULL),
(2963, 180, 'Neamt', '', NULL, NULL),
(2964, 180, 'Olt', '', NULL, NULL),
(2965, 180, 'Prahova', '', NULL, NULL),
(2966, 180, 'Salaj', '', NULL, NULL),
(2967, 180, 'Satu Mare', '', NULL, NULL),
(2968, 180, 'Sibiu', '', NULL, NULL),
(2969, 180, 'Sondelor', '', NULL, NULL),
(2970, 180, 'Suceava', '', NULL, NULL),
(2971, 180, 'Teleorman', '', NULL, NULL),
(2972, 180, 'Timis', '', NULL, NULL),
(2973, 180, 'Tulcea', '', NULL, NULL),
(2974, 180, 'Valcea', '', NULL, NULL),
(2975, 180, 'Vaslui', '', NULL, NULL),
(2976, 180, 'Vrancea', '', NULL, NULL),
(2977, 181, 'Adygeja', '', NULL, NULL),
(2978, 181, 'Aga', '', NULL, NULL),
(2979, 181, 'Alanija', '', NULL, NULL),
(2980, 181, 'Altaj', '', NULL, NULL),
(2981, 181, 'Amur', '', NULL, NULL),
(2982, 181, 'Arhangelsk', '', NULL, NULL),
(2983, 181, 'Astrahan', '', NULL, NULL),
(2984, 181, 'Bashkortostan', '', NULL, NULL),
(2985, 181, 'Belgorod', '', NULL, NULL),
(2986, 181, 'Brjansk', '', NULL, NULL),
(2987, 181, 'Burjatija', '', NULL, NULL),
(2988, 181, 'Chechenija', '', NULL, NULL),
(2989, 181, 'Cheljabinsk', '', NULL, NULL),
(2990, 181, 'Chita', '', NULL, NULL),
(2991, 181, 'Chukotka', '', NULL, NULL),
(2992, 181, 'Chuvashija', '', NULL, NULL),
(2993, 181, 'Dagestan', '', NULL, NULL),
(2994, 181, 'Evenkija', '', NULL, NULL),
(2995, 181, 'Gorno-Altaj', '', NULL, NULL),
(2996, 181, 'Habarovsk', '', NULL, NULL),
(2997, 181, 'Hakasija', '', NULL, NULL),
(2998, 181, 'Hanty-Mansija', '', NULL, NULL),
(2999, 181, 'Ingusetija', '', NULL, NULL),
(3000, 181, 'Irkutsk', '', NULL, NULL),
(3001, 181, 'Ivanovo', '', NULL, NULL),
(3002, 181, 'Jamalo-Nenets', '', NULL, NULL),
(3003, 181, 'Jaroslavl', '', NULL, NULL),
(3004, 181, 'Jevrej', '', NULL, NULL),
(3005, 181, 'Kabardino-Balkarija', '', NULL, NULL),
(3006, 181, 'Kaliningrad', '', NULL, NULL),
(3007, 181, 'Kalmykija', '', NULL, NULL),
(3008, 181, 'Kaluga', '', NULL, NULL),
(3009, 181, 'Kamchatka', '', NULL, NULL),
(3010, 181, 'Karachaj-Cherkessija', '', NULL, NULL),
(3011, 181, 'Karelija', '', NULL, NULL),
(3012, 181, 'Kemerovo', '', NULL, NULL),
(3013, 181, 'Khabarovskiy Kray', '', NULL, NULL),
(3014, 181, 'Kirov', '', NULL, NULL),
(3015, 181, 'Komi', '', NULL, NULL),
(3016, 181, 'Komi-Permjakija', '', NULL, NULL),
(3017, 181, 'Korjakija', '', NULL, NULL),
(3018, 181, 'Kostroma', '', NULL, NULL),
(3019, 181, 'Krasnodar', '', NULL, NULL),
(3020, 181, 'Krasnojarsk', '', NULL, NULL),
(3021, 181, 'Krasnoyarskiy Kray', '', NULL, NULL),
(3022, 181, 'Kurgan', '', NULL, NULL),
(3023, 181, 'Kursk', '', NULL, NULL),
(3024, 181, 'Leningrad', '', NULL, NULL),
(3025, 181, 'Lipeck', '', NULL, NULL),
(3026, 181, 'Magadan', '', NULL, NULL),
(3027, 181, 'Marij El', '', NULL, NULL),
(3028, 181, 'Mordovija', '', NULL, NULL),
(3029, 181, 'Moscow', '', NULL, NULL),
(3030, 181, 'Moskovskaja Oblast', '', NULL, NULL),
(3031, 181, 'Moskovskaya Oblast', '', NULL, NULL),
(3032, 181, 'Moskva', '', NULL, NULL),
(3033, 181, 'Murmansk', '', NULL, NULL),
(3034, 181, 'Nenets', '', NULL, NULL),
(3035, 181, 'Nizhnij Novgorod', '', NULL, NULL),
(3036, 181, 'Novgorod', '', NULL, NULL),
(3037, 181, 'Novokusnezk', '', NULL, NULL),
(3038, 181, 'Novosibirsk', '', NULL, NULL),
(3039, 181, 'Omsk', '', NULL, NULL),
(3040, 181, 'Orenburg', '', NULL, NULL),
(3041, 181, 'Orjol', '', NULL, NULL),
(3042, 181, 'Penza', '', NULL, NULL),
(3043, 181, 'Perm', '', NULL, NULL),
(3044, 181, 'Primorje', '', NULL, NULL),
(3045, 181, 'Pskov', '', NULL, NULL),
(3046, 181, 'Pskovskaya Oblast', '', NULL, NULL),
(3047, 181, 'Rjazan', '', NULL, NULL),
(3048, 181, 'Rostov', '', NULL, NULL),
(3049, 181, 'Saha', '', NULL, NULL),
(3050, 181, 'Sahalin', '', NULL, NULL),
(3051, 181, 'Samara', '', NULL, NULL),
(3052, 181, 'Samarskaya', '', NULL, NULL),
(3053, 181, 'Sankt-Peterburg', '', NULL, NULL),
(3054, 181, 'Saratov', '', NULL, NULL),
(3055, 181, 'Smolensk', '', NULL, NULL),
(3056, 181, 'Stavropol', '', NULL, NULL),
(3057, 181, 'Sverdlovsk', '', NULL, NULL),
(3058, 181, 'Tajmyrija', '', NULL, NULL),
(3059, 181, 'Tambov', '', NULL, NULL),
(3060, 181, 'Tatarstan', '', NULL, NULL),
(3061, 181, 'Tjumen', '', NULL, NULL),
(3062, 181, 'Tomsk', '', NULL, NULL),
(3063, 181, 'Tula', '', NULL, NULL),
(3064, 181, 'Tver', '', NULL, NULL),
(3065, 181, 'Tyva', '', NULL, NULL),
(3066, 181, 'Udmurtija', '', NULL, NULL),
(3067, 181, 'Uljanovsk', '', NULL, NULL),
(3068, 181, 'Ulyanovskaya Oblast', '', NULL, NULL),
(3069, 181, 'Ust-Orda', '', NULL, NULL),
(3070, 181, 'Vladimir', '', NULL, NULL),
(3071, 181, 'Volgograd', '', NULL, NULL),
(3072, 181, 'Vologda', '', NULL, NULL),
(3073, 181, 'Voronezh', '', NULL, NULL),
(3074, 182, 'Butare', '', NULL, NULL),
(3075, 182, 'Byumba', '', NULL, NULL),
(3076, 182, 'Cyangugu', '', NULL, NULL),
(3077, 182, 'Gikongoro', '', NULL, NULL),
(3078, 182, 'Gisenyi', '', NULL, NULL),
(3079, 182, 'Gitarama', '', NULL, NULL),
(3080, 182, 'Kibungo', '', NULL, NULL),
(3081, 182, 'Kibuye', '', NULL, NULL),
(3082, 182, 'Kigali-ngali', '', NULL, NULL),
(3083, 182, 'Ruhengeri', '', NULL, NULL),
(3084, 183, 'Ascension', '', NULL, NULL),
(3085, 183, 'Gough Island', '', NULL, NULL),
(3086, 183, 'Saint Helena', '', NULL, NULL),
(3087, 183, 'Tristan da Cunha', '', NULL, NULL),
(3088, 184, 'Christ Church Nichola Town', '', NULL, NULL),
(3089, 184, 'Saint Anne Sandy Point', '', NULL, NULL),
(3090, 184, 'Saint George Basseterre', '', NULL, NULL),
(3091, 184, 'Saint George Gingerland', '', NULL, NULL),
(3092, 184, 'Saint James Windward', '', NULL, NULL),
(3093, 184, 'Saint John Capesterre', '', NULL, NULL),
(3094, 184, 'Saint John Figtree', '', NULL, NULL),
(3095, 184, 'Saint Mary Cayon', '', NULL, NULL),
(3096, 184, 'Saint Paul Capesterre', '', NULL, NULL),
(3097, 184, 'Saint Paul Charlestown', '', NULL, NULL),
(3098, 184, 'Saint Peter Basseterre', '', NULL, NULL),
(3099, 184, 'Saint Thomas Lowland', '', NULL, NULL),
(3100, 184, 'Saint Thomas Middle Island', '', NULL, NULL),
(3101, 184, 'Trinity Palmetto Point', '', NULL, NULL),
(3102, 185, 'Anse-la-Raye', '', NULL, NULL),
(3103, 185, 'Canaries', '', NULL, NULL),
(3104, 185, 'Castries', '', NULL, NULL),
(3105, 185, 'Choiseul', '', NULL, NULL),
(3106, 185, 'Dennery', '', NULL, NULL),
(3107, 185, 'Gros Inlet', '', NULL, NULL),
(3108, 185, 'Laborie', '', NULL, NULL),
(3109, 185, 'Micoud', '', NULL, NULL),
(3110, 185, 'Soufriere', '', NULL, NULL),
(3111, 185, 'Vieux Fort', '', NULL, NULL),
(3112, 186, 'Miquelon-Langlade', '', NULL, NULL),
(3113, 186, 'Saint-Pierre', '', NULL, NULL),
(3114, 187, 'Charlotte', '', NULL, NULL),
(3115, 187, 'Grenadines', '', NULL, NULL),
(3116, 187, 'Saint Andrew', '', NULL, NULL),
(3117, 187, 'Saint David', '', NULL, NULL),
(3118, 187, 'Saint George', '', NULL, NULL),
(3119, 187, 'Saint Patrick', '', NULL, NULL),
(3120, 188, 'A\'ana', '', NULL, NULL),
(3121, 188, 'Aiga-i-le-Tai', '', NULL, NULL),
(3122, 188, 'Atua', '', NULL, NULL),
(3123, 188, 'Fa\'asaleleaga', '', NULL, NULL),
(3124, 188, 'Gaga\'emauga', '', NULL, NULL),
(3125, 188, 'Gagaifomauga', '', NULL, NULL),
(3126, 188, 'Palauli', '', NULL, NULL),
(3127, 188, 'Satupa\'itea', '', NULL, NULL),
(3128, 188, 'Tuamasaga', '', NULL, NULL),
(3129, 188, 'Va\'a-o-Fonoti', '', NULL, NULL),
(3130, 188, 'Vaisigano', '', NULL, NULL),
(3131, 189, 'Acquaviva', '', NULL, NULL),
(3132, 189, 'Borgo Maggiore', '', NULL, NULL),
(3133, 189, 'Chiesanuova', '', NULL, NULL),
(3134, 189, 'Domagnano', '', NULL, NULL),
(3135, 189, 'Faetano', '', NULL, NULL),
(3136, 189, 'Fiorentino', '', NULL, NULL),
(3137, 189, 'Montegiardino', '', NULL, NULL),
(3138, 189, 'San Marino', '', NULL, NULL),
(3139, 189, 'Serravalle', '', NULL, NULL),
(3140, 190, 'Agua Grande', '', NULL, NULL),
(3141, 190, 'Cantagalo', '', NULL, NULL),
(3142, 190, 'Lemba', '', NULL, NULL),
(3143, 190, 'Lobata', '', NULL, NULL),
(3144, 190, 'Me-Zochi', '', NULL, NULL),
(3145, 190, 'Pague', '', NULL, NULL),
(3146, 191, 'Al Khobar', '', NULL, NULL),
(3147, 191, 'Aseer', '', NULL, NULL),
(3148, 191, 'Ash Sharqiyah', '', NULL, NULL),
(3149, 191, 'Asir', '', NULL, NULL),
(3150, 191, 'Central Province', '', NULL, NULL),
(3151, 191, 'Eastern Province', '', NULL, NULL),
(3152, 191, 'Ha\'il', '', NULL, NULL),
(3153, 191, 'Jawf', '', NULL, NULL),
(3154, 191, 'Jizan', '', NULL, NULL),
(3155, 191, 'Makkah', '', NULL, NULL),
(3156, 191, 'Najran', '', NULL, NULL),
(3157, 191, 'Qasim', '', NULL, NULL),
(3158, 191, 'Tabuk', '', NULL, NULL),
(3159, 191, 'Western Province', '', NULL, NULL),
(3160, 191, 'al-Bahah', '', NULL, NULL),
(3161, 191, 'al-Hudud-ash-Shamaliyah', '', NULL, NULL),
(3162, 191, 'al-Madinah', '', NULL, NULL),
(3163, 191, 'ar-Riyad', '', NULL, NULL),
(3164, 192, 'Dakar', '', NULL, NULL),
(3165, 192, 'Diourbel', '', NULL, NULL),
(3166, 192, 'Fatick', '', NULL, NULL),
(3167, 192, 'Kaolack', '', NULL, NULL),
(3168, 192, 'Kolda', '', NULL, NULL),
(3169, 192, 'Louga', '', NULL, NULL),
(3170, 192, 'Saint-Louis', '', NULL, NULL),
(3171, 192, 'Tambacounda', '', NULL, NULL),
(3172, 192, 'Thies', '', NULL, NULL),
(3173, 192, 'Ziguinchor', '', NULL, NULL),
(3174, 193, 'Central Serbia', '', NULL, NULL),
(3175, 193, 'Kosovo and Metohija', '', NULL, NULL),
(3176, 193, 'Vojvodina', '', NULL, NULL),
(3177, 194, 'Anse Boileau', '', NULL, NULL),
(3178, 194, 'Anse Royale', '', NULL, NULL),
(3179, 194, 'Cascade', '', NULL, NULL),
(3180, 194, 'Takamaka', '', NULL, NULL),
(3181, 194, 'Victoria', '', NULL, NULL),
(3182, 195, 'Eastern', '', NULL, NULL),
(3183, 195, 'Northern', '', NULL, NULL),
(3184, 195, 'Southern', '', NULL, NULL),
(3185, 195, 'Western', '', NULL, NULL),
(3186, 196, 'Singapore', '', NULL, NULL),
(3187, 197, 'Banskobystricky', '', NULL, NULL),
(3188, 197, 'Bratislavsky', '', NULL, NULL),
(3189, 197, 'Kosicky', '', NULL, NULL),
(3190, 197, 'Nitriansky', '', NULL, NULL),
(3191, 197, 'Presovsky', '', NULL, NULL),
(3192, 197, 'Trenciansky', '', NULL, NULL),
(3193, 197, 'Trnavsky', '', NULL, NULL),
(3194, 197, 'Zilinsky', '', NULL, NULL),
(3195, 198, 'Benedikt', '', NULL, NULL),
(3196, 198, 'Gorenjska', '', NULL, NULL),
(3197, 198, 'Gorishka', '', NULL, NULL),
(3198, 198, 'Jugovzhodna Slovenija', '', NULL, NULL),
(3199, 198, 'Koroshka', '', NULL, NULL),
(3200, 198, 'Notranjsko-krashka', '', NULL, NULL),
(3201, 198, 'Obalno-krashka', '', NULL, NULL),
(3202, 198, 'Obcina Domzale', '', NULL, NULL),
(3203, 198, 'Obcina Vitanje', '', NULL, NULL),
(3204, 198, 'Osrednjeslovenska', '', NULL, NULL),
(3205, 198, 'Podravska', '', NULL, NULL),
(3206, 198, 'Pomurska', '', NULL, NULL),
(3207, 198, 'Savinjska', '', NULL, NULL),
(3208, 198, 'Slovenian Littoral', '', NULL, NULL),
(3209, 198, 'Spodnjeposavska', '', NULL, NULL),
(3210, 198, 'Zasavska', '', NULL, NULL),
(3211, 199, 'Pitcairn', '', NULL, NULL),
(3212, 200, 'Central', '', NULL, NULL),
(3213, 200, 'Choiseul', '', NULL, NULL),
(3214, 200, 'Guadalcanal', '', NULL, NULL),
(3215, 200, 'Isabel', '', NULL, NULL),
(3216, 200, 'Makira and Ulawa', '', NULL, NULL),
(3217, 200, 'Malaita', '', NULL, NULL),
(3218, 200, 'Rennell and Bellona', '', NULL, NULL),
(3219, 200, 'Temotu', '', NULL, NULL),
(3220, 200, 'Western', '', NULL, NULL),
(3221, 201, 'Awdal', '', NULL, NULL),
(3222, 201, 'Bakol', '', NULL, NULL),
(3223, 201, 'Banadir', '', NULL, NULL),
(3224, 201, 'Bari', '', NULL, NULL),
(3225, 201, 'Bay', '', NULL, NULL),
(3226, 201, 'Galgudug', '', NULL, NULL),
(3227, 201, 'Gedo', '', NULL, NULL),
(3228, 201, 'Hiran', '', NULL, NULL),
(3229, 201, 'Jubbada Hose', '', NULL, NULL),
(3230, 201, 'Jubbadha Dexe', '', NULL, NULL),
(3231, 201, 'Mudug', '', NULL, NULL),
(3232, 201, 'Nugal', '', NULL, NULL),
(3233, 201, 'Sanag', '', NULL, NULL),
(3234, 201, 'Shabellaha Dhexe', '', NULL, NULL),
(3235, 201, 'Shabellaha Hose', '', NULL, NULL),
(3236, 201, 'Togdher', '', NULL, NULL),
(3237, 201, 'Woqoyi Galbed', '', NULL, NULL),
(3238, 202, 'Eastern Cape', '', NULL, NULL),
(3239, 202, 'Free State', '', NULL, NULL),
(3240, 202, 'Gauteng', '', NULL, NULL),
(3241, 202, 'Kempton Park', '', NULL, NULL),
(3242, 202, 'Kramerville', '', NULL, NULL),
(3243, 202, 'KwaZulu Natal', '', NULL, NULL),
(3244, 202, 'Limpopo', '', NULL, NULL),
(3245, 202, 'Mpumalanga', '', NULL, NULL),
(3246, 202, 'North West', '', NULL, NULL),
(3247, 202, 'Northern Cape', '', NULL, NULL),
(3248, 202, 'Parow', '', NULL, NULL),
(3249, 202, 'Table View', '', NULL, NULL),
(3250, 202, 'Umtentweni', '', NULL, NULL),
(3251, 202, 'Western Cape', '', NULL, NULL),
(3252, 203, 'South Georgia', '', NULL, NULL),
(3253, 204, 'Central Equatoria', '', NULL, NULL),
(3254, 205, 'A Coruna', '', NULL, NULL),
(3255, 205, 'Alacant', '', NULL, NULL),
(3256, 205, 'Alava', '', NULL, NULL),
(3257, 205, 'Albacete', '', NULL, NULL),
(3258, 205, 'Almeria', '', NULL, NULL),
(3259, 205, 'Andalucia', '', NULL, NULL),
(3260, 205, 'Asturias', '', NULL, NULL),
(3261, 205, 'Avila', '', NULL, NULL),
(3262, 205, 'Badajoz', '', NULL, NULL),
(3263, 205, 'Balears', '', NULL, NULL),
(3264, 205, 'Barcelona', '', NULL, NULL),
(3265, 205, 'Bertamirans', '', NULL, NULL),
(3266, 205, 'Biscay', '', NULL, NULL),
(3267, 205, 'Burgos', '', NULL, NULL),
(3268, 205, 'Caceres', '', NULL, NULL),
(3269, 205, 'Cadiz', '', NULL, NULL),
(3270, 205, 'Cantabria', '', NULL, NULL),
(3271, 205, 'Castello', '', NULL, NULL),
(3272, 205, 'Catalunya', '', NULL, NULL),
(3273, 205, 'Ceuta', '', NULL, NULL),
(3274, 205, 'Ciudad Real', '', NULL, NULL),
(3275, 205, 'Comunidad Autonoma de Canarias', '', NULL, NULL),
(3276, 205, 'Comunidad Autonoma de Cataluna', '', NULL, NULL),
(3277, 205, 'Comunidad Autonoma de Galicia', '', NULL, NULL),
(3278, 205, 'Comunidad Autonoma de las Isla', '', NULL, NULL),
(3279, 205, 'Comunidad Autonoma del Princip', '', NULL, NULL),
(3280, 205, 'Comunidad Valenciana', '', NULL, NULL),
(3281, 205, 'Cordoba', '', NULL, NULL),
(3282, 205, 'Cuenca', '', NULL, NULL),
(3283, 205, 'Gipuzkoa', '', NULL, NULL),
(3284, 205, 'Girona', '', NULL, NULL),
(3285, 205, 'Granada', '', NULL, NULL),
(3286, 205, 'Guadalajara', '', NULL, NULL),
(3287, 205, 'Guipuzcoa', '', NULL, NULL),
(3288, 205, 'Huelva', '', NULL, NULL),
(3289, 205, 'Huesca', '', NULL, NULL),
(3290, 205, 'Jaen', '', NULL, NULL),
(3291, 205, 'La Rioja', '', NULL, NULL),
(3292, 205, 'Las Palmas', '', NULL, NULL),
(3293, 205, 'Leon', '', NULL, NULL),
(3294, 205, 'Lerida', '', NULL, NULL),
(3295, 205, 'Lleida', '', NULL, NULL),
(3296, 205, 'Lugo', '', NULL, NULL),
(3297, 205, 'Madrid', '', NULL, NULL),
(3298, 205, 'Malaga', '', NULL, NULL),
(3299, 205, 'Melilla', '', NULL, NULL),
(3300, 205, 'Murcia', '', NULL, NULL),
(3301, 205, 'Navarra', '', NULL, NULL),
(3302, 205, 'Ourense', '', NULL, NULL),
(3303, 205, 'Pais Vasco', '', NULL, NULL),
(3304, 205, 'Palencia', '', NULL, NULL),
(3305, 205, 'Pontevedra', '', NULL, NULL),
(3306, 205, 'Salamanca', '', NULL, NULL),
(3307, 205, 'Santa Cruz de Tenerife', '', NULL, NULL),
(3308, 205, 'Segovia', '', NULL, NULL),
(3309, 205, 'Sevilla', '', NULL, NULL),
(3310, 205, 'Soria', '', NULL, NULL),
(3311, 205, 'Tarragona', '', NULL, NULL),
(3312, 205, 'Tenerife', '', NULL, NULL),
(3313, 205, 'Teruel', '', NULL, NULL),
(3314, 205, 'Toledo', '', NULL, NULL),
(3315, 205, 'Valencia', '', NULL, NULL),
(3316, 205, 'Valladolid', '', NULL, NULL),
(3317, 205, 'Vizcaya', '', NULL, NULL),
(3318, 205, 'Zamora', '', NULL, NULL),
(3319, 205, 'Zaragoza', '', NULL, NULL),
(3320, 206, 'Amparai', '', NULL, NULL),
(3321, 206, 'Anuradhapuraya', '', NULL, NULL),
(3322, 206, 'Badulla', '', NULL, NULL),
(3323, 206, 'Boralesgamuwa', '', NULL, NULL),
(3324, 206, 'Colombo', '', NULL, NULL),
(3325, 206, 'Galla', '', NULL, NULL),
(3326, 206, 'Gampaha', '', NULL, NULL),
(3327, 206, 'Hambantota', '', NULL, NULL),
(3328, 206, 'Kalatura', '', NULL, NULL),
(3329, 206, 'Kegalla', '', NULL, NULL),
(3330, 206, 'Kilinochchi', '', NULL, NULL),
(3331, 206, 'Kurunegala', '', NULL, NULL),
(3332, 206, 'Madakalpuwa', '', NULL, NULL),
(3333, 206, 'Maha Nuwara', '', NULL, NULL),
(3334, 206, 'Malwana', '', NULL, NULL),
(3335, 206, 'Mannarama', '', NULL, NULL),
(3336, 206, 'Matale', '', NULL, NULL),
(3337, 206, 'Matara', '', NULL, NULL),
(3338, 206, 'Monaragala', '', NULL, NULL),
(3339, 206, 'Mullaitivu', '', NULL, NULL),
(3340, 206, 'North Eastern Province', '', NULL, NULL),
(3341, 206, 'North Western Province', '', NULL, NULL),
(3342, 206, 'Nuwara Eliya', '', NULL, NULL),
(3343, 206, 'Polonnaruwa', '', NULL, NULL),
(3344, 206, 'Puttalama', '', NULL, NULL),
(3345, 206, 'Ratnapuraya', '', NULL, NULL),
(3346, 206, 'Southern Province', '', NULL, NULL),
(3347, 206, 'Tirikunamalaya', '', NULL, NULL),
(3348, 206, 'Tuscany', '', NULL, NULL),
(3349, 206, 'Vavuniyawa', '', NULL, NULL),
(3350, 206, 'Western Province', '', NULL, NULL),
(3351, 206, 'Yapanaya', '', NULL, NULL),
(3352, 206, 'kadawatha', '', NULL, NULL),
(3353, 207, 'A\'ali-an-Nil', '', NULL, NULL),
(3354, 207, 'Bahr-al-Jabal', '', NULL, NULL),
(3355, 207, 'Central Equatoria', '', NULL, NULL),
(3356, 207, 'Gharb Bahr-al-Ghazal', '', NULL, NULL),
(3357, 207, 'Gharb Darfur', '', NULL, NULL),
(3358, 207, 'Gharb Kurdufan', '', NULL, NULL),
(3359, 207, 'Gharb-al-Istiwa\'iyah', '', NULL, NULL),
(3360, 207, 'Janub Darfur', '', NULL, NULL),
(3361, 207, 'Janub Kurdufan', '', NULL, NULL),
(3362, 207, 'Junqali', '', NULL, NULL),
(3363, 207, 'Kassala', '', NULL, NULL),
(3364, 207, 'Nahr-an-Nil', '', NULL, NULL),
(3365, 207, 'Shamal Bahr-al-Ghazal', '', NULL, NULL),
(3366, 207, 'Shamal Darfur', '', NULL, NULL),
(3367, 207, 'Shamal Kurdufan', '', NULL, NULL),
(3368, 207, 'Sharq-al-Istiwa\'iyah', '', NULL, NULL),
(3369, 207, 'Sinnar', '', NULL, NULL),
(3370, 207, 'Warab', '', NULL, NULL),
(3371, 207, 'Wilayat al Khartum', '', NULL, NULL),
(3372, 207, 'al-Bahr-al-Ahmar', '', NULL, NULL),
(3373, 207, 'al-Buhayrat', '', NULL, NULL),
(3374, 207, 'al-Jazirah', '', NULL, NULL),
(3375, 207, 'al-Khartum', '', NULL, NULL),
(3376, 207, 'al-Qadarif', '', NULL, NULL),
(3377, 207, 'al-Wahdah', '', NULL, NULL),
(3378, 207, 'an-Nil-al-Abyad', '', NULL, NULL),
(3379, 207, 'an-Nil-al-Azraq', '', NULL, NULL),
(3380, 207, 'ash-Shamaliyah', '', NULL, NULL),
(3381, 208, 'Brokopondo', '', NULL, NULL),
(3382, 208, 'Commewijne', '', NULL, NULL),
(3383, 208, 'Coronie', '', NULL, NULL),
(3384, 208, 'Marowijne', '', NULL, NULL),
(3385, 208, 'Nickerie', '', NULL, NULL),
(3386, 208, 'Para', '', NULL, NULL),
(3387, 208, 'Paramaribo', '', NULL, NULL),
(3388, 208, 'Saramacca', '', NULL, NULL),
(3389, 208, 'Wanica', '', NULL, NULL),
(3390, 209, 'Svalbard', '', NULL, NULL),
(3391, 210, 'Hhohho', '', NULL, NULL),
(3392, 210, 'Lubombo', '', NULL, NULL),
(3393, 210, 'Manzini', '', NULL, NULL),
(3394, 210, 'Shiselweni', '', NULL, NULL),
(3395, 211, 'Alvsborgs Lan', '', NULL, NULL),
(3396, 211, 'Angermanland', '', NULL, NULL),
(3397, 211, 'Blekinge', '', NULL, NULL),
(3398, 211, 'Bohuslan', '', NULL, NULL),
(3399, 211, 'Dalarna', '', NULL, NULL),
(3400, 211, 'Gavleborg', '', NULL, NULL),
(3401, 211, 'Gaza', '', NULL, NULL),
(3402, 211, 'Gotland', '', NULL, NULL),
(3403, 211, 'Halland', '', NULL, NULL),
(3404, 211, 'Jamtland', '', NULL, NULL),
(3405, 211, 'Jonkoping', '', NULL, NULL),
(3406, 211, 'Kalmar', '', NULL, NULL),
(3407, 211, 'Kristianstads', '', NULL, NULL),
(3408, 211, 'Kronoberg', '', NULL, NULL),
(3409, 211, 'Norrbotten', '', NULL, NULL),
(3410, 211, 'Orebro', '', NULL, NULL),
(3411, 211, 'Ostergotland', '', NULL, NULL),
(3412, 211, 'Saltsjo-Boo', '', NULL, NULL),
(3413, 211, 'Skane', '', NULL, NULL),
(3414, 211, 'Smaland', '', NULL, NULL),
(3415, 211, 'Sodermanland', '', NULL, NULL),
(3416, 211, 'Stockholm', '', NULL, NULL),
(3417, 211, 'Uppsala', '', NULL, NULL),
(3418, 211, 'Varmland', '', NULL, NULL),
(3419, 211, 'Vasterbotten', '', NULL, NULL),
(3420, 211, 'Vastergotland', '', NULL, NULL),
(3421, 211, 'Vasternorrland', '', NULL, NULL),
(3422, 211, 'Vastmanland', '', NULL, NULL),
(3423, 211, 'Vastra Gotaland', '', NULL, NULL),
(3424, 212, 'Aargau', '', NULL, NULL),
(3425, 212, 'Appenzell Inner-Rhoden', '', NULL, NULL),
(3426, 212, 'Appenzell-Ausser Rhoden', '', NULL, NULL),
(3427, 212, 'Basel-Landschaft', '', NULL, NULL),
(3428, 212, 'Basel-Stadt', '', NULL, NULL),
(3429, 212, 'Bern', '', NULL, NULL),
(3430, 212, 'Canton Ticino', '', NULL, NULL),
(3431, 212, 'Fribourg', '', NULL, NULL),
(3432, 212, 'Geneve', '', NULL, NULL),
(3433, 212, 'Glarus', '', NULL, NULL),
(3434, 212, 'Graubunden', '', NULL, NULL),
(3435, 212, 'Heerbrugg', '', NULL, NULL),
(3436, 212, 'Jura', '', NULL, NULL),
(3437, 212, 'Kanton Aargau', '', NULL, NULL),
(3438, 212, 'Luzern', '', NULL, NULL),
(3439, 212, 'Morbio Inferiore', '', NULL, NULL),
(3440, 212, 'Muhen', '', NULL, NULL),
(3441, 212, 'Neuchatel', '', NULL, NULL),
(3442, 212, 'Nidwalden', '', NULL, NULL),
(3443, 212, 'Obwalden', '', NULL, NULL),
(3444, 212, 'Sankt Gallen', '', NULL, NULL),
(3445, 212, 'Schaffhausen', '', NULL, NULL),
(3446, 212, 'Schwyz', '', NULL, NULL),
(3447, 212, 'Solothurn', '', NULL, NULL),
(3448, 212, 'Thurgau', '', NULL, NULL),
(3449, 212, 'Ticino', '', NULL, NULL),
(3450, 212, 'Uri', '', NULL, NULL),
(3451, 212, 'Valais', '', NULL, NULL),
(3452, 212, 'Vaud', '', NULL, NULL),
(3453, 212, 'Vauffelin', '', NULL, NULL),
(3454, 212, 'Zug', '', NULL, NULL),
(3455, 212, 'Zurich', '', NULL, NULL),
(3456, 213, 'Aleppo', '', NULL, NULL),
(3457, 213, 'Dar\'a', '', NULL, NULL),
(3458, 213, 'Dayr-az-Zawr', '', NULL, NULL),
(3459, 213, 'Dimashq', '', NULL, NULL),
(3460, 213, 'Halab', '', NULL, NULL),
(3461, 213, 'Hamah', '', NULL, NULL),
(3462, 213, 'Hims', '', NULL, NULL),
(3463, 213, 'Idlib', '', NULL, NULL),
(3464, 213, 'Madinat Dimashq', '', NULL, NULL),
(3465, 213, 'Tartus', '', NULL, NULL),
(3466, 213, 'al-Hasakah', '', NULL, NULL),
(3467, 213, 'al-Ladhiqiyah', '', NULL, NULL),
(3468, 213, 'al-Qunaytirah', '', NULL, NULL),
(3469, 213, 'ar-Raqqah', '', NULL, NULL),
(3470, 213, 'as-Suwayda', '', NULL, NULL),
(3471, 214, 'Changhwa', '', NULL, NULL),
(3472, 214, 'Chiayi Hsien', '', NULL, NULL),
(3473, 214, 'Chiayi Shih', '', NULL, NULL),
(3474, 214, 'Eastern Taipei', '', NULL, NULL),
(3475, 214, 'Hsinchu Hsien', '', NULL, NULL),
(3476, 214, 'Hsinchu Shih', '', NULL, NULL),
(3477, 214, 'Hualien', '', NULL, NULL),
(3478, 214, 'Ilan', '', NULL, NULL),
(3479, 214, 'Kaohsiung Hsien', '', NULL, NULL),
(3480, 214, 'Kaohsiung Shih', '', NULL, NULL),
(3481, 214, 'Keelung Shih', '', NULL, NULL),
(3482, 214, 'Kinmen', '', NULL, NULL),
(3483, 214, 'Miaoli', '', NULL, NULL),
(3484, 214, 'Nantou', '', NULL, NULL),
(3485, 214, 'Northern Taiwan', '', NULL, NULL),
(3486, 214, 'Penghu', '', NULL, NULL),
(3487, 214, 'Pingtung', '', NULL, NULL),
(3488, 214, 'Taichung', '', NULL, NULL),
(3489, 214, 'Taichung Hsien', '', NULL, NULL),
(3490, 214, 'Taichung Shih', '', NULL, NULL),
(3491, 214, 'Tainan Hsien', '', NULL, NULL),
(3492, 214, 'Tainan Shih', '', NULL, NULL),
(3493, 214, 'Taipei Hsien', '', NULL, NULL),
(3494, 214, 'Taipei Shih / Taipei Hsien', '', NULL, NULL),
(3495, 214, 'Taitung', '', NULL, NULL),
(3496, 214, 'Taoyuan', '', NULL, NULL),
(3497, 214, 'Yilan', '', NULL, NULL),
(3498, 214, 'Yun-Lin Hsien', '', NULL, NULL),
(3499, 214, 'Yunlin', '', NULL, NULL),
(3500, 215, 'Dushanbe', '', NULL, NULL),
(3501, 215, 'Gorno-Badakhshan', '', NULL, NULL),
(3502, 215, 'Karotegin', '', NULL, NULL),
(3503, 215, 'Khatlon', '', NULL, NULL),
(3504, 215, 'Sughd', '', NULL, NULL),
(3505, 216, 'Arusha', '', NULL, NULL),
(3506, 216, 'Dar es Salaam', '', NULL, NULL),
(3507, 216, 'Dodoma', '', NULL, NULL),
(3508, 216, 'Iringa', '', NULL, NULL),
(3509, 216, 'Kagera', '', NULL, NULL),
(3510, 216, 'Kigoma', '', NULL, NULL),
(3511, 216, 'Kilimanjaro', '', NULL, NULL),
(3512, 216, 'Lindi', '', NULL, NULL),
(3513, 216, 'Mara', '', NULL, NULL),
(3514, 216, 'Mbeya', '', NULL, NULL),
(3515, 216, 'Morogoro', '', NULL, NULL),
(3516, 216, 'Mtwara', '', NULL, NULL),
(3517, 216, 'Mwanza', '', NULL, NULL),
(3518, 216, 'Pwani', '', NULL, NULL),
(3519, 216, 'Rukwa', '', NULL, NULL),
(3520, 216, 'Ruvuma', '', NULL, NULL),
(3521, 216, 'Shinyanga', '', NULL, NULL),
(3522, 216, 'Singida', '', NULL, NULL),
(3523, 216, 'Tabora', '', NULL, NULL),
(3524, 216, 'Tanga', '', NULL, NULL),
(3525, 216, 'Zanzibar and Pemba', '', NULL, NULL),
(3526, 217, 'Amnat Charoen', '', NULL, NULL),
(3527, 217, 'Ang Thong', '', NULL, NULL),
(3528, 217, 'Bangkok', '', NULL, NULL),
(3529, 217, 'Buri Ram', '', NULL, NULL),
(3530, 217, 'Chachoengsao', '', NULL, NULL),
(3531, 217, 'Chai Nat', '', NULL, NULL),
(3532, 217, 'Chaiyaphum', '', NULL, NULL),
(3533, 217, 'Changwat Chaiyaphum', '', NULL, NULL),
(3534, 217, 'Chanthaburi', '', NULL, NULL),
(3535, 217, 'Chiang Mai', '', NULL, NULL),
(3536, 217, 'Chiang Rai', '', NULL, NULL),
(3537, 217, 'Chon Buri', '', NULL, NULL),
(3538, 217, 'Chumphon', '', NULL, NULL),
(3539, 217, 'Kalasin', '', NULL, NULL),
(3540, 217, 'Kamphaeng Phet', '', NULL, NULL),
(3541, 217, 'Kanchanaburi', '', NULL, NULL),
(3542, 217, 'Khon Kaen', '', NULL, NULL),
(3543, 217, 'Krabi', '', NULL, NULL),
(3544, 217, 'Krung Thep', '', NULL, NULL),
(3545, 217, 'Lampang', '', NULL, NULL),
(3546, 217, 'Lamphun', '', NULL, NULL),
(3547, 217, 'Loei', '', NULL, NULL),
(3548, 217, 'Lop Buri', '', NULL, NULL),
(3549, 217, 'Mae Hong Son', '', NULL, NULL),
(3550, 217, 'Maha Sarakham', '', NULL, NULL),
(3551, 217, 'Mukdahan', '', NULL, NULL),
(3552, 217, 'Nakhon Nayok', '', NULL, NULL),
(3553, 217, 'Nakhon Pathom', '', NULL, NULL),
(3554, 217, 'Nakhon Phanom', '', NULL, NULL),
(3555, 217, 'Nakhon Ratchasima', '', NULL, NULL),
(3556, 217, 'Nakhon Sawan', '', NULL, NULL),
(3557, 217, 'Nakhon Si Thammarat', '', NULL, NULL),
(3558, 217, 'Nan', '', NULL, NULL),
(3559, 217, 'Narathiwat', '', NULL, NULL),
(3560, 217, 'Nong Bua Lam Phu', '', NULL, NULL),
(3561, 217, 'Nong Khai', '', NULL, NULL),
(3562, 217, 'Nonthaburi', '', NULL, NULL),
(3563, 217, 'Pathum Thani', '', NULL, NULL),
(3564, 217, 'Pattani', '', NULL, NULL),
(3565, 217, 'Phangnga', '', NULL, NULL),
(3566, 217, 'Phatthalung', '', NULL, NULL),
(3567, 217, 'Phayao', '', NULL, NULL),
(3568, 217, 'Phetchabun', '', NULL, NULL),
(3569, 217, 'Phetchaburi', '', NULL, NULL),
(3570, 217, 'Phichit', '', NULL, NULL),
(3571, 217, 'Phitsanulok', '', NULL, NULL),
(3572, 217, 'Phra Nakhon Si Ayutthaya', '', NULL, NULL),
(3573, 217, 'Phrae', '', NULL, NULL),
(3574, 217, 'Phuket', '', NULL, NULL),
(3575, 217, 'Prachin Buri', '', NULL, NULL),
(3576, 217, 'Prachuap Khiri Khan', '', NULL, NULL),
(3577, 217, 'Ranong', '', NULL, NULL),
(3578, 217, 'Ratchaburi', '', NULL, NULL),
(3579, 217, 'Rayong', '', NULL, NULL),
(3580, 217, 'Roi Et', '', NULL, NULL),
(3581, 217, 'Sa Kaeo', '', NULL, NULL),
(3582, 217, 'Sakon Nakhon', '', NULL, NULL),
(3583, 217, 'Samut Prakan', '', NULL, NULL),
(3584, 217, 'Samut Sakhon', '', NULL, NULL),
(3585, 217, 'Samut Songkhran', '', NULL, NULL),
(3586, 217, 'Saraburi', '', NULL, NULL),
(3587, 217, 'Satun', '', NULL, NULL),
(3588, 217, 'Si Sa Ket', '', NULL, NULL),
(3589, 217, 'Sing Buri', '', NULL, NULL),
(3590, 217, 'Songkhla', '', NULL, NULL),
(3591, 217, 'Sukhothai', '', NULL, NULL),
(3592, 217, 'Suphan Buri', '', NULL, NULL),
(3593, 217, 'Surat Thani', '', NULL, NULL),
(3594, 217, 'Surin', '', NULL, NULL),
(3595, 217, 'Tak', '', NULL, NULL),
(3596, 217, 'Trang', '', NULL, NULL),
(3597, 217, 'Trat', '', NULL, NULL),
(3598, 217, 'Ubon Ratchathani', '', NULL, NULL),
(3599, 217, 'Udon Thani', '', NULL, NULL),
(3600, 217, 'Uthai Thani', '', NULL, NULL),
(3601, 217, 'Uttaradit', '', NULL, NULL),
(3602, 217, 'Yala', '', NULL, NULL),
(3603, 217, 'Yasothon', '', NULL, NULL),
(3604, 218, 'Centre', '', NULL, NULL),
(3605, 218, 'Kara', '', NULL, NULL),
(3606, 218, 'Maritime', '', NULL, NULL),
(3607, 218, 'Plateaux', '', NULL, NULL),
(3608, 218, 'Savanes', '', NULL, NULL),
(3609, 219, 'Atafu', '', NULL, NULL),
(3610, 219, 'Fakaofo', '', NULL, NULL),
(3611, 219, 'Nukunonu', '', NULL, NULL),
(3612, 220, 'Eua', '', NULL, NULL),
(3613, 220, 'Ha\'apai', '', NULL, NULL),
(3614, 220, 'Niuas', '', NULL, NULL),
(3615, 220, 'Tongatapu', '', NULL, NULL),
(3616, 220, 'Vava\'u', '', NULL, NULL),
(3617, 221, 'Arima-Tunapuna-Piarco', '', NULL, NULL),
(3618, 221, 'Caroni', '', NULL, NULL),
(3619, 221, 'Chaguanas', '', NULL, NULL),
(3620, 221, 'Couva-Tabaquite-Talparo', '', NULL, NULL),
(3621, 221, 'Diego Martin', '', NULL, NULL),
(3622, 221, 'Glencoe', '', NULL, NULL),
(3623, 221, 'Penal Debe', '', NULL, NULL),
(3624, 221, 'Point Fortin', '', NULL, NULL),
(3625, 221, 'Port of Spain', '', NULL, NULL),
(3626, 221, 'Princes Town', '', NULL, NULL),
(3627, 221, 'Saint George', '', NULL, NULL),
(3628, 221, 'San Fernando', '', NULL, NULL),
(3629, 221, 'San Juan', '', NULL, NULL),
(3630, 221, 'Sangre Grande', '', NULL, NULL),
(3631, 221, 'Siparia', '', NULL, NULL),
(3632, 221, 'Tobago', '', NULL, NULL),
(3633, 222, 'Aryanah', '', NULL, NULL),
(3634, 222, 'Bajah', '', NULL, NULL),
(3635, 222, 'Bin \'Arus', '', NULL, NULL),
(3636, 222, 'Binzart', '', NULL, NULL),
(3637, 222, 'Gouvernorat de Ariana', '', NULL, NULL),
(3638, 222, 'Gouvernorat de Nabeul', '', NULL, NULL),
(3639, 222, 'Gouvernorat de Sousse', '', NULL, NULL),
(3640, 222, 'Hammamet Yasmine', '', NULL, NULL),
(3641, 222, 'Jundubah', '', NULL, NULL),
(3642, 222, 'Madaniyin', '', NULL, NULL),
(3643, 222, 'Manubah', '', NULL, NULL),
(3644, 222, 'Monastir', '', NULL, NULL),
(3645, 222, 'Nabul', '', NULL, NULL),
(3646, 222, 'Qabis', '', NULL, NULL),
(3647, 222, 'Qafsah', '', NULL, NULL),
(3648, 222, 'Qibili', '', NULL, NULL),
(3649, 222, 'Safaqis', '', NULL, NULL),
(3650, 222, 'Sfax', '', NULL, NULL),
(3651, 222, 'Sidi Bu Zayd', '', NULL, NULL),
(3652, 222, 'Silyanah', '', NULL, NULL),
(3653, 222, 'Susah', '', NULL, NULL),
(3654, 222, 'Tatawin', '', NULL, NULL),
(3655, 222, 'Tawzar', '', NULL, NULL),
(3656, 222, 'Tunis', '', NULL, NULL),
(3657, 222, 'Zaghwan', '', NULL, NULL),
(3658, 222, 'al-Kaf', '', NULL, NULL),
(3659, 222, 'al-Mahdiyah', '', NULL, NULL),
(3660, 222, 'al-Munastir', '', NULL, NULL),
(3661, 222, 'al-Qasrayn', '', NULL, NULL),
(3662, 222, 'al-Qayrawan', '', NULL, NULL),
(3663, 223, 'Adana', '', NULL, NULL),
(3664, 223, 'Adiyaman', '', NULL, NULL),
(3665, 223, 'Afyon', '', NULL, NULL),
(3666, 223, 'Agri', '', NULL, NULL),
(3667, 223, 'Aksaray', '', NULL, NULL),
(3668, 223, 'Amasya', '', NULL, NULL),
(3669, 223, 'Ankara', '', NULL, NULL),
(3670, 223, 'Antalya', '', NULL, NULL),
(3671, 223, 'Ardahan', '', NULL, NULL),
(3672, 223, 'Artvin', '', NULL, NULL),
(3673, 223, 'Aydin', '', NULL, NULL),
(3674, 223, 'Balikesir', '', NULL, NULL),
(3675, 223, 'Bartin', '', NULL, NULL),
(3676, 223, 'Batman', '', NULL, NULL),
(3677, 223, 'Bayburt', '', NULL, NULL),
(3678, 223, 'Bilecik', '', NULL, NULL),
(3679, 223, 'Bingol', '', NULL, NULL),
(3680, 223, 'Bitlis', '', NULL, NULL),
(3681, 223, 'Bolu', '', NULL, NULL),
(3682, 223, 'Burdur', '', NULL, NULL),
(3683, 223, 'Bursa', '', NULL, NULL),
(3684, 223, 'Canakkale', '', NULL, NULL),
(3685, 223, 'Cankiri', '', NULL, NULL),
(3686, 223, 'Corum', '', NULL, NULL),
(3687, 223, 'Denizli', '', NULL, NULL),
(3688, 223, 'Diyarbakir', '', NULL, NULL),
(3689, 223, 'Duzce', '', NULL, NULL),
(3690, 223, 'Edirne', '', NULL, NULL),
(3691, 223, 'Elazig', '', NULL, NULL),
(3692, 223, 'Erzincan', '', NULL, NULL),
(3693, 223, 'Erzurum', '', NULL, NULL),
(3694, 223, 'Eskisehir', '', NULL, NULL),
(3695, 223, 'Gaziantep', '', NULL, NULL),
(3696, 223, 'Giresun', '', NULL, NULL),
(3697, 223, 'Gumushane', '', NULL, NULL),
(3698, 223, 'Hakkari', '', NULL, NULL),
(3699, 223, 'Hatay', '', NULL, NULL),
(3700, 223, 'Icel', '', NULL, NULL),
(3701, 223, 'Igdir', '', NULL, NULL),
(3702, 223, 'Isparta', '', NULL, NULL),
(3703, 223, 'Istanbul', '', NULL, NULL),
(3704, 223, 'Izmir', '', NULL, NULL),
(3705, 223, 'Kahramanmaras', '', NULL, NULL),
(3706, 223, 'Karabuk', '', NULL, NULL),
(3707, 223, 'Karaman', '', NULL, NULL),
(3708, 223, 'Kars', '', NULL, NULL),
(3709, 223, 'Karsiyaka', '', NULL, NULL),
(3710, 223, 'Kastamonu', '', NULL, NULL),
(3711, 223, 'Kayseri', '', NULL, NULL),
(3712, 223, 'Kilis', '', NULL, NULL),
(3713, 223, 'Kirikkale', '', NULL, NULL),
(3714, 223, 'Kirklareli', '', NULL, NULL),
(3715, 223, 'Kirsehir', '', NULL, NULL),
(3716, 223, 'Kocaeli', '', NULL, NULL),
(3717, 223, 'Konya', '', NULL, NULL),
(3718, 223, 'Kutahya', '', NULL, NULL),
(3719, 223, 'Lefkosa', '', NULL, NULL),
(3720, 223, 'Malatya', '', NULL, NULL),
(3721, 223, 'Manisa', '', NULL, NULL),
(3722, 223, 'Mardin', '', NULL, NULL),
(3723, 223, 'Mugla', '', NULL, NULL),
(3724, 223, 'Mus', '', NULL, NULL),
(3725, 223, 'Nevsehir', '', NULL, NULL),
(3726, 223, 'Nigde', '', NULL, NULL),
(3727, 223, 'Ordu', '', NULL, NULL),
(3728, 223, 'Osmaniye', '', NULL, NULL),
(3729, 223, 'Rize', '', NULL, NULL),
(3730, 223, 'Sakarya', '', NULL, NULL),
(3731, 223, 'Samsun', '', NULL, NULL),
(3732, 223, 'Sanliurfa', '', NULL, NULL),
(3733, 223, 'Siirt', '', NULL, NULL),
(3734, 223, 'Sinop', '', NULL, NULL),
(3735, 223, 'Sirnak', '', NULL, NULL),
(3736, 223, 'Sivas', '', NULL, NULL),
(3737, 223, 'Tekirdag', '', NULL, NULL),
(3738, 223, 'Tokat', '', NULL, NULL),
(3739, 223, 'Trabzon', '', NULL, NULL),
(3740, 223, 'Tunceli', '', NULL, NULL),
(3741, 223, 'Usak', '', NULL, NULL),
(3742, 223, 'Van', '', NULL, NULL),
(3743, 223, 'Yalova', '', NULL, NULL),
(3744, 223, 'Yozgat', '', NULL, NULL),
(3745, 223, 'Zonguldak', '', NULL, NULL),
(3746, 224, 'Ahal', '', NULL, NULL),
(3747, 224, 'Asgabat', '', NULL, NULL),
(3748, 224, 'Balkan', '', NULL, NULL),
(3749, 224, 'Dasoguz', '', NULL, NULL),
(3750, 224, 'Lebap', '', NULL, NULL),
(3751, 224, 'Mari', '', NULL, NULL),
(3752, 225, 'Grand Turk', '', NULL, NULL),
(3753, 225, 'South Caicos and East Caicos', '', NULL, NULL),
(3754, 226, 'Funafuti', '', NULL, NULL),
(3755, 226, 'Nanumanga', '', NULL, NULL),
(3756, 226, 'Nanumea', '', NULL, NULL),
(3757, 226, 'Niutao', '', NULL, NULL),
(3758, 226, 'Nui', '', NULL, NULL),
(3759, 226, 'Nukufetau', '', NULL, NULL),
(3760, 226, 'Nukulaelae', '', NULL, NULL),
(3761, 226, 'Vaitupu', '', NULL, NULL),
(3762, 227, 'Central', '', NULL, NULL),
(3763, 227, 'Eastern', '', NULL, NULL),
(3764, 227, 'Northern', '', NULL, NULL),
(3765, 227, 'Western', '', NULL, NULL),
(3766, 228, 'Cherkas\'ka', '', NULL, NULL),
(3767, 228, 'Chernihivs\'ka', '', NULL, NULL),
(3768, 228, 'Chernivets\'ka', '', NULL, NULL),
(3769, 228, 'Crimea', '', NULL, NULL),
(3770, 228, 'Dnipropetrovska', '', NULL, NULL),
(3771, 228, 'Donets\'ka', '', NULL, NULL),
(3772, 228, 'Ivano-Frankivs\'ka', '', NULL, NULL),
(3773, 228, 'Kharkiv', '', NULL, NULL),
(3774, 228, 'Kharkov', '', NULL, NULL),
(3775, 228, 'Khersonska', '', NULL, NULL),
(3776, 228, 'Khmel\'nyts\'ka', '', NULL, NULL),
(3777, 228, 'Kirovohrad', '', NULL, NULL),
(3778, 228, 'Krym', '', NULL, NULL),
(3779, 228, 'Kyyiv', '', NULL, NULL),
(3780, 228, 'Kyyivs\'ka', '', NULL, NULL),
(3781, 228, 'L\'vivs\'ka', '', NULL, NULL),
(3782, 228, 'Luhans\'ka', '', NULL, NULL),
(3783, 228, 'Mykolayivs\'ka', '', NULL, NULL),
(3784, 228, 'Odes\'ka', '', NULL, NULL),
(3785, 228, 'Odessa', '', NULL, NULL),
(3786, 228, 'Poltavs\'ka', '', NULL, NULL),
(3787, 228, 'Rivnens\'ka', '', NULL, NULL),
(3788, 228, 'Sevastopol\'', '', NULL, NULL),
(3789, 228, 'Sums\'ka', '', NULL, NULL),
(3790, 228, 'Ternopil\'s\'ka', '', NULL, NULL),
(3791, 228, 'Volyns\'ka', '', NULL, NULL),
(3792, 228, 'Vynnyts\'ka', '', NULL, NULL),
(3793, 228, 'Zakarpats\'ka', '', NULL, NULL),
(3794, 228, 'Zaporizhia', '', NULL, NULL),
(3795, 228, 'Zhytomyrs\'ka', '', NULL, NULL),
(3796, 229, 'Abu Zabi', '', NULL, NULL),
(3797, 229, 'Ajman', '', NULL, NULL),
(3798, 229, 'Dubai', '', NULL, NULL),
(3799, 229, 'Ras al-Khaymah', '', NULL, NULL),
(3800, 229, 'Sharjah', '', NULL, NULL),
(3801, 229, 'Sharjha', '', NULL, NULL),
(3802, 229, 'Umm al Qaywayn', '', NULL, NULL),
(3803, 229, 'al-Fujayrah', '', NULL, NULL);
INSERT INTO `provinces` (`id`, `country_id`, `name`, `abbreviation`, `created_at`, `updated_at`) VALUES
(3804, 229, 'ash-Shariqah', '', NULL, NULL),
(3805, 230, 'Aberdeen', '', NULL, NULL),
(3806, 230, 'Aberdeenshire', '', NULL, NULL),
(3807, 230, 'Argyll', '', NULL, NULL),
(3808, 230, 'Armagh', '', NULL, NULL),
(3809, 230, 'Bedfordshire', '', NULL, NULL),
(3810, 230, 'Belfast', '', NULL, NULL),
(3811, 230, 'Berkshire', '', NULL, NULL),
(3812, 230, 'Birmingham', '', NULL, NULL),
(3813, 230, 'Brechin', '', NULL, NULL),
(3814, 230, 'Bridgnorth', '', NULL, NULL),
(3815, 230, 'Bristol', '', NULL, NULL),
(3816, 230, 'Buckinghamshire', '', NULL, NULL),
(3817, 230, 'Cambridge', '', NULL, NULL),
(3818, 230, 'Cambridgeshire', '', NULL, NULL),
(3819, 230, 'Channel Islands', '', NULL, NULL),
(3820, 230, 'Cheshire', '', NULL, NULL),
(3821, 230, 'Cleveland', '', NULL, NULL),
(3822, 230, 'Co Fermanagh', '', NULL, NULL),
(3823, 230, 'Conwy', '', NULL, NULL),
(3824, 230, 'Cornwall', '', NULL, NULL),
(3825, 230, 'Coventry', '', NULL, NULL),
(3826, 230, 'Craven Arms', '', NULL, NULL),
(3827, 230, 'Cumbria', '', NULL, NULL),
(3828, 230, 'Denbighshire', '', NULL, NULL),
(3829, 230, 'Derby', '', NULL, NULL),
(3830, 230, 'Derbyshire', '', NULL, NULL),
(3831, 230, 'Devon', '', NULL, NULL),
(3832, 230, 'Dial Code Dungannon', '', NULL, NULL),
(3833, 230, 'Didcot', '', NULL, NULL),
(3834, 230, 'Dorset', '', NULL, NULL),
(3835, 230, 'Dunbartonshire', '', NULL, NULL),
(3836, 230, 'Durham', '', NULL, NULL),
(3837, 230, 'East Dunbartonshire', '', NULL, NULL),
(3838, 230, 'East Lothian', '', NULL, NULL),
(3839, 230, 'East Midlands', '', NULL, NULL),
(3840, 230, 'East Sussex', '', NULL, NULL),
(3841, 230, 'East Yorkshire', '', NULL, NULL),
(3842, 230, 'England', '', NULL, NULL),
(3843, 230, 'Essex', '', NULL, NULL),
(3844, 230, 'Fermanagh', '', NULL, NULL),
(3845, 230, 'Fife', '', NULL, NULL),
(3846, 230, 'Flintshire', '', NULL, NULL),
(3847, 230, 'Fulham', '', NULL, NULL),
(3848, 230, 'Gainsborough', '', NULL, NULL),
(3849, 230, 'Glocestershire', '', NULL, NULL),
(3850, 230, 'Gwent', '', NULL, NULL),
(3851, 230, 'Hampshire', '', NULL, NULL),
(3852, 230, 'Hants', '', NULL, NULL),
(3853, 230, 'Herefordshire', '', NULL, NULL),
(3854, 230, 'Hertfordshire', '', NULL, NULL),
(3855, 230, 'Ireland', '', NULL, NULL),
(3856, 230, 'Isle Of Man', '', NULL, NULL),
(3857, 230, 'Isle of Wight', '', NULL, NULL),
(3858, 230, 'Kenford', '', NULL, NULL),
(3859, 230, 'Kent', '', NULL, NULL),
(3860, 230, 'Kilmarnock', '', NULL, NULL),
(3861, 230, 'Lanarkshire', '', NULL, NULL),
(3862, 230, 'Lancashire', '', NULL, NULL),
(3863, 230, 'Leicestershire', '', NULL, NULL),
(3864, 230, 'Lincolnshire', '', NULL, NULL),
(3865, 230, 'Llanymynech', '', NULL, NULL),
(3866, 230, 'London', '', NULL, NULL),
(3867, 230, 'Ludlow', '', NULL, NULL),
(3868, 230, 'Manchester', '', NULL, NULL),
(3869, 230, 'Mayfair', '', NULL, NULL),
(3870, 230, 'Merseyside', '', NULL, NULL),
(3871, 230, 'Mid Glamorgan', '', NULL, NULL),
(3872, 230, 'Middlesex', '', NULL, NULL),
(3873, 230, 'Mildenhall', '', NULL, NULL),
(3874, 230, 'Monmouthshire', '', NULL, NULL),
(3875, 230, 'Newton Stewart', '', NULL, NULL),
(3876, 230, 'Norfolk', '', NULL, NULL),
(3877, 230, 'North Humberside', '', NULL, NULL),
(3878, 230, 'North Yorkshire', '', NULL, NULL),
(3879, 230, 'Northamptonshire', '', NULL, NULL),
(3880, 230, 'Northants', '', NULL, NULL),
(3881, 230, 'Northern Ireland', '', NULL, NULL),
(3882, 230, 'Northumberland', '', NULL, NULL),
(3883, 230, 'Nottinghamshire', '', NULL, NULL),
(3884, 230, 'Oxford', '', NULL, NULL),
(3885, 230, 'Powys', '', NULL, NULL),
(3886, 230, 'Roos-shire', '', NULL, NULL),
(3887, 230, 'SUSSEX', '', NULL, NULL),
(3888, 230, 'Sark', '', NULL, NULL),
(3889, 230, 'Scotland', '', NULL, NULL),
(3890, 230, 'Scottish Borders', '', NULL, NULL),
(3891, 230, 'Shropshire', '', NULL, NULL),
(3892, 230, 'Somerset', '', NULL, NULL),
(3893, 230, 'South Glamorgan', '', NULL, NULL),
(3894, 230, 'South Wales', '', NULL, NULL),
(3895, 230, 'South Yorkshire', '', NULL, NULL),
(3896, 230, 'Southwell', '', NULL, NULL),
(3897, 230, 'Staffordshire', '', NULL, NULL),
(3898, 230, 'Strabane', '', NULL, NULL),
(3899, 230, 'Suffolk', '', NULL, NULL),
(3900, 230, 'Surrey', '', NULL, NULL),
(3901, 230, 'Sussex', '', NULL, NULL),
(3902, 230, 'Twickenham', '', NULL, NULL),
(3903, 230, 'Tyne and Wear', '', NULL, NULL),
(3904, 230, 'Tyrone', '', NULL, NULL),
(3905, 230, 'Utah', '', NULL, NULL),
(3906, 230, 'Wales', '', NULL, NULL),
(3907, 230, 'Warwickshire', '', NULL, NULL),
(3908, 230, 'West Lothian', '', NULL, NULL),
(3909, 230, 'West Midlands', '', NULL, NULL),
(3910, 230, 'West Sussex', '', NULL, NULL),
(3911, 230, 'West Yorkshire', '', NULL, NULL),
(3912, 230, 'Whissendine', '', NULL, NULL),
(3913, 230, 'Wiltshire', '', NULL, NULL),
(3914, 230, 'Wokingham', '', NULL, NULL),
(3915, 230, 'Worcestershire', '', NULL, NULL),
(3916, 230, 'Wrexham', '', NULL, NULL),
(3917, 230, 'Wurttemberg', '', NULL, NULL),
(3918, 230, 'Yorkshire', '', NULL, NULL),
(3919, 231, 'Alabama', '', NULL, NULL),
(3920, 231, 'Alaska', '', NULL, NULL),
(3921, 231, 'Arizona', '', NULL, NULL),
(3922, 231, 'Arkansas', '', NULL, NULL),
(3923, 231, 'Byram', '', NULL, NULL),
(3924, 231, 'California', '', NULL, NULL),
(3925, 231, 'Cokato', '', NULL, NULL),
(3926, 231, 'Colorado', '', NULL, NULL),
(3927, 231, 'Connecticut', '', NULL, NULL),
(3928, 231, 'Delaware', '', NULL, NULL),
(3929, 231, 'District of Columbia', '', NULL, NULL),
(3930, 231, 'Florida', '', NULL, NULL),
(3931, 231, 'Georgia', '', NULL, NULL),
(3932, 231, 'Hawaii', '', NULL, NULL),
(3933, 231, 'Idaho', '', NULL, NULL),
(3934, 231, 'Illinois', '', NULL, NULL),
(3935, 231, 'Indiana', '', NULL, NULL),
(3936, 231, 'Iowa', '', NULL, NULL),
(3937, 231, 'Kansas', '', NULL, NULL),
(3938, 231, 'Kentucky', '', NULL, NULL),
(3939, 231, 'Louisiana', '', NULL, NULL),
(3940, 231, 'Lowa', '', NULL, NULL),
(3941, 231, 'Maine', '', NULL, NULL),
(3942, 231, 'Maryland', '', NULL, NULL),
(3943, 231, 'Massachusetts', '', NULL, NULL),
(3944, 231, 'Medfield', '', NULL, NULL),
(3945, 231, 'Michigan', '', NULL, NULL),
(3946, 231, 'Minnesota', '', NULL, NULL),
(3947, 231, 'Mississippi', '', NULL, NULL),
(3948, 231, 'Missouri', '', NULL, NULL),
(3949, 231, 'Montana', '', NULL, NULL),
(3950, 231, 'Nebraska', '', NULL, NULL),
(3951, 231, 'Nevada', '', NULL, NULL),
(3952, 231, 'New Hampshire', '', NULL, NULL),
(3953, 231, 'New Jersey', '', NULL, NULL),
(3954, 231, 'New Jersy', '', NULL, NULL),
(3955, 231, 'New Mexico', '', NULL, NULL),
(3956, 231, 'New York', '', NULL, NULL),
(3957, 231, 'North Carolina', '', NULL, NULL),
(3958, 231, 'North Dakota', '', NULL, NULL),
(3959, 231, 'Ohio', '', NULL, NULL),
(3960, 231, 'Oklahoma', '', NULL, NULL),
(3961, 231, 'Ontario', '', NULL, NULL),
(3962, 231, 'Oregon', '', NULL, NULL),
(3963, 231, 'Pennsylvania', '', NULL, NULL),
(3964, 231, 'Ramey', '', NULL, NULL),
(3965, 231, 'Rhode Island', '', NULL, NULL),
(3966, 231, 'South Carolina', '', NULL, NULL),
(3967, 231, 'South Dakota', '', NULL, NULL),
(3968, 231, 'Sublimity', '', NULL, NULL),
(3969, 231, 'Tennessee', '', NULL, NULL),
(3970, 231, 'Texas', '', NULL, NULL),
(3971, 231, 'Trimble', '', NULL, NULL),
(3972, 231, 'Utah', '', NULL, NULL),
(3973, 231, 'Vermont', '', NULL, NULL),
(3974, 231, 'Virginia', '', NULL, NULL),
(3975, 231, 'Washington', '', NULL, NULL),
(3976, 231, 'West Virginia', '', NULL, NULL),
(3977, 231, 'Wisconsin', '', NULL, NULL),
(3978, 231, 'Wyoming', '', NULL, NULL),
(3979, 232, 'United States Minor Outlying I', '', NULL, NULL),
(3980, 233, 'Artigas', '', NULL, NULL),
(3981, 233, 'Canelones', '', NULL, NULL),
(3982, 233, 'Cerro Largo', '', NULL, NULL),
(3983, 233, 'Colonia', '', NULL, NULL),
(3984, 233, 'Durazno', '', NULL, NULL),
(3985, 233, 'FLorida', '', NULL, NULL),
(3986, 233, 'Flores', '', NULL, NULL),
(3987, 233, 'Lavalleja', '', NULL, NULL),
(3988, 233, 'Maldonado', '', NULL, NULL),
(3989, 233, 'Montevideo', '', NULL, NULL),
(3990, 233, 'Paysandu', '', NULL, NULL),
(3991, 233, 'Rio Negro', '', NULL, NULL),
(3992, 233, 'Rivera', '', NULL, NULL),
(3993, 233, 'Rocha', '', NULL, NULL),
(3994, 233, 'Salto', '', NULL, NULL),
(3995, 233, 'San Jose', '', NULL, NULL),
(3996, 233, 'Soriano', '', NULL, NULL),
(3997, 233, 'Tacuarembo', '', NULL, NULL),
(3998, 233, 'Treinta y Tres', '', NULL, NULL),
(3999, 234, 'Andijon', '', NULL, NULL),
(4000, 234, 'Buhoro', '', NULL, NULL),
(4001, 234, 'Buxoro Viloyati', '', NULL, NULL),
(4002, 234, 'Cizah', '', NULL, NULL),
(4003, 234, 'Fargona', '', NULL, NULL),
(4004, 234, 'Horazm', '', NULL, NULL),
(4005, 234, 'Kaskadar', '', NULL, NULL),
(4006, 234, 'Korakalpogiston', '', NULL, NULL),
(4007, 234, 'Namangan', '', NULL, NULL),
(4008, 234, 'Navoi', '', NULL, NULL),
(4009, 234, 'Samarkand', '', NULL, NULL),
(4010, 234, 'Sirdare', '', NULL, NULL),
(4011, 234, 'Surhondar', '', NULL, NULL),
(4012, 234, 'Toskent', '', NULL, NULL),
(4013, 235, 'Malampa', '', NULL, NULL),
(4014, 235, 'Penama', '', NULL, NULL),
(4015, 235, 'Sanma', '', NULL, NULL),
(4016, 235, 'Shefa', '', NULL, NULL),
(4017, 235, 'Tafea', '', NULL, NULL),
(4018, 235, 'Torba', '', NULL, NULL),
(4019, 236, 'Vatican City State (Holy See)', '', NULL, NULL),
(4020, 237, 'Amazonas', '', NULL, NULL),
(4021, 237, 'Anzoategui', '', NULL, NULL),
(4022, 237, 'Apure', '', NULL, NULL),
(4023, 237, 'Aragua', '', NULL, NULL),
(4024, 237, 'Barinas', '', NULL, NULL),
(4025, 237, 'Bolivar', '', NULL, NULL),
(4026, 237, 'Carabobo', '', NULL, NULL),
(4027, 237, 'Cojedes', '', NULL, NULL),
(4028, 237, 'Delta Amacuro', '', NULL, NULL),
(4029, 237, 'Distrito Federal', '', NULL, NULL),
(4030, 237, 'Falcon', '', NULL, NULL),
(4031, 237, 'Guarico', '', NULL, NULL),
(4032, 237, 'Lara', '', NULL, NULL),
(4033, 237, 'Merida', '', NULL, NULL),
(4034, 237, 'Miranda', '', NULL, NULL),
(4035, 237, 'Monagas', '', NULL, NULL),
(4036, 237, 'Nueva Esparta', '', NULL, NULL),
(4037, 237, 'Portuguesa', '', NULL, NULL),
(4038, 237, 'Sucre', '', NULL, NULL),
(4039, 237, 'Tachira', '', NULL, NULL),
(4040, 237, 'Trujillo', '', NULL, NULL),
(4041, 237, 'Vargas', '', NULL, NULL),
(4042, 237, 'Yaracuy', '', NULL, NULL),
(4043, 237, 'Zulia', '', NULL, NULL),
(4044, 238, 'Bac Giang', '', NULL, NULL),
(4045, 238, 'Binh Dinh', '', NULL, NULL),
(4046, 238, 'Binh Duong', '', NULL, NULL),
(4047, 238, 'Da Nang', '', NULL, NULL),
(4048, 238, 'Dong Bang Song Cuu Long', '', NULL, NULL),
(4049, 238, 'Dong Bang Song Hong', '', NULL, NULL),
(4050, 238, 'Dong Nai', '', NULL, NULL),
(4051, 238, 'Dong Nam Bo', '', NULL, NULL),
(4052, 238, 'Duyen Hai Mien Trung', '', NULL, NULL),
(4053, 238, 'Hanoi', '', NULL, NULL),
(4054, 238, 'Hung Yen', '', NULL, NULL),
(4055, 238, 'Khu Bon Cu', '', NULL, NULL),
(4056, 238, 'Long An', '', NULL, NULL),
(4057, 238, 'Mien Nui Va Trung Du', '', NULL, NULL),
(4058, 238, 'Thai Nguyen', '', NULL, NULL),
(4059, 238, 'Thanh Pho Ho Chi Minh', '', NULL, NULL),
(4060, 238, 'Thu Do Ha Noi', '', NULL, NULL),
(4061, 238, 'Tinh Can Tho', '', NULL, NULL),
(4062, 238, 'Tinh Da Nang', '', NULL, NULL),
(4063, 238, 'Tinh Gia Lai', '', NULL, NULL),
(4064, 239, 'Anegada', '', NULL, NULL),
(4065, 239, 'Jost van Dyke', '', NULL, NULL),
(4066, 239, 'Tortola', '', NULL, NULL),
(4067, 240, 'Saint Croix', '', NULL, NULL),
(4068, 240, 'Saint John', '', NULL, NULL),
(4069, 240, 'Saint Thomas', '', NULL, NULL),
(4070, 241, 'Alo', '', NULL, NULL),
(4071, 241, 'Singave', '', NULL, NULL),
(4072, 241, 'Wallis', '', NULL, NULL),
(4073, 242, 'Bu Jaydur', '', NULL, NULL),
(4074, 242, 'Wad-adh-Dhahab', '', NULL, NULL),
(4075, 242, 'al-\'Ayun', '', NULL, NULL),
(4076, 242, 'as-Samarah', '', NULL, NULL),
(4077, 243, '\'Adan', '', NULL, NULL),
(4078, 243, 'Abyan', '', NULL, NULL),
(4079, 243, 'Dhamar', '', NULL, NULL),
(4080, 243, 'Hadramaut', '', NULL, NULL),
(4081, 243, 'Hajjah', '', NULL, NULL),
(4082, 243, 'Hudaydah', '', NULL, NULL),
(4083, 243, 'Ibb', '', NULL, NULL),
(4084, 243, 'Lahij', '', NULL, NULL),
(4085, 243, 'Ma\'rib', '', NULL, NULL),
(4086, 243, 'Madinat San\'a', '', NULL, NULL),
(4087, 243, 'Sa\'dah', '', NULL, NULL),
(4088, 243, 'Sana', '', NULL, NULL),
(4089, 243, 'Shabwah', '', NULL, NULL),
(4090, 243, 'Ta\'izz', '', NULL, NULL),
(4091, 243, 'al-Bayda', '', NULL, NULL),
(4092, 243, 'al-Hudaydah', '', NULL, NULL),
(4093, 243, 'al-Jawf', '', NULL, NULL),
(4094, 243, 'al-Mahrah', '', NULL, NULL),
(4095, 243, 'al-Mahwit', '', NULL, NULL),
(4096, 244, 'Central Serbia', '', NULL, NULL),
(4097, 244, 'Kosovo and Metohija', '', NULL, NULL),
(4098, 244, 'Montenegro', '', NULL, NULL),
(4099, 244, 'Republic of Serbia', '', NULL, NULL),
(4100, 244, 'Serbia', '', NULL, NULL),
(4101, 244, 'Vojvodina', '', NULL, NULL),
(4102, 245, 'Central', '', NULL, NULL),
(4103, 245, 'Copperbelt', '', NULL, NULL),
(4104, 245, 'Eastern', '', NULL, NULL),
(4105, 245, 'Luapala', '', NULL, NULL),
(4106, 245, 'Lusaka', '', NULL, NULL),
(4107, 245, 'North-Western', '', NULL, NULL),
(4108, 245, 'Northern', '', NULL, NULL),
(4109, 245, 'Southern', '', NULL, NULL),
(4110, 245, 'Western', '', NULL, NULL),
(4111, 246, 'Bulawayo', '', NULL, NULL),
(4112, 246, 'Harare', '', NULL, NULL),
(4113, 246, 'Manicaland', '', NULL, NULL),
(4114, 246, 'Mashonaland Central', '', NULL, NULL),
(4115, 246, 'Mashonaland East', '', NULL, NULL),
(4116, 246, 'Mashonaland West', '', NULL, NULL),
(4117, 246, 'Masvingo', '', NULL, NULL),
(4118, 246, 'Matabeleland North', '', NULL, NULL),
(4119, 246, 'Matabeleland South', '', NULL, NULL),
(4120, 246, 'Midlands', '', NULL, NULL);

-- --------------------------------------------------------

--
-- Table structure for table `request_diamonds`
--

CREATE TABLE `request_diamonds` (
  `id` int(11) NOT NULL,
  `user_id` int(10) UNSIGNED NOT NULL,
  `clarity_type_id` varchar(30) NOT NULL,
  `color_id` text NOT NULL,
  `intensity_id` varchar(30) DEFAULT NULL,
  `cut_type_id` varchar(30) NOT NULL,
  `shape_id` int(10) UNSIGNED NOT NULL,
  `florescence_type_id` varchar(30) NOT NULL,
  `certification_laboratory_id` varchar(30) NOT NULL,
  `origin` varchar(100) NOT NULL,
  `brand_id` varchar(30) NOT NULL,
  `carat_min` double NOT NULL,
  `carat_max` double NOT NULL,
  `status` enum('Active','Uncomplete','Pending','Archived') NOT NULL,
  `comments` text,
  `created_at` datetime DEFAULT CURRENT_TIMESTAMP,
  `updated_at` timestamp NOT NULL DEFAULT CURRENT_TIMESTAMP
) ENGINE=InnoDB DEFAULT CHARSET=latin1;

--
-- Dumping data for table `request_diamonds`
--

INSERT INTO `request_diamonds` (`id`, `user_id`, `clarity_type_id`, `color_id`, `intensity_id`, `cut_type_id`, `shape_id`, `florescence_type_id`, `certification_laboratory_id`, `origin`, `brand_id`, `carat_min`, `carat_max`, `status`, `comments`, `created_at`, `updated_at`) VALUES
(1, 38, '1,2', 'a:3:{s:10:\"color_id_1\";s:2:\"13\";s:10:\"color_id_2\";s:2:\"15\";s:10:\"color_id_3\";s:13:\"fancy_color_3\";}', '1,9', '1,2', 1, '1,2', '3,4,7', 'ALL-LUC-KAR', '1', 1, 2, 'Active', 'gjhkjjl', '2018-07-06 07:04:36', '2018-07-10 02:57:19'),
(2, 38, '1,7', 'a:3:{s:10:\"color_id_1\";s:2:\"17\";s:10:\"color_id_2\";s:2:\"14\";s:10:\"color_id_3\";s:2:\"16\";}', '1,6', '1,4', 1, '1,5', '3,4', 'BOT-LUC-KAR,CAN-MPV-GKA', '2,3', 12.2, 20, 'Uncomplete', 'test message !', '2018-07-06 08:55:01', '2018-07-10 01:57:59'),
(3, 38, '1,2', 'a:3:{s:10:\"color_id_1\";s:2:\"17\";s:10:\"color_id_2\";s:2:\"18\";s:10:\"color_id_3\";s:2:\"16\";}', '1,2', '1,2', 3, '1,2', '3,5', 'ALL-LUC-KAR', '2,4,6', 10, 20, 'Pending', 'test message!', '2018-07-06 08:55:13', '2018-07-06 03:25:13'),
(5, 38, '1,1', 'a:1:{s:8:\"color_id\";s:3:\"1,1\";}', NULL, '1,1', 1, '1,1', '1', 'ALL-LUC-KAR', '1', 100, 200, 'Archived', 'test!', '2018-07-06 09:32:27', '2018-07-09 22:35:57'),
(6, 38, '1,8', 'a:1:{s:8:\"color_id\";s:4:\"1,12\";}', NULL, '1,4', 10, '1,5', '7', 'BRAZ-BRA-BRA', '6', 123, 789, 'Active', 'test', '2018-07-06 10:08:08', '2018-07-09 22:34:32'),
(7, 38, '1,8', 'a:1:{s:8:\"color_id\";s:4:\"1,12\";}', NULL, '1,4', 9, '1,5', '3', 'CAN-LUC-KAR', '1', 5, 6, 'Archived', 'abc', '2018-07-06 11:12:46', '2018-07-09 06:39:43'),
(9, 38, '1,8', 'a:1:{s:8:\"color_id\";s:4:\"1,12\";}', NULL, '1,4', 1, '1,5', '1,2,3', 'ALL-LUC-KAR,BOT-MPV-GKA,CAN-SWY-REN', '1,2,3', 1, 2, 'Archived', 'hfghgh gfhfg hfgh\r\nfghgh g ghg\r\nghgh gh gfhfgh \r\nghghghgh ghgh\r\nghgh ghgh\r\nhfghgh gfhfg hfgh\r\nfghgh g ghg\r\nghgh gh gfhfgh \r\nghghghgh ghgh\r\nghgh ghgh\r\nhfghgh gfhfg hfgh\r\nfghgh g ghg\r\nghgh gh gfhfgh \r\nghghghgh ghgh\r\nghgh ghgh\r\nhfghgh gfhfg hfgh\r\nfghgh g ghg\r\nghgh gh gfhfgh \r\nghghghgh ghgh\r\nghgh ghghhfghgh gfhfg hfgh\r\nfghgh g ghg\r\nghgh gh gfhfgh \r\nghghghgh ghgh\r\nghgh ghgh\r\nhfghgh gfhfg hfgh\r\nfghgh g ghg\r\nghgh gh gfhfgh \r\nghghghgh ghgh\r\nghgh ghgh', '2018-07-06 11:33:31', '2018-07-06 07:19:27'),
(11, 38, '2,6', 'a:1:{s:8:\"color_id\";s:3:\"2,9\";}', NULL, '2,4', 4, '2,5', '4', 'CAN-MPV-REN,LES-SWY-KAO', '3', 1, 15, 'Active', 'test', '2018-07-10 08:37:46', '2018-07-10 03:07:57'),
(12, 38, '1,2', 'a:1:{s:8:\"color_id\";s:3:\"1,2\";}', NULL, '1,2', 2, '1,2', '2', 'ALL-LUC-KAR', '4', 1, 2, 'Active', 'test', '2018-07-12 05:41:00', '2018-07-12 06:53:02'),
(13, 38, '1,8', 'a:3:{s:10:\"color_id_1\";s:2:\"18\";s:10:\"color_id_2\";s:2:\"15\";s:10:\"color_id_3\";s:2:\"19\";}', '1,2', '1,4', 10, '1,5', '4', 'LES-SWY-KAO', '4', 10, 20, 'Uncomplete', 'test comment', '2018-07-12 06:49:15', '2018-07-12 06:49:15'),
(14, 38, '1,6', 'a:1:{s:8:\"color_id\";s:3:\"1,5\";}', NULL, '2,3', 6, '2,3', '3', 'CAN-LUC-BRA', '2', 1, 2, 'Archived', NULL, '2018-07-12 06:54:07', '2018-07-12 08:38:03'),
(16, 38, '1,2', 'a:1:{s:8:\"color_id\";s:3:\"1,2\";}', NULL, '1,2', 9, '1,2', '5', 'ALL-MPV-KAR', '1', 1, 2, 'Archived', '<p>Feugiat cras ullamco veritatis cubilia fusce tenetur quod sociosqu do cubilia ex primis? Exercitation pede, facilisis. Soluta pulvinar, risus in, voluptatum nulla, nesciunt mollit, excepturi repellendus! Culpa pretium, curae dolores quibusdam nonummy! Aptent? Justo! Atque nullam, soluta placerat libero? Voluptas dictumst architecto atque fames. Class, corporis quasi taciti purus magna dolorum, quisquam tenetur pretium laboris venenatis? Soluta distinctio ex minim, ullamco mollit quo, suspendisse cupidatat error delectus massa qui lacus mollit sollicitudin sociis. Mus elit ex. Adipisci? Ac eiusmod blanditiis? Nihil itaque excepturi explicabo. Habitasse nonummy elementum officiis debitis debitis? Tempor pharetra natoque ipsam irure numquam curae fugit auctor! Quibusdam.</p>\r\n\r\n<p>Vitae dicta assumenda tortor, repudiandae convallis fringilla sit, arcu quasi natoque nunc doloribus dictum natoque nonummy, praesent, provident tincidunt nam! Cumque accumsan tempor consectetur metus quos per sunt? Quos provident facere, laborum vero curabitur. Eleifend wisi! Etiam turpis reiciendis iste. Eveniet! Wisi error ab illum? Dolorem at facilisi! Similique litora ea pellentesque ante quam, dicta perspiciatis dicta blanditiis autem ratione nesciunt consectetur nulla orci, phasellus fringilla. Ratione mi similique iaculis erat unde incididunt est magnam. Mauris vulputate ipsum cursus lectus porta doloribus tempora fugit! Consequuntur, condimentum ligula massa facilisis aut, consequatur ipsam commodo, perspiciatis eros quo! Voluptatem, per excepteur tincidunt.</p>\r\n\r\n<p>Labore velit laboris curabitur cras! Reiciendis voluptas, platea vulputate arcu! Nemo voluptas delectus venenatis interdum ligula integer nesciunt wisi mollis! Cum condimentum totam alias, vehicula! Suspendisse placerat? Cras veritatis taciti, vel ac! Fames nihil eget wisi, hymenaeos ultricies gravida cubilia labore iure magna donec reprehenderit quo quos veniam. Ea nulla. Officia porta, eu, erat, ultrices venenatis, culpa facilisis deleniti excepturi quaerat nostrum semper litora molestie eiusmod, sed ut, quaerat nemo platea aperiam? Similique diamlorem curae quisquam consequuntur vulputate cum natus magna, elementum provident adipisicing, faucibus? Augue numquam aenean! Commodo nulla voluptatum taciti, nullam tristique senectus, voluptatibus? Placerat at! Nemo voluptatum.</p>', '2018-07-12 08:56:27', '2018-07-12 10:49:36'),
(18, 38, '2,3', 'a:1:{s:8:\"color_id\";s:3:\"2,5\";}', NULL, '2,4', 1, '2,4', '1', 'BOT-LUC-KAR', '1', 10, 2, 'Active', 'hjhjgjgh', '2018-07-12 10:08:41', '2018-07-12 10:09:04'),
(21, 38, '1,7', 'a:3:{s:10:\"color_id_1\";s:2:\"13\";s:10:\"color_id_2\";s:2:\"14\";s:10:\"color_id_3\";s:2:\"17\";}', '1,2', '1,4', 9, '1,4', '3,4', 'BOT-MPV-GKA,CAN-SWY-REN', '2,3', 10, 14, 'Archived', 'test request', '2018-07-14 04:39:07', '2018-07-14 04:39:36');

-- --------------------------------------------------------

--
-- Table structure for table `roles`
--

CREATE TABLE `roles` (
  `id` int(10) UNSIGNED NOT NULL,
  `name` varchar(191) COLLATE utf8mb4_unicode_ci NOT NULL,
  `slug` varchar(191) COLLATE utf8mb4_unicode_ci NOT NULL,
  `description` text COLLATE utf8mb4_unicode_ci,
  `created_at` timestamp NULL DEFAULT NULL,
  `updated_at` timestamp NULL DEFAULT NULL,
  `special` enum('all-access','no-access') COLLATE utf8mb4_unicode_ci DEFAULT NULL
) ENGINE=InnoDB DEFAULT CHARSET=utf8mb4 COLLATE=utf8mb4_unicode_ci;

--
-- Dumping data for table `roles`
--

INSERT INTO `roles` (`id`, `name`, `slug`, `description`, `created_at`, `updated_at`, `special`) VALUES
(1, 'Developer', 'dev', 'App Developer Access Level. Have the same access as Super administrator but also adds access to debugging and statistics.', NULL, NULL, NULL),
(2, 'Super Administrator', 'superadmin', 'Super Administrator Access Level, have access to all components of the app', NULL, NULL, NULL),
(3, 'Administrator', 'admin', 'System Administrator Access Level.', NULL, NULL, NULL),
(4, 'Buyer', 'buyer', 'Diamond Buyer Accounts.', NULL, NULL, NULL),
(5, 'Seller', 'seller', 'Diamond Seller Account.', NULL, NULL, NULL),
(6, 'Buyer And Seller', 'buyer and seller', 'Diamond Buyer & Seller Account.', NULL, NULL, NULL);

-- --------------------------------------------------------

--
-- Table structure for table `role_user`
--

CREATE TABLE `role_user` (
  `id` int(10) UNSIGNED NOT NULL,
  `role_id` int(10) UNSIGNED NOT NULL,
  `user_id` int(10) UNSIGNED NOT NULL,
  `created_at` timestamp NULL DEFAULT NULL,
  `updated_at` timestamp NULL DEFAULT NULL
) ENGINE=InnoDB DEFAULT CHARSET=utf8mb4 COLLATE=utf8mb4_unicode_ci;

--
-- Dumping data for table `role_user`
--

INSERT INTO `role_user` (`id`, `role_id`, `user_id`, `created_at`, `updated_at`) VALUES
(36, 4, 38, NULL, NULL),
(37, 5, 39, NULL, NULL),
(38, 6, 40, NULL, NULL),
(39, 4, 41, NULL, NULL),
(40, 5, 42, NULL, NULL),
(41, 5, 43, NULL, NULL),
(42, 4, 44, NULL, NULL),
(43, 4, 45, NULL, NULL),
(44, 5, 46, NULL, NULL),
(45, 6, 47, NULL, NULL),
(47, 5, 49, NULL, NULL),
(50, 4, 52, NULL, NULL),
(51, 4, 53, NULL, NULL),
(52, 6, 54, NULL, NULL),
(53, 6, 55, NULL, NULL),
(54, 6, 56, NULL, NULL);

-- --------------------------------------------------------

--
-- Table structure for table `sessions`
--

CREATE TABLE `sessions` (
  `id` int(10) UNSIGNED NOT NULL,
  `user_id` int(10) UNSIGNED DEFAULT NULL,
  `ip_address` varchar(45) COLLATE utf8mb4_unicode_ci DEFAULT NULL,
  `user_agent` text COLLATE utf8mb4_unicode_ci,
  `payload` text COLLATE utf8mb4_unicode_ci NOT NULL,
  `last_activity` int(11) NOT NULL
) ENGINE=InnoDB DEFAULT CHARSET=utf8mb4 COLLATE=utf8mb4_unicode_ci;

-- --------------------------------------------------------

--
-- Table structure for table `shapes`
--

CREATE TABLE `shapes` (
  `id` int(10) UNSIGNED NOT NULL,
  `label` varchar(191) COLLATE utf8mb4_unicode_ci NOT NULL,
  `is_fancy` tinyint(4) NOT NULL DEFAULT '0',
  `img` text COLLATE utf8mb4_unicode_ci NOT NULL,
  `deleted_at` timestamp NULL DEFAULT NULL
) ENGINE=InnoDB DEFAULT CHARSET=utf8mb4 COLLATE=utf8mb4_unicode_ci;

--
-- Dumping data for table `shapes`
--

INSERT INTO `shapes` (`id`, `label`, `is_fancy`, `img`, `deleted_at`) VALUES
(1, 'Princess', 1, 'diamond-princess-on.png', '2017-05-17 05:24:09'),
(2, 'Emerald', 1, 'diamond-emerald-off.png', '2017-05-17 05:24:09'),
(3, 'Asscher', 1, 'diamond-asscher-off.png', '2017-05-17 05:24:09'),
(4, 'Cushion', 1, 'diamond-cushion-off.png', '2017-05-17 05:24:09'),
(5, 'Radiant', 1, 'diamond-radiant-off.png', '2017-05-17 05:24:09'),
(6, 'Oval', 1, 'diamond-oval-off.png', '2017-05-17 05:24:09'),
(7, 'Pear', 1, 'diamond-pear-off.png', '2017-05-17 05:24:09'),
(8, 'Marquise', 1, 'diamond-marquise-off.png', '2017-05-17 05:24:09'),
(9, 'Heart', 1, 'diamond-heart-off.png', '2017-05-17 05:24:09'),
(10, 'Round', 0, 'diamond-round-off.png', '2017-05-17 05:24:09');

-- --------------------------------------------------------

--
-- Table structure for table `site_content`
--

CREATE TABLE `site_content` (
  `id` int(11) NOT NULL,
  `page_type` varchar(30) NOT NULL,
  `block_content` text,
  `block_img` text,
  `created_at` datetime NOT NULL,
  `updated_at` datetime DEFAULT CURRENT_TIMESTAMP
) ENGINE=InnoDB DEFAULT CHARSET=latin1;

--
-- Dumping data for table `site_content`
--

INSERT INTO `site_content` (`id`, `page_type`, `block_content`, `block_img`, `created_at`, `updated_at`) VALUES
(6, 'about-us', '<div class=\"container\">\r\n<section>\r\n<div class=\"row\">\r\n<div class=\"col-lg-6 col-md-6 col-xs-12\">\r\n<div class=\"content-text\">\r\n<h2 class=\"title text-sm-left text-capitalize\">Lorem ipsum</h2>\r\n<p>Lorem ipsum dolor sit amet, consectetur adipiscing elit. Donec pellentesque massa vitae semper facilisis. Class aptent taciti sociosqu ad litora torquent per conubia nostra, per inceptos himenaeos. Fusce venenatis porta sagittis, quisque nec rhoncus enim,</p>\r\n<ul>\r\n<li>Lorem ipsum dolor sit amet</li>\r\n<li>Consectetur adipiscing elit</li>\r\n<li>Pellentesque vel elementum enim</li>\r\n<li>Nam et est condimentum sollicitudin</li>\r\n</ul>\r\n</div>\r\n</div>\r\n<div class=\"col-lg-6 col-md-6 col-xs-12 text-sm-center\">\r\n<div class=\"content-img\">\r\n<figure><img title=\"About Us\" src=\"../../images/about-img-1.jpg\" alt=\"About Us\" /></figure>\r\n</div>\r\n</div>\r\n</div>\r\n</section>\r\n<section>\r\n<div class=\"row\">\r\n<div class=\"col-lg-6 col-md-6 col-xs-12 text-sm-center\">\r\n<div class=\"content-img\">\r\n<figure><img title=\"About Us\" src=\"../../images/about-img-2.jpg\" alt=\"About Us\" /></figure>\r\n</div>\r\n</div>\r\n<div class=\"col-lg-6 col-md-6 col-xs-12\">\r\n<div class=\"content-text\">\r\n<h2 class=\"title text-sm-left text-capitalize\">Lorem ipsum</h2>\r\n<p>Lorem ipsum dolor sit amet, consectetur adipiscing elit. Donec pellentesque massa vitae semper facilisis. Class aptent taciti sociosqu ad litora torquent per conubia nostra, per inceptos himenaeos. Fusce venenatis porta sagittis, quisque nec rhoncus enim,</p>\r\n<ul>\r\n<li>Lorem ipsum dolor sit amet</li>\r\n<li>Consectetur adipiscing elit</li>\r\n<li>Pellentesque vel elementum enim</li>\r\n<li>Nam et est condimentum sollicitudin</li>\r\n</ul>\r\n</div>\r\n</div>\r\n</div>\r\n</section>\r\n<section>\r\n<div class=\"row\">\r\n<div class=\"col-lg-6 col-md-6 col-xs-12\">\r\n<div class=\"content-text\">\r\n<h2 class=\"title text-sm-left text-capitalize\">Lorem ipsum</h2>\r\n<p>Lorem ipsum dolor sit amet, consectetur adipiscing elit. Donec pellentesque massa vitae semper facilisis. Class aptent taciti sociosqu ad litora torquent per conubia nostra, per inceptos himenaeos. Fusce venenatis porta sagittis, quisque nec rhoncus enim,</p>\r\n<ul>\r\n<li>Lorem ipsum dolor sit amet</li>\r\n<li>Consectetur adipiscing elit</li>\r\n<li>Pellentesque vel elementum enim</li>\r\n<li>Nam et est condimentum sollicitudin</li>\r\n</ul>\r\n</div>\r\n</div>\r\n<div class=\"col-lg-6 col-md-6 col-xs-12 text-sm-center\">\r\n<div class=\"content-img\">\r\n<figure><img title=\"About Us\" src=\"../../images/img-about-us-03.jpg\" alt=\"About Us\" /></figure>\r\n</div>\r\n</div>\r\n</div>\r\n</section>\r\n</div>', '/images/pages_img/1532404019publichome.jpg', '2018-07-23 12:04:00', '2018-07-23 12:04:00'),
(7, 'traceability', '<div class=\"container\">\r\n<section>\r\n<div class=\"row\">\r\n<div class=\"col-lg-6 col-md-6 col-xs-12\">\r\n<div class=\"content-text\">\r\n<h2 class=\"title text-sm-left text-capitalize\">Lorem ipsum</h2>\r\n<p>Lorem ipsum dolor sit amet, consectetur adipiscing elit. Donec pellentesque massa vitae semper facilisis. Class aptent taciti sociosqu ad litora torquent per conubia nostra, per inceptos himenaeos. Fusce venenatis porta sagittis, quisque nec rhoncus enim,</p>\r\n<ul>\r\n<li>Lorem ipsum dolor sit amet</li>\r\n<li>Consectetur adipiscing elit</li>\r\n<li>Pellentesque vel elementum enim</li>\r\n<li>Nam et est condimentum sollicitudin</li>\r\n</ul>\r\n</div>\r\n</div>\r\n<div class=\"col-lg-6 col-md-6 col-xs-12 text-sm-center\">\r\n<div class=\"content-img\">\r\n<figure><img title=\"Traceability Programs\" src=\"../../images/img-traceability-1.png\" alt=\"Traceability Programs\" /></figure>\r\n</div>\r\n</div>\r\n</div>\r\n</section>\r\n<section>\r\n<div class=\"row\">\r\n<div class=\"col-lg-6 col-md-6 col-xs-12 text-sm-center\">\r\n<div class=\"content-img\">\r\n<figure><img title=\"Traceability Programs\" src=\"../../images/img-traceability-2.png\" alt=\"Traceability Programs\" /></figure>\r\n</div>\r\n</div>\r\n<div class=\"col-lg-6 col-md-6 col-xs-12\">\r\n<div class=\"content-text\">\r\n<h2 class=\"title text-sm-left text-capitalize\">Lorem ipsum</h2>\r\n<p>Lorem ipsum dolor sit amet, consectetur adipiscing elit. Donec pellentesque massa vitae semper facilisis. Class aptent taciti sociosqu ad litora torquent per conubia nostra, per inceptos himenaeos. Fusce venenatis porta sagittis, quisque nec rhoncus enim,</p>\r\n<ul>\r\n<li>Lorem ipsum dolor sit amet</li>\r\n<li>Consectetur adipiscing elit</li>\r\n<li>Pellentesque vel elementum enim</li>\r\n<li>Nam et est condimentum sollicitudin</li>\r\n</ul>\r\n</div>\r\n</div>\r\n</div>\r\n</section>\r\n<section>\r\n<div class=\"row\">\r\n<div class=\"col-lg-6 col-md-6 col-xs-12\">\r\n<div class=\"content-text\">\r\n<h2 class=\"title text-sm-left text-capitalize\">Lorem ipsum</h2>\r\n<p>Lorem ipsum dolor sit amet, consectetur adipiscing elit. Donec pellentesque massa vitae semper facilisis. Class aptent taciti sociosqu ad litora torquent per conubia nostra, per inceptos himenaeos. Fusce venenatis porta sagittis, quisque nec rhoncus enim,</p>\r\n<ul>\r\n<li>Lorem ipsum dolor sit amet</li>\r\n<li>Consectetur adipiscing elit</li>\r\n<li>Pellentesque vel elementum enim</li>\r\n<li>Nam et est condimentum sollicitudin</li>\r\n</ul>\r\n</div>\r\n</div>\r\n<div class=\"col-lg-6 col-md-6 col-xs-12 text-sm-center\">\r\n<div class=\"content-img\">\r\n<figure><img title=\"Traceability Programs\" src=\"../../images/img-traceability-3.png\" alt=\"Traceability Programs\" /></figure>\r\n</div>\r\n</div>\r\n</div>\r\n</section>\r\n</div>', '/images/pages_img/1532405043publichome.png', '2018-07-23 12:14:53', '2018-07-23 12:14:53');

-- --------------------------------------------------------

--
-- Table structure for table `symmetry_types`
--

CREATE TABLE `symmetry_types` (
  `id` int(10) UNSIGNED NOT NULL,
  `label` text COLLATE utf8mb4_unicode_ci NOT NULL,
  `deleted_at` timestamp NULL DEFAULT NULL,
  `created_at` timestamp NULL DEFAULT NULL,
  `updated_at` timestamp NULL DEFAULT NULL
) ENGINE=InnoDB DEFAULT CHARSET=utf8mb4 COLLATE=utf8mb4_unicode_ci;

--
-- Dumping data for table `symmetry_types`
--

INSERT INTO `symmetry_types` (`id`, `label`, `deleted_at`, `created_at`, `updated_at`) VALUES
(1, 'Excellent', '2017-05-18 07:02:22', NULL, NULL),
(2, 'Very Good', '2017-05-18 07:02:23', NULL, NULL),
(3, 'Good', '2017-05-18 07:02:24', NULL, NULL),
(4, 'Fair', '2017-05-18 07:02:25', NULL, NULL),
(5, 'Poor', '2017-05-18 07:02:26', NULL, NULL);

-- --------------------------------------------------------

--
-- Table structure for table `temp_diamonds`
--

CREATE TABLE `temp_diamonds` (
  `id` int(10) UNSIGNED NOT NULL,
  `user_id` int(11) NOT NULL,
  `gridle_type_id` int(11) NOT NULL,
  `culet_type_id` int(11) NOT NULL,
  `polish_type_id` int(11) NOT NULL,
  `symmetry_type_id` int(11) NOT NULL,
  `clarity_type_id` int(11) NOT NULL,
  `color_id` int(11) NOT NULL COMMENT '	sync data',
  `intensity_id` int(11) DEFAULT NULL COMMENT 'if fancy color selected',
  `cut_type_id` int(11) NOT NULL,
  `shape_id` int(11) NOT NULL,
  `florescence_type_id` int(11) NOT NULL,
  `certification_laboratory_id` int(11) DEFAULT NULL,
  `certification_number` text COLLATE utf8mb4_unicode_ci,
  `origin` text COLLATE utf8mb4_unicode_ci NOT NULL,
  `brand` text COLLATE utf8mb4_unicode_ci NOT NULL,
  `diamond_certi_file` text COLLATE utf8mb4_unicode_ci,
  `carat` double NOT NULL,
  `measurements` text COLLATE utf8mb4_unicode_ci,
  `ratio` text COLLATE utf8mb4_unicode_ci,
  `depth` text COLLATE utf8mb4_unicode_ci,
  `created_at` timestamp NULL DEFAULT NULL,
  `updated_at` timestamp NULL DEFAULT NULL
) ENGINE=InnoDB DEFAULT CHARSET=utf8mb4 COLLATE=utf8mb4_unicode_ci;

-- --------------------------------------------------------

--
-- Table structure for table `uploads`
--

CREATE TABLE `uploads` (
  `id` int(10) UNSIGNED NOT NULL,
  `path` varchar(191) COLLATE utf8mb4_unicode_ci NOT NULL,
  `filename` varchar(191) COLLATE utf8mb4_unicode_ci NOT NULL,
  `mime_type` varchar(191) COLLATE utf8mb4_unicode_ci NOT NULL,
  `created_at` timestamp NULL DEFAULT NULL,
  `updated_at` timestamp NULL DEFAULT NULL,
  `deleted_at` timestamp NULL DEFAULT NULL
) ENGINE=InnoDB DEFAULT CHARSET=utf8mb4 COLLATE=utf8mb4_unicode_ci;

-- --------------------------------------------------------

--
-- Table structure for table `upload_relations`
--

CREATE TABLE `upload_relations` (
  `id` int(10) UNSIGNED NOT NULL,
  `user_id` int(10) UNSIGNED NOT NULL,
  `upload_id` int(10) UNSIGNED NOT NULL,
  `created_at` timestamp NULL DEFAULT NULL,
  `updated_at` timestamp NULL DEFAULT NULL,
  `deleted_at` timestamp NULL DEFAULT NULL,
  `options` text COLLATE utf8mb4_unicode_ci,
  `model` varchar(191) COLLATE utf8mb4_unicode_ci DEFAULT NULL,
  `model_id` int(10) UNSIGNED DEFAULT NULL
) ENGINE=InnoDB DEFAULT CHARSET=utf8mb4 COLLATE=utf8mb4_unicode_ci;

-- --------------------------------------------------------

--
-- Table structure for table `users`
--

CREATE TABLE `users` (
  `id` int(10) UNSIGNED NOT NULL,
  `first_name` varchar(255) COLLATE utf8mb4_unicode_ci NOT NULL,
  `last_name` varchar(255) COLLATE utf8mb4_unicode_ci NOT NULL,
  `position` varchar(100) COLLATE utf8mb4_unicode_ci DEFAULT NULL,
  `username` varchar(255) COLLATE utf8mb4_unicode_ci NOT NULL,
  `email` varchar(191) COLLATE utf8mb4_unicode_ci NOT NULL,
  `password` varchar(191) COLLATE utf8mb4_unicode_ci NOT NULL,
  `remember_token` varchar(100) COLLATE utf8mb4_unicode_ci DEFAULT NULL,
  `status` enum('Active','Suspend','Uncomplete') COLLATE utf8mb4_unicode_ci NOT NULL,
  `created_at` timestamp NULL DEFAULT NULL,
  `updated_at` timestamp NULL DEFAULT NULL
) ENGINE=InnoDB DEFAULT CHARSET=utf8mb4 COLLATE=utf8mb4_unicode_ci;

--
-- Dumping data for table `users`
--

INSERT INTO `users` (`id`, `first_name`, `last_name`, `position`, `username`, `email`, `password`, `remember_token`, `status`, `created_at`, `updated_at`) VALUES
(38, 'Mike', 'Smith', 'developer', 'buyeruser', 'devdyna@gmail.com', '$2y$10$hx/.I2Ei49EnU7wwz.g4TuWekQ7EvvzB5GzehzXavN9rZY2ToSZQS', 'qCUVoByvAPbj5aGhWKv6HB4Gjy3242ZLf7xbKX1zs93N5KoVzAismG8jNDYG', 'Active', '2018-06-22 04:50:52', '2018-07-27 09:14:26'),
(39, 'John', 'Smith', 'develoepr', 'selleruser', 'sureshprajapati235@yahoo.com', '$2y$10$Vo6HO1hWuTulpBHlEV5fAuzBcOoF/8Ik6IBkA68dBUwYr4.kfzlY6', 'IwIQhrWBf8WR0WYuOos8CiuPQdOeZUo41VPSvOn24hvatsyaDFw25y2Bm89I', 'Active', '2018-06-22 04:52:01', '2018-07-27 09:14:40'),
(40, 'suresh', 'patel', 'developer', 'test1@gmail.com', 'suresh@dd.com', '$2y$10$nNrk3/moywLlZ/LHLspHtOzlnx7f0cn.BGxVs2U8qDD8DLRwOGLY.', 'XzIH67Cvs9urKh9TYidn4mNtmGqleHuQoRQvd6Kl2vA8f9aeJflqgmwcneKj', 'Active', '2018-06-22 04:54:33', '2018-07-20 10:24:37'),
(41, 'buyer', 'buyer', 'develoepr', 'buyer', 'buyer@gmail.com', '$2y$10$Vvm68SVCTsi.VXac9ECqP.VSIduklXNzUxN3IwYq3LDOiV582wio.', 'gQp9NpxpyiaTwLCpYhCsjTGxUvzrHv0ZP5wAL98gvsVPlJJo3qDI5f4SuDAL', 'Active', '2018-06-25 00:37:33', '2018-07-20 10:24:43'),
(42, 'seller', 'seller', 'developer', 'seller', 'seller@gmail.com', '$2y$10$2i35nsU6RDLhxlO3UkaXMe.YULlFra.cq3oKrDZ1gYTcs1RvstCz6', '49vu0JqjPqiZLRktICaI5cj0D7XlrbiGZi9AeZCOka7PbhydrBKkSvqLow1q', 'Active', '2018-06-25 00:37:33', '2018-06-25 00:37:33'),
(43, 'test', 'qa', 'CEO', 'test', 'ddchitrang@gmail.com', '$2y$10$fKYilfUsdaJj0Fzi6idJTOHRSLhM6j1vGrf2ayBgYhPG3.sI7lQaK', 'NjzhOyYMb6yaS7eRJPcQ0E0hQNFI3oVdGmfGQD04cTBxPgetTA4r6nuixRQ1', 'Active', '2018-06-29 23:36:45', '2018-07-02 04:21:10'),
(44, 'tester1', 'tester', NULL, 'testb', 'abcd@gmail.com', '$2y$10$w3wp7pHpZecWttX8yhOaAeQhqkgmCBM/ngFMuXZOKqMnzuzrI46HC', NULL, 'Active', '2018-06-30 00:16:29', '2018-06-30 00:16:29'),
(45, 'test_buyer', 'qa', NULL, 'test_buyer', 'test@gmail.com', '$2y$10$g7EMjXuPRIvVR5bXOr8rt.13Nir9RCRCEVvfhz1AXHB2fwTupV7Im', 'ZyCDUNgz7VR7hKXXwHBCh1M0fHsuyhpL5NAsGCGJJyFWnsVXwrHvOgxa6jQ4', 'Active', '2018-07-02 04:57:04', '2018-07-25 04:05:40'),
(46, 'tester1', 'tester', 'DD2', 'test_seller', 'abc@gmail.com', '$2y$10$RsWJ.6hA/5d0PMM2DnZElu85Hdohgjk0hDm.KMAbQIcXuzZYnxZWq', '2ymBo0mOY6MxUfVdOL3SQ7Tw4oGUvft6UpxjmhVSgql51GdfeQPYlVCylD6h', 'Active', '2018-07-02 05:22:49', '2018-07-25 04:39:10'),
(47, 'test', 'qa', NULL, 'test_bs', 'testbs@gmail.com', '$2y$10$D./ywDx7xof9qBVytuDPmuPdA9hlvOi5LY3WBKoZ7eZdBirFQoJiG', 'Ml6Owo7BDCBFkfFCTbI1dEYkFWBcg1qcQNvCjWaL1LCnuEHMWs5K3hXnU4vx', 'Active', '2018-07-02 05:27:02', '2018-07-02 05:27:02'),
(49, 'Melissa', 'Reis', 'Seller', 'designshopp', 'melissa@designshopp.com', '$2y$10$kRGVBy/dfkkQQvtcHFpSWep3LiQlnLoRGTsujghWXLXSqFB4XzFbO', '2wX87D4VU3D6PkRVpH3UoOG9WBvjaictPBc18J1BwRlugoVLrycBeSBJic5j', 'Active', '2018-07-10 04:43:57', '2018-07-10 04:43:57'),
(52, 'Thomas', 'jam', 'designer', 'mebuyer', 'thomas@dd.com', '$2y$10$rVQKvztVnqQhPKeoFKiRI.ABifngUJ8mYwjJQtzzVtXCimZTNU81q', 'AO6YsRzUsXjk2O8AYPjFKURerv40mDZEwMEM7futQFqkdl7cco6sANqtHStq', 'Active', '2018-07-13 09:44:24', '2018-07-13 09:44:24'),
(53, 'Melissa Buyer2', 'Reis', 'Buyer', 'designshoppbuyer2', 'melissa+buyer2@designshopp.com', '$2y$10$D6qmjzX6eoLhreX2T/PfWeqBtbwD6AibxLXhIwOUWOgJ9.uY24vwa', NULL, 'Active', '2018-07-13 10:41:14', '2018-07-13 10:41:14'),
(54, 'Melissa Buyer3', 'Reis', 'Buyer 3', 'designshoppbuyer3', 'melissa+buyer3@designshopp.com', '$2y$10$zpEOZ7hYWRoEdI7835vl0OmLw0fO3qo5mZyIb0S7iwhfzxY1GhZLy', NULL, 'Active', '2018-07-13 10:47:05', '2018-07-13 10:47:05'),
(55, 'Testing Name', 'Testing last Name', 'Testing buyer', 'usertest', 'melissa+test@designshopp.com', '$2y$10$D9OlUbrXVcAeCyh9SIjvfOILy9SvmXOuhbBCAavlCa.SRlEKbR7hi', 'a0XBPw60zDhjVtYxHPTdYRySi9UAvJXg4kdEPCmFj911ZqKnywttHen5oRaa', 'Active', '2018-07-13 13:19:15', '2018-07-13 13:19:15'),
(56, 'Sarita Test', 'Reis', 'Buyer', 'saritatest', 'melissa+sarita@designshopp.com', '$2y$10$GBiGfoFUingUq11TuLLyCO9xb9BneqRO27Hi.FJMVuXCGhTLoBdrq', 'prKayHafPsDSmhhAANClc1GEEqGemsBArbeqKPBE1FswymPSWmzLPnaG7MNc', 'Active', '2018-07-13 13:39:45', '2018-07-13 13:39:45');

--
-- Indexes for dumped tables
--

--
-- Indexes for table `admin`
--
ALTER TABLE `admin`
  ADD PRIMARY KEY (`id`);

--
-- Indexes for table `brands`
--
ALTER TABLE `brands`
  ADD PRIMARY KEY (`id`);

--
-- Indexes for table `certification_laboratories`
--
ALTER TABLE `certification_laboratories`
  ADD PRIMARY KEY (`id`),
  ADD UNIQUE KEY `certification_laboratories_id_unique` (`id`);

--
-- Indexes for table `clarity_types`
--
ALTER TABLE `clarity_types`
  ADD PRIMARY KEY (`id`),
  ADD UNIQUE KEY `clarity_types_id_unique` (`id`);

--
-- Indexes for table `colors`
--
ALTER TABLE `colors`
  ADD PRIMARY KEY (`id`),
  ADD UNIQUE KEY `colors_id_unique` (`id`);

--
-- Indexes for table `company_type`
--
ALTER TABLE `company_type`
  ADD PRIMARY KEY (`id`);

--
-- Indexes for table `contact_us`
--
ALTER TABLE `contact_us`
  ADD PRIMARY KEY (`id`),
  ADD UNIQUE KEY `email` (`email`);

--
-- Indexes for table `countries`
--
ALTER TABLE `countries`
  ADD PRIMARY KEY (`id`);

--
-- Indexes for table `countries_bk`
--
ALTER TABLE `countries_bk`
  ADD PRIMARY KEY (`id`);

--
-- Indexes for table `culet_types`
--
ALTER TABLE `culet_types`
  ADD PRIMARY KEY (`id`),
  ADD UNIQUE KEY `culet_types_id_unique` (`id`);

--
-- Indexes for table `cut_types`
--
ALTER TABLE `cut_types`
  ADD PRIMARY KEY (`id`),
  ADD UNIQUE KEY `cut_types_id_unique` (`id`);

--
-- Indexes for table `diamonds`
--
ALTER TABLE `diamonds`
  ADD PRIMARY KEY (`id`),
  ADD UNIQUE KEY `diamonds_id_unique` (`id`),
  ADD KEY `userid_from_users` (`user_id`),
  ADD KEY `clarity_typeid` (`clarity_type_id`),
  ADD KEY `cuttypesid` (`cut_type_id`),
  ADD KEY `shapeidfromshape` (`shape_id`),
  ADD KEY `intensityidfromintensity` (`intensity_id`),
  ADD KEY `florescenceidfromflore` (`florescence_type_id`),
  ADD KEY `certificatelab_id` (`certification_laboratory_id`),
  ADD KEY `brandidformbrands` (`brand_id`);

--
-- Indexes for table `diamond_images`
--
ALTER TABLE `diamond_images`
  ADD PRIMARY KEY (`id`);

--
-- Indexes for table `florescence_types`
--
ALTER TABLE `florescence_types`
  ADD PRIMARY KEY (`id`),
  ADD UNIQUE KEY `florescence_types_id_unique` (`id`);

--
-- Indexes for table `girdle_types`
--
ALTER TABLE `girdle_types`
  ADD PRIMARY KEY (`id`),
  ADD UNIQUE KEY `girdle_types_id_unique` (`id`);

--
-- Indexes for table `intensity`
--
ALTER TABLE `intensity`
  ADD PRIMARY KEY (`id`);

--
-- Indexes for table `migrations`
--
ALTER TABLE `migrations`
  ADD PRIMARY KEY (`id`);

--
-- Indexes for table `mines`
--
ALTER TABLE `mines`
  ADD PRIMARY KEY (`id`);

--
-- Indexes for table `notifications`
--
ALTER TABLE `notifications`
  ADD PRIMARY KEY (`id`),
  ADD KEY `notifications_notifiable_id_notifiable_type_index` (`notifiable_id`,`notifiable_type`);

--
-- Indexes for table `password_resets`
--
ALTER TABLE `password_resets`
  ADD KEY `password_resets_email_index` (`email`);

--
-- Indexes for table `permissions`
--
ALTER TABLE `permissions`
  ADD PRIMARY KEY (`id`),
  ADD UNIQUE KEY `permissions_slug_unique` (`slug`);

--
-- Indexes for table `permission_role`
--
ALTER TABLE `permission_role`
  ADD PRIMARY KEY (`id`),
  ADD KEY `permission_role_permission_id_index` (`permission_id`),
  ADD KEY `permission_role_role_id_index` (`role_id`);

--
-- Indexes for table `permission_user`
--
ALTER TABLE `permission_user`
  ADD PRIMARY KEY (`id`),
  ADD KEY `permission_user_permission_id_index` (`permission_id`),
  ADD KEY `permission_user_user_id_index` (`user_id`);

--
-- Indexes for table `polish_types`
--
ALTER TABLE `polish_types`
  ADD PRIMARY KEY (`id`),
  ADD UNIQUE KEY `polish_types_id_unique` (`id`);

--
-- Indexes for table `producer`
--
ALTER TABLE `producer`
  ADD PRIMARY KEY (`id`);

--
-- Indexes for table `producers`
--
ALTER TABLE `producers`
  ADD PRIMARY KEY (`id`);

--
-- Indexes for table `producer_images`
--
ALTER TABLE `producer_images`
  ADD PRIMARY KEY (`id`),
  ADD KEY `producerimagse` (`producer_id`);

--
-- Indexes for table `profiles`
--
ALTER TABLE `profiles`
  ADD PRIMARY KEY (`id`),
  ADD KEY `user_id` (`user_id`);

--
-- Indexes for table `provinces`
--
ALTER TABLE `provinces`
  ADD PRIMARY KEY (`id`);

--
-- Indexes for table `request_diamonds`
--
ALTER TABLE `request_diamonds`
  ADD PRIMARY KEY (`id`),
  ADD KEY `clarity_type_id_form clarrty` (`clarity_type_id`),
  ADD KEY `useridfrom_users` (`user_id`),
  ADD KEY `intensity_id_fromn` (`intensity_id`),
  ADD KEY `shap_idfromshapes` (`shape_id`),
  ADD KEY `florescence_type_id_fromflorance` (`florescence_type_id`),
  ADD KEY `certification_laboratory_id_from` (`certification_laboratory_id`),
  ADD KEY `brand_idfrombrands` (`brand_id`);

--
-- Indexes for table `roles`
--
ALTER TABLE `roles`
  ADD PRIMARY KEY (`id`),
  ADD UNIQUE KEY `roles_name_unique` (`name`),
  ADD UNIQUE KEY `roles_slug_unique` (`slug`);

--
-- Indexes for table `role_user`
--
ALTER TABLE `role_user`
  ADD PRIMARY KEY (`id`),
  ADD KEY `role_user_role_id_index` (`role_id`),
  ADD KEY `role_user_user_id_index` (`user_id`);

--
-- Indexes for table `sessions`
--
ALTER TABLE `sessions`
  ADD PRIMARY KEY (`id`),
  ADD UNIQUE KEY `sessions_id_unique` (`id`);

--
-- Indexes for table `shapes`
--
ALTER TABLE `shapes`
  ADD PRIMARY KEY (`id`),
  ADD UNIQUE KEY `shapes_id_unique` (`id`);

--
-- Indexes for table `site_content`
--
ALTER TABLE `site_content`
  ADD PRIMARY KEY (`id`);

--
-- Indexes for table `symmetry_types`
--
ALTER TABLE `symmetry_types`
  ADD PRIMARY KEY (`id`),
  ADD UNIQUE KEY `symmetry_types_id_unique` (`id`);

--
-- Indexes for table `temp_diamonds`
--
ALTER TABLE `temp_diamonds`
  ADD PRIMARY KEY (`id`);

--
-- Indexes for table `uploads`
--
ALTER TABLE `uploads`
  ADD PRIMARY KEY (`id`);

--
-- Indexes for table `upload_relations`
--
ALTER TABLE `upload_relations`
  ADD PRIMARY KEY (`id`);

--
-- Indexes for table `users`
--
ALTER TABLE `users`
  ADD PRIMARY KEY (`id`),
  ADD UNIQUE KEY `users_email_unique` (`email`);

--
-- AUTO_INCREMENT for dumped tables
--

--
-- AUTO_INCREMENT for table `admin`
--
ALTER TABLE `admin`
  MODIFY `id` int(11) NOT NULL AUTO_INCREMENT, AUTO_INCREMENT=2;
--
-- AUTO_INCREMENT for table `brands`
--
ALTER TABLE `brands`
  MODIFY `id` int(11) NOT NULL AUTO_INCREMENT, AUTO_INCREMENT=7;
--
-- AUTO_INCREMENT for table `certification_laboratories`
--
ALTER TABLE `certification_laboratories`
  MODIFY `id` int(10) UNSIGNED NOT NULL AUTO_INCREMENT, AUTO_INCREMENT=8;
--
-- AUTO_INCREMENT for table `clarity_types`
--
ALTER TABLE `clarity_types`
  MODIFY `id` int(10) UNSIGNED NOT NULL AUTO_INCREMENT, AUTO_INCREMENT=9;
--
-- AUTO_INCREMENT for table `colors`
--
ALTER TABLE `colors`
  MODIFY `id` int(10) UNSIGNED NOT NULL AUTO_INCREMENT, AUTO_INCREMENT=21;
--
-- AUTO_INCREMENT for table `company_type`
--
ALTER TABLE `company_type`
  MODIFY `id` int(11) NOT NULL AUTO_INCREMENT, AUTO_INCREMENT=7;
--
-- AUTO_INCREMENT for table `contact_us`
--
ALTER TABLE `contact_us`
  MODIFY `id` int(11) NOT NULL AUTO_INCREMENT, AUTO_INCREMENT=2;
--
-- AUTO_INCREMENT for table `countries`
--
ALTER TABLE `countries`
  MODIFY `id` int(11) NOT NULL AUTO_INCREMENT, AUTO_INCREMENT=247;
--
-- AUTO_INCREMENT for table `countries_bk`
--
ALTER TABLE `countries_bk`
  MODIFY `id` int(10) UNSIGNED NOT NULL AUTO_INCREMENT, AUTO_INCREMENT=254;
--
-- AUTO_INCREMENT for table `culet_types`
--
ALTER TABLE `culet_types`
  MODIFY `id` int(10) UNSIGNED NOT NULL AUTO_INCREMENT, AUTO_INCREMENT=8;
--
-- AUTO_INCREMENT for table `cut_types`
--
ALTER TABLE `cut_types`
  MODIFY `id` int(10) UNSIGNED NOT NULL AUTO_INCREMENT, AUTO_INCREMENT=5;
--
-- AUTO_INCREMENT for table `diamonds`
--
ALTER TABLE `diamonds`
  MODIFY `id` int(10) UNSIGNED NOT NULL AUTO_INCREMENT, AUTO_INCREMENT=99;
--
-- AUTO_INCREMENT for table `diamond_images`
--
ALTER TABLE `diamond_images`
  MODIFY `id` int(11) NOT NULL AUTO_INCREMENT, AUTO_INCREMENT=280;
--
-- AUTO_INCREMENT for table `florescence_types`
--
ALTER TABLE `florescence_types`
  MODIFY `id` int(10) UNSIGNED NOT NULL AUTO_INCREMENT, AUTO_INCREMENT=6;
--
-- AUTO_INCREMENT for table `girdle_types`
--
ALTER TABLE `girdle_types`
  MODIFY `id` int(10) UNSIGNED NOT NULL AUTO_INCREMENT, AUTO_INCREMENT=10;
--
-- AUTO_INCREMENT for table `intensity`
--
ALTER TABLE `intensity`
  MODIFY `id` int(11) NOT NULL AUTO_INCREMENT, AUTO_INCREMENT=10;
--
-- AUTO_INCREMENT for table `migrations`
--
ALTER TABLE `migrations`
  MODIFY `id` int(10) UNSIGNED NOT NULL AUTO_INCREMENT, AUTO_INCREMENT=36;
--
-- AUTO_INCREMENT for table `mines`
--
ALTER TABLE `mines`
  MODIFY `id` int(11) NOT NULL AUTO_INCREMENT, AUTO_INCREMENT=6;
--
-- AUTO_INCREMENT for table `permissions`
--
ALTER TABLE `permissions`
  MODIFY `id` int(10) UNSIGNED NOT NULL AUTO_INCREMENT;
--
-- AUTO_INCREMENT for table `permission_role`
--
ALTER TABLE `permission_role`
  MODIFY `id` int(10) UNSIGNED NOT NULL AUTO_INCREMENT;
--
-- AUTO_INCREMENT for table `permission_user`
--
ALTER TABLE `permission_user`
  MODIFY `id` int(10) UNSIGNED NOT NULL AUTO_INCREMENT;
--
-- AUTO_INCREMENT for table `polish_types`
--
ALTER TABLE `polish_types`
  MODIFY `id` int(10) UNSIGNED NOT NULL AUTO_INCREMENT, AUTO_INCREMENT=6;
--
-- AUTO_INCREMENT for table `producer`
--
ALTER TABLE `producer`
  MODIFY `id` int(11) NOT NULL AUTO_INCREMENT, AUTO_INCREMENT=6;
--
-- AUTO_INCREMENT for table `producers`
--
ALTER TABLE `producers`
  MODIFY `id` int(11) NOT NULL AUTO_INCREMENT, AUTO_INCREMENT=4;
--
-- AUTO_INCREMENT for table `producer_images`
--
ALTER TABLE `producer_images`
  MODIFY `id` int(11) NOT NULL AUTO_INCREMENT, AUTO_INCREMENT=12;
--
-- AUTO_INCREMENT for table `profiles`
--
ALTER TABLE `profiles`
  MODIFY `id` int(10) UNSIGNED NOT NULL AUTO_INCREMENT, AUTO_INCREMENT=32;
--
-- AUTO_INCREMENT for table `provinces`
--
ALTER TABLE `provinces`
  MODIFY `id` int(10) UNSIGNED NOT NULL AUTO_INCREMENT, AUTO_INCREMENT=4121;
--
-- AUTO_INCREMENT for table `request_diamonds`
--
ALTER TABLE `request_diamonds`
  MODIFY `id` int(11) NOT NULL AUTO_INCREMENT, AUTO_INCREMENT=22;
--
-- AUTO_INCREMENT for table `roles`
--
ALTER TABLE `roles`
  MODIFY `id` int(10) UNSIGNED NOT NULL AUTO_INCREMENT, AUTO_INCREMENT=7;
--
-- AUTO_INCREMENT for table `role_user`
--
ALTER TABLE `role_user`
  MODIFY `id` int(10) UNSIGNED NOT NULL AUTO_INCREMENT, AUTO_INCREMENT=55;
--
-- AUTO_INCREMENT for table `sessions`
--
ALTER TABLE `sessions`
  MODIFY `id` int(10) UNSIGNED NOT NULL AUTO_INCREMENT;
--
-- AUTO_INCREMENT for table `shapes`
--
ALTER TABLE `shapes`
  MODIFY `id` int(10) UNSIGNED NOT NULL AUTO_INCREMENT, AUTO_INCREMENT=11;
--
-- AUTO_INCREMENT for table `site_content`
--
ALTER TABLE `site_content`
  MODIFY `id` int(11) NOT NULL AUTO_INCREMENT, AUTO_INCREMENT=8;
--
-- AUTO_INCREMENT for table `symmetry_types`
--
ALTER TABLE `symmetry_types`
  MODIFY `id` int(10) UNSIGNED NOT NULL AUTO_INCREMENT, AUTO_INCREMENT=6;
--
-- AUTO_INCREMENT for table `temp_diamonds`
--
ALTER TABLE `temp_diamonds`
  MODIFY `id` int(10) UNSIGNED NOT NULL AUTO_INCREMENT;
--
-- AUTO_INCREMENT for table `uploads`
--
ALTER TABLE `uploads`
  MODIFY `id` int(10) UNSIGNED NOT NULL AUTO_INCREMENT;
--
-- AUTO_INCREMENT for table `upload_relations`
--
ALTER TABLE `upload_relations`
  MODIFY `id` int(10) UNSIGNED NOT NULL AUTO_INCREMENT;
--
-- AUTO_INCREMENT for table `users`
--
ALTER TABLE `users`
  MODIFY `id` int(10) UNSIGNED NOT NULL AUTO_INCREMENT, AUTO_INCREMENT=57;
--
-- Constraints for dumped tables
--

--
-- Constraints for table `diamonds`
--
ALTER TABLE `diamonds`
  ADD CONSTRAINT `brandidformbrands` FOREIGN KEY (`brand_id`) REFERENCES `brands` (`id`) ON DELETE CASCADE ON UPDATE CASCADE,
  ADD CONSTRAINT `certificatelab_id` FOREIGN KEY (`certification_laboratory_id`) REFERENCES `certification_laboratories` (`id`) ON DELETE CASCADE ON UPDATE CASCADE,
  ADD CONSTRAINT `clarity_typeid` FOREIGN KEY (`clarity_type_id`) REFERENCES `clarity_types` (`id`) ON DELETE CASCADE ON UPDATE CASCADE,
  ADD CONSTRAINT `cuttypesid` FOREIGN KEY (`cut_type_id`) REFERENCES `cut_types` (`id`) ON DELETE CASCADE ON UPDATE CASCADE,
  ADD CONSTRAINT `florescenceidfromflore` FOREIGN KEY (`florescence_type_id`) REFERENCES `florescence_types` (`id`) ON DELETE CASCADE ON UPDATE CASCADE,
  ADD CONSTRAINT `intensityidfromintensity` FOREIGN KEY (`intensity_id`) REFERENCES `intensity` (`id`) ON DELETE CASCADE ON UPDATE CASCADE,
  ADD CONSTRAINT `shapeidfromshape` FOREIGN KEY (`shape_id`) REFERENCES `shapes` (`id`) ON DELETE CASCADE ON UPDATE CASCADE,
  ADD CONSTRAINT `userid_from_users` FOREIGN KEY (`user_id`) REFERENCES `users` (`id`) ON DELETE CASCADE ON UPDATE CASCADE;

--
-- Constraints for table `permission_role`
--
ALTER TABLE `permission_role`
  ADD CONSTRAINT `permission_role_permission_id_foreign` FOREIGN KEY (`permission_id`) REFERENCES `permissions` (`id`) ON DELETE CASCADE,
  ADD CONSTRAINT `permission_role_role_id_foreign` FOREIGN KEY (`role_id`) REFERENCES `roles` (`id`) ON DELETE CASCADE;

--
-- Constraints for table `permission_user`
--
ALTER TABLE `permission_user`
  ADD CONSTRAINT `permission_user_permission_id_foreign` FOREIGN KEY (`permission_id`) REFERENCES `permissions` (`id`) ON DELETE CASCADE,
  ADD CONSTRAINT `permission_user_user_id_foreign` FOREIGN KEY (`user_id`) REFERENCES `users` (`id`) ON DELETE CASCADE;

--
-- Constraints for table `producer_images`
--
ALTER TABLE `producer_images`
  ADD CONSTRAINT `producerimagse` FOREIGN KEY (`producer_id`) REFERENCES `producers` (`id`) ON DELETE CASCADE ON UPDATE CASCADE;

--
-- Constraints for table `profiles`
--
ALTER TABLE `profiles`
  ADD CONSTRAINT `userid_fromusertable` FOREIGN KEY (`user_id`) REFERENCES `users` (`id`) ON DELETE CASCADE ON UPDATE CASCADE;

--
-- Constraints for table `request_diamonds`
--
ALTER TABLE `request_diamonds`
  ADD CONSTRAINT `shap_idfromshapes` FOREIGN KEY (`shape_id`) REFERENCES `shapes` (`id`) ON DELETE CASCADE ON UPDATE CASCADE,
  ADD CONSTRAINT `useridfrom_users` FOREIGN KEY (`user_id`) REFERENCES `users` (`id`) ON DELETE CASCADE ON UPDATE CASCADE;

--
-- Constraints for table `role_user`
--
ALTER TABLE `role_user`
  ADD CONSTRAINT `role_user_role_id_foreign` FOREIGN KEY (`role_id`) REFERENCES `roles` (`id`) ON DELETE CASCADE,
  ADD CONSTRAINT `role_user_user_id_foreign` FOREIGN KEY (`user_id`) REFERENCES `users` (`id`) ON DELETE CASCADE;
COMMIT;

/*!40101 SET CHARACTER_SET_CLIENT=@OLD_CHARACTER_SET_CLIENT */;
/*!40101 SET CHARACTER_SET_RESULTS=@OLD_CHARACTER_SET_RESULTS */;
/*!40101 SET COLLATION_CONNECTION=@OLD_COLLATION_CONNECTION */;
